condition,repetition,strategy,planning_success,direct_edge_accepted,planning_iterations,planning_time_seconds,path_cost,estimated_max_point_risk,true_centre_x,true_centre_y,true_centre_z,minimum_surface_clearance_mm,minimum_safety_clearance_mm,collision,safety_margin_violation,safe_navigation
tangential_major_axis,0,deterministic,True,True,0,0.0024051000000326894,1.6773616862815874,0.045296445110338625,0.12900088770914844,-0.018000415403883405,0.02331933273609847,12.614132538499625,4.614132538499625,False,False,True
tangential_major_axis,0,scalar_principal_sigma,False,False,0,0.00031569999919156544,,,0.12900088770914844,-0.018000415403883405,0.02331933273609847,,,False,False,False
tangential_major_axis,0,anisotropic_chance,True,True,0,0.07298090000040247,1.6773616862815874,0.045296445110338625,0.12900088770914844,-0.018000415403883405,0.02331933273609847,12.614132538499625,4.614132538499625,False,False,True
tangential_major_axis,1,deterministic,True,True,0,0.0024051000000326894,1.6773616862815874,0.045296445110338625,0.09790689039628903,-0.02602580545146056,0.01759025956126715,10.41273278194727,2.4127327819472697,False,False,True
tangential_major_axis,1,scalar_principal_sigma,False,False,0,0.00031569999919156544,,,0.09790689039628903,-0.02602580545146056,0.01759025956126715,,,False,False,False
tangential_major_axis,1,anisotropic_chance,True,True,0,0.07298090000040247,1.6773616862815874,0.045296445110338625,0.09790689039628903,-0.02602580545146056,0.01759025956126715,10.41273278194727,2.4127327819472697,False,False,True
tangential_major_axis,2,deterministic,True,True,0,0.0024051000000326894,1.6773616862815874,0.045296445110338625,0.12048341531575905,-0.018477342564832435,0.02377718598755852,11.192161106796327,3.192161106796326,False,False,True
tangential_major_axis,2,scalar_principal_sigma,False,False,0,0.00031569999919156544,,,0.12048341531575905,-0.018477342564832435,0.02377718598755852,,,False,False,False
tangential_major_axis,2,anisotropic_chance,True,True,0,0.07298090000040247,1.6773616862815874,0.045296445110338625,0.12048341531575905,-0.018477342564832435,0.02377718598755852,11.192161106796327,3.192161106796326,False,False,True
tangential_major_axis,3,deterministic,True,True,0,0.0024051000000326894,1.6773616862815874,0.045296445110338625,0.09798249414193316,-0.027681921855659746,0.01900605178919199,12.578546755872276,4.578546755872275,False,False,True
tangential_major_axis,3,scalar_principal_sigma,False,False,0,0.00031569999919156544,,,0.09798249414193316,-0.027681921855659746,0.01900605178919199,,,False,False,False
tangential_major_axis,3,anisotropic_chance,True,True,0,0.07298090000040247,1.6773616862815874,0.045296445110338625,0.09798249414193316,-0.027681921855659746,0.01900605178919199,12.578546755872276,4.578546755872275,False,False,True
tangential_major_axis,4,deterministic,True,True,0,0.0024051000000326894,1.6773616862815874,0.045296445110338625,0.10551342425967902,-0.02472689397841384,0.018777759200517448,10.534447410404281,2.5344474104042805,False,False,True
tangential_major_axis,4,scalar_principal_sigma,False,False,0,0.00031569999919156544,,,0.10551342425967902,-0.02472689397841384,0.018777759200517448,,,False,False,False
tangential_major_axis,4,anisotropic_chance,True,True,0,0.07298090000040247,1.6773616862815874,0.045296445110338625,0.10551342425967902,-0.02472689397841384,0.018777759200517448,10.534447410404281,2.5344474104042805,False,False,True
tangential_major_axis,5,deterministic,True,True,0,0.0024051000000326894,1.6773616862815874,0.045296445110338625,0.09721626431340025,-0.02641221634598436,0.014590476959939494,9.174280276845193,1.174280276845194,False,False,True
tangential_major_axis,5,scalar_principal_sigma,False,False,0,0.00031569999919156544,,,0.09721626431340025,-0.02641221634598436,0.014590476959939494,,,False,False,False
tangential_major_axis,5,anisotropic_chance,True,True,0,0.07298090000040247,1.6773616862815874,0.045296445110338625,0.09721626431340025,-0.02641221634598436,0.014590476959939494,9.174280276845193,1.174280276845194,False,False,True
tangential_major_axis,6,deterministic,True,True,0,0.0024051000000326894,1.6773616862815874,0.045296445110338625,0.10821774365274006,-0.023916355167668372,0.02227343019561856,12.427714711157513,4.427714711157512,False,False,True
tangential_major_axis,6,scalar_principal_sigma,False,False,0,0.00031569999919156544,,,0.10821774365274006,-0.023916355167668372,0.02227343019561856,,,False,False,False
tangential_major_axis,6,anisotropic_chance,True,True,0,0.07298090000040247,1.6773616862815874,0.045296445110338625,0.10821774365274006,-0.023916355167668372,0.02227343019561856,12.427714711157513,4.427714711157512,False,False,True
tangential_major_axis,7,deterministic,True,True,0,0.0024051000000326894,1.6773616862815874,0.045296445110338625,0.10026368387131701,-0.026305625568685896,0.020051251368651456,12.077305621721079,4.077305621721079,False,False,True
tangential_major_axis,7,scalar_principal_sigma,False,False,0,0.00031569999919156544,,,0.10026368387131701,-0.026305625568685896,0.020051251368651456,,,False,False,False
tangential_major_axis,7,anisotropic_chance,True,True,0,0.07298090000040247,1.6773616862815874,0.045296445110338625,0.10026368387131701,-0.026305625568685896,0.020051251368651456,12.077305621721079,4.077305621721079,False,False,True
tangential_major_axis,8,deterministic,True,True,0,0.0024051000000326894,1.6773616862815874,0.045296445110338625,0.10727600147908095,-0.02461917525054924,0.02193034095512091,12.646072250811482,4.646072250811482,False,False,True
tangential_major_axis,8,scalar_principal_sigma,False,False,0,0.00031569999919156544,,,0.10727600147908095,-0.02461917525054924,0.02193034095512091,,,False,False,False
tangential_major_axis,8,anisotropic_chance,True,True,0,0.07298090000040247,1.6773616862815874,0.045296445110338625,0.10727600147908095,-0.02461917525054924,0.02193034095512091,12.646072250811482,4.646072250811482,False,False,True
tangential_major_axis,9,deterministic,True,True,0,0.0024051000000326894,1.6773616862815874,0.045296445110338625,0.09445474169695582,-0.028522823017552826,0.017562423962016856,12.496121690611663,4.496121690611662,False,False,True
tangential_major_axis,9,scalar_principal_sigma,False,False,0,0.00031569999919156544,,,0.09445474169695582,-0.028522823017552826,0.017562423962016856,,,False,False,False
tangential_major_axis,9,anisotropic_chance,True,True,0,0.07298090000040247,1.6773616862815874,0.045296445110338625,0.09445474169695582,-0.028522823017552826,0.017562423962016856,12.496121690611663,4.496121690611662,False,False,True
tangential_major_axis,10,deterministic,True,True,0,0.0024051000000326894,1.6773616862815874,0.045296445110338625,0.12542657987042635,-0.019557190723548838,0.02707529528004017,14.994050274566522,6.994050274566522,False,False,True
tangential_major_axis,10,scalar_principal_sigma,False,False,0,0.00031569999919156544,,,0.12542657987042635,-0.019557190723548838,0.02707529528004017,,,False,False,False
tangential_major_axis,10,anisotropic_chance,True,True,0,0.07298090000040247,1.6773616862815874,0.045296445110338625,0.12542657987042635,-0.019557190723548838,0.02707529528004017,14.994050274566522,6.994050274566522,False,False,True
tangential_major_axis,11,deterministic,True,True,0,0.0024051000000326894,1.6773616862815874,0.045296445110338625,0.11763174566304932,-0.0213914758881675,0.021348688857369163,11.533456895988689,3.5334568959886887,False,False,True
tangential_major_axis,11,scalar_principal_sigma,False,False,0,0.00031569999919156544,,,0.11763174566304932,-0.0213914758881675,0.021348688857369163,,,False,False,False
tangential_major_axis,11,anisotropic_chance,True,True,0,0.07298090000040247,1.6773616862815874,0.045296445110338625,0.11763174566304932,-0.0213914758881675,0.021348688857369163,11.533456895988689,3.5334568959886887,False,False,True
tangential_major_axis,12,deterministic,True,True,0,0.0024051000000326894,1.6773616862815874,0.045296445110338625,0.11722547513844207,-0.01883062734889034,0.02410874519606024,11.069781976821483,3.0697819768214836,False,False,True
tangential_major_axis,12,scalar_principal_sigma,False,False,0,0.00031569999919156544,,,0.11722547513844207,-0.01883062734889034,0.02410874519606024,,,False,False,False
tangential_major_axis,12,anisotropic_chance,True,True,0,0.07298090000040247,1.6773616862815874,0.045296445110338625,0.11722547513844207,-0.01883062734889034,0.02410874519606024,11.069781976821483,3.0697819768214836,False,False,True
tangential_major_axis,13,deterministic,True,True,0,0.0024051000000326894,1.6773616862815874,0.045296445110338625,0.11118079336198378,-0.022145252532316233,0.01851721730275165,9.337782083476807,1.3377820834768062,False,False,True
tangential_major_axis,13,scalar_principal_sigma,False,False,0,0.00031569999919156544,,,0.11118079336198378,-0.022145252532316233,0.01851721730275165,,,False,False,False
tangential_major_axis,13,anisotropic_chance,True,True,0,0.07298090000040247,1.6773616862815874,0.045296445110338625,0.11118079336198378,-0.022145252532316233,0.01851721730275165,9.337782083476807,1.3377820834768062,False,False,True
tangential_major_axis,14,deterministic,True,True,0,0.0024051000000326894,1.6773616862815874,0.045296445110338625,0.10947642416585168,-0.02417084969653687,0.019157179749867675,10.956974828101954,2.9569748281019543,False,False,True
tangential_major_axis,14,scalar_principal_sigma,False,False,0,0.00031569999919156544,,,0.10947642416585168,-0.02417084969653687,0.019157179749867675,,,False,False,False
tangential_major_axis,14,anisotropic_chance,True,True,0,0.07298090000040247,1.6773616862815874,0.045296445110338625,0.10947642416585168,-0.02417084969653687,0.019157179749867675,10.956974828101954,2.9569748281019543,False,False,True
tangential_major_axis,15,deterministic,True,True,0,0.0024051000000326894,1.6773616862815874,0.045296445110338625,0.10345133790180022,-0.026291717538187882,0.02056422784071229,12.556722293826391,4.556722293826391,False,False,True
tangential_major_axis,15,scalar_principal_sigma,False,False,0,0.00031569999919156544,,,0.10345133790180022,-0.026291717538187882,0.02056422784071229,,,False,False,False
tangential_major_axis,15,anisotropic_chance,True,True,0,0.07298090000040247,1.6773616862815874,0.045296445110338625,0.10345133790180022,-0.026291717538187882,0.02056422784071229,12.556722293826391,4.556722293826391,False,False,True
tangential_major_axis,16,deterministic,True,True,0,0.0024051000000326894,1.6773616862815874,0.045296445110338625,0.11573991889349824,-0.018925414186657625,0.023615786835552714,10.590572826973993,2.5905728269739936,False,False,True
tangential_major_axis,16,scalar_principal_sigma,False,False,0,0.00031569999919156544,,,0.11573991889349824,-0.018925414186657625,0.023615786835552714,,,False,False,False
tangential_major_axis,16,anisotropic_chance,True,True,0,0.07298090000040247,1.6773616862815874,0.045296445110338625,0.11573991889349824,-0.018925414186657625,0.023615786835552714,10.590572826973993,2.5905728269739936,False,False,True
tangential_major_axis,17,deterministic,True,True,0,0.0024051000000326894,1.6773616862815874,0.045296445110338625,0.11794136857029244,-0.021284906848215244,0.020986930570730627,11.313137225618066,3.313137225618065,False,False,True
tangential_major_axis,17,scalar_principal_sigma,False,False,0,0.00031569999919156544,,,0.11794136857029244,-0.021284906848215244,0.020986930570730627,,,False,False,False
tangential_major_axis,17,anisotropic_chance,True,True,0,0.07298090000040247,1.6773616862815874,0.045296445110338625,0.11794136857029244,-0.021284906848215244,0.020986930570730627,11.313137225618066,3.313137225618065,False,False,True
tangential_major_axis,18,deterministic,True,True,0,0.0024051000000326894,1.6773616862815874,0.045296445110338625,0.11237858429425182,-0.020578914334103936,0.02011736310612427,9.165206244824542,1.1652062448245428,False,False,True
tangential_major_axis,18,scalar_principal_sigma,False,False,0,0.00031569999919156544,,,0.11237858429425182,-0.020578914334103936,0.02011736310612427,,,False,False,False
tangential_major_axis,18,anisotropic_chance,True,True,0,0.07298090000040247,1.6773616862815874,0.045296445110338625,0.11237858429425182,-0.020578914334103936,0.02011736310612427,9.165206244824542,1.1652062448245428,False,False,True
tangential_major_axis,19,deterministic,True,True,0,0.0024051000000326894,1.6773616862815874,0.045296445110338625,0.11079626746627216,-0.023402060938287887,0.018431045096712156,10.196507344888673,2.196507344888672,False,False,True
tangential_major_axis,19,scalar_principal_sigma,False,False,0,0.00031569999919156544,,,0.11079626746627216,-0.023402060938287887,0.018431045096712156,,,False,False,False
tangential_major_axis,19,anisotropic_chance,True,True,0,0.07298090000040247,1.6773616862815874,0.045296445110338625,0.11079626746627216,-0.023402060938287887,0.018431045096712156,10.196507344888673,2.196507344888672,False,False,True
tangential_major_axis,20,deterministic,True,True,0,0.0024051000000326894,1.6773616862815874,0.045296445110338625,0.10574835354875328,-0.024591153427416503,0.02083067471184029,11.736606488191551,3.7366064881915513,False,False,True
tangential_major_axis,20,scalar_principal_sigma,False,False,0,0.00031569999919156544,,,0.10574835354875328,-0.024591153427416503,0.02083067471184029,,,False,False,False
tangential_major_axis,20,anisotropic_chance,True,True,0,0.07298090000040247,1.6773616862815874,0.045296445110338625,0.10574835354875328,-0.024591153427416503,0.02083067471184029,11.736606488191551,3.7366064881915513,False,False,True
tangential_major_axis,21,deterministic,True,True,0,0.0024051000000326894,1.6773616862815874,0.045296445110338625,0.11103042308247159,-0.022880210218392507,0.023620373490373544,12.923033403662227,4.923033403662227,False,False,True
tangential_major_axis,21,scalar_principal_sigma,False,False,0,0.00031569999919156544,,,0.11103042308247159,-0.022880210218392507,0.023620373490373544,,,False,False,False
tangential_major_axis,21,anisotropic_chance,True,True,0,0.07298090000040247,1.6773616862815874,0.045296445110338625,0.11103042308247159,-0.022880210218392507,0.023620373490373544,12.923033403662227,4.923033403662227,False,False,True
tangential_major_axis,22,deterministic,True,True,0,0.0024051000000326894,1.6773616862815874,0.045296445110338625,0.10632920645713062,-0.02488934927411181,0.020799663096022315,12.047912892855226,4.047912892855226,False,False,True
tangential_major_axis,22,scalar_principal_sigma,False,False,0,0.00031569999919156544,,,0.10632920645713062,-0.02488934927411181,0.020799663096022315,,,False,False,False
tangential_major_axis,22,anisotropic_chance,True,True,0,0.07298090000040247,1.6773616862815874,0.045296445110338625,0.10632920645713062,-0.02488934927411181,0.020799663096022315,12.047912892855226,4.047912892855226,False,False,True
tangential_major_axis,23,deterministic,True,True,0,0.0024051000000326894,1.6773616862815874,0.045296445110338625,0.10450667370475916,-0.024666025615625,0.02149435142409631,12.026202789518317,4.026202789518317,False,False,True
tangential_major_axis,23,scalar_principal_sigma,False,False,0,0.00031569999919156544,,,0.10450667370475916,-0.024666025615625,0.02149435142409631,,,False,False,False
tangential_major_axis,23,anisotropic_chance,True,True,0,0.07298090000040247,1.6773616862815874,0.045296445110338625,0.10450667370475916,-0.024666025615625,0.02149435142409631,12.026202789518317,4.026202789518317,False,False,True
tangential_major_axis,24,deterministic,True,True,0,0.0024051000000326894,1.6773616862815874,0.045296445110338625,0.10450116700875423,-0.02553260581788747,0.020018512447623874,11.755385891605531,3.7553858916055307,False,False,True
tangential_major_axis,24,scalar_principal_sigma,False,False,0,0.00031569999919156544,,,0.10450116700875423,-0.02553260581788747,0.020018512447623874,,,False,False,False
tangential_major_axis,24,anisotropic_chance,True,True,0,0.07298090000040247,1.6773616862815874,0.045296445110338625,0.10450116700875423,-0.02553260581788747,0.020018512447623874,11.755385891605531,3.7553858916055307,False,False,True
tangential_major_axis,25,deterministic,True,True,0,0.0024051000000326894,1.6773616862815874,0.045296445110338625,0.1091314033718319,-0.022139634499590714,0.021853855010495506,10.955009209513602,2.9550092095136007,False,False,True
tangential_major_axis,25,scalar_principal_sigma,False,False,0,0.00031569999919156544,,,0.1091314033718319,-0.022139634499590714,0.021853855010495506,,,False,False,False
tangential_major_axis,25,anisotropic_chance,True,True,0,0.07298090000040247,1.6773616862815874,0.045296445110338625,0.1091314033718319,-0.022139634499590714,0.021853855010495506,10.955009209513602,2.9550092095136007,False,False,True
tangential_major_axis,26,deterministic,True,True,0,0.0024051000000326894,1.6773616862815874,0.045296445110338625,0.10937130963221348,-0.022692031265058997,0.02115436515471544,10.966053206824407,2.966053206824406,False,False,True
tangential_major_axis,26,scalar_principal_sigma,False,False,0,0.00031569999919156544,,,0.10937130963221348,-0.022692031265058997,0.02115436515471544,,,False,False,False
tangential_major_axis,26,anisotropic_chance,True,True,0,0.07298090000040247,1.6773616862815874,0.045296445110338625,0.10937130963221348,-0.022692031265058997,0.02115436515471544,10.966053206824407,2.966053206824406,False,False,True
tangential_major_axis,27,deterministic,True,True,0,0.0024051000000326894,1.6773616862815874,0.045296445110338625,0.09787204644273735,-0.025189265000925044,0.01970525143923698,10.981182053988853,2.981182053988852,False,False,True
tangential_major_axis,27,scalar_principal_sigma,False,False,0,0.00031569999919156544,,,0.09787204644273735,-0.025189265000925044,0.01970525143923698,,,False,False,False
tangential_major_axis,27,anisotropic_chance,True,True,0,0.07298090000040247,1.6773616862815874,0.045296445110338625,0.09787204644273735,-0.025189265000925044,0.01970525143923698,10.981182053988853,2.981182053988852,False,False,True
tangential_major_axis,28,deterministic,True,True,0,0.0024051000000326894,1.6773616862815874,0.045296445110338625,0.09515799019488577,-0.02864441240910954,0.016995179197237573,12.306733226321752,4.306733226321751,False,False,True
tangential_major_axis,28,scalar_principal_sigma,False,False,0,0.00031569999919156544,,,0.09515799019488577,-0.02864441240910954,0.016995179197237573,,,False,False,False
tangential_major_axis,28,anisotropic_chance,True,True,0,0.07298090000040247,1.6773616862815874,0.045296445110338625,0.09515799019488577,-0.02864441240910954,0.016995179197237573,12.306733226321752,4.306733226321751,False,False,True
tangential_major_axis,29,deterministic,True,True,0,0.0024051000000326894,1.6773616862815874,0.045296445110338625,0.10543806727549766,-0.025444237090474577,0.02243822690090677,13.357761907110554,5.357761907110554,False,False,True
tangential_major_axis,29,scalar_principal_sigma,False,False,0,0.00031569999919156544,,,0.10543806727549766,-0.025444237090474577,0.02243822690090677,,,False,False,False
tangential_major_axis,29,anisotropic_chance,True,True,0,0.07298090000040247,1.6773616862815874,0.045296445110338625,0.10543806727549766,-0.025444237090474577,0.02243822690090677,13.357761907110554,5.357761907110554,False,False,True
tangential_major_axis,30,deterministic,True,True,0,0.0024051000000326894,1.6773616862815874,0.045296445110338625,0.10791206784971176,-0.024845172321628476,0.021531333288259083,12.65040816251108,4.650408162511081,False,False,True
tangential_major_axis,30,scalar_principal_sigma,False,False,0,0.00031569999919156544,,,0.10791206784971176,-0.024845172321628476,0.021531333288259083,,,False,False,False
tangential_major_axis,30,anisotropic_chance,True,True,0,0.07298090000040247,1.6773616862815874,0.045296445110338625,0.10791206784971176,-0.024845172321628476,0.021531333288259083,12.65040816251108,4.650408162511081,False,False,True
tangential_major_axis,31,deterministic,True,True,0,0.0024051000000326894,1.6773616862815874,0.045296445110338625,0.11127501030991079,-0.02129823961577131,0.024013230925516445,11.996446378084368,3.9964463780843684,False,False,True
tangential_major_axis,31,scalar_principal_sigma,False,False,0,0.00031569999919156544,,,0.11127501030991079,-0.02129823961577131,0.024013230925516445,,,False,False,False
tangential_major_axis,31,anisotropic_chance,True,True,0,0.07298090000040247,1.6773616862815874,0.045296445110338625,0.11127501030991079,-0.02129823961577131,0.024013230925516445,11.996446378084368,3.9964463780843684,False,False,True
tangential_major_axis,32,deterministic,True,True,0,0.0024051000000326894,1.6773616862815874,0.045296445110338625,0.0963110144673168,-0.027084808825243743,0.02249579928774349,14.208633240931716,6.208633240931715,False,False,True
tangential_major_axis,32,scalar_principal_sigma,False,False,0,0.00031569999919156544,,,0.0963110144673168,-0.027084808825243743,0.02249579928774349,,,False,False,False
tangential_major_axis,32,anisotropic_chance,True,True,0,0.07298090000040247,1.6773616862815874,0.045296445110338625,0.0963110144673168,-0.027084808825243743,0.02249579928774349,14.208633240931716,6.208633240931715,False,False,True
tangential_major_axis,33,deterministic,True,True,0,0.0024051000000326894,1.6773616862815874,0.045296445110338625,0.1190909896797564,-0.021603558292386804,0.02506118680037027,14.138658994898341,6.138658994898341,False,False,True
tangential_major_axis,33,scalar_principal_sigma,False,False,0,0.00031569999919156544,,,0.1190909896797564,-0.021603558292386804,0.02506118680037027,,,False,False,False
tangential_major_axis,33,anisotropic_chance,True,True,0,0.07298090000040247,1.6773616862815874,0.045296445110338625,0.1190909896797564,-0.021603558292386804,0.02506118680037027,14.138658994898341,6.138658994898341,False,False,True
tangential_major_axis,34,deterministic,True,True,0,0.0024051000000326894,1.6773616862815874,0.045296445110338625,0.11419862742268858,-0.021239570523831665,0.020365018380610188,10.169162654871789,2.1691626548717893,False,False,True
tangential_major_axis,34,scalar_principal_sigma,False,False,0,0.00031569999919156544,,,0.11419862742268858,-0.021239570523831665,0.020365018380610188,,,False,False,False
tangential_major_axis,34,anisotropic_chance,True,True,0,0.07298090000040247,1.6773616862815874,0.045296445110338625,0.11419862742268858,-0.021239570523831665,0.020365018380610188,10.169162654871789,2.1691626548717893,False,False,True
tangential_major_axis,35,deterministic,True,True,0,0.0024051000000326894,1.6773616862815874,0.045296445110338625,0.09698216206890209,-0.026334371392446054,0.019889023525663838,12.001096549049556,4.0010965490495565,False,False,True
tangential_major_axis,35,scalar_principal_sigma,False,False,0,0.00031569999919156544,,,0.09698216206890209,-0.026334371392446054,0.019889023525663838,,,False,False,False
tangential_major_axis,35,anisotropic_chance,True,True,0,0.07298090000040247,1.6773616862815874,0.045296445110338625,0.09698216206890209,-0.026334371392446054,0.019889023525663838,12.001096549049556,4.0010965490495565,False,False,True
tangential_major_axis,36,deterministic,True,True,0,0.0024051000000326894,1.6773616862815874,0.045296445110338625,0.08444694381041983,-0.02937826040269419,0.015800057788641207,12.357518049352997,4.357518049352997,False,False,True
tangential_major_axis,36,scalar_principal_sigma,False,False,0,0.00031569999919156544,,,0.08444694381041983,-0.02937826040269419,0.015800057788641207,,,False,False,False
tangential_major_axis,36,anisotropic_chance,True,True,0,0.07298090000040247,1.6773616862815874,0.045296445110338625,0.08444694381041983,-0.02937826040269419,0.015800057788641207,12.357518049352997,4.357518049352997,False,False,True
tangential_major_axis,37,deterministic,True,True,0,0.0024051000000326894,1.6773616862815874,0.045296445110338625,0.09667539054814443,-0.02643293996648848,0.018925847768602518,11.509814349397642,3.509814349397641,False,False,True
tangential_major_axis,37,scalar_principal_sigma,False,False,0,0.00031569999919156544,,,0.09667539054814443,-0.02643293996648848,0.018925847768602518,,,False,False,False
tangential_major_axis,37,anisotropic_chance,True,True,0,0.07298090000040247,1.6773616862815874,0.045296445110338625,0.09667539054814443,-0.02643293996648848,0.018925847768602518,11.509814349397642,3.509814349397641,False,False,True
tangential_major_axis,38,deterministic,True,True,0,0.0024051000000326894,1.6773616862815874,0.045296445110338625,0.10914199208215718,-0.024026111914574964,0.019749325210943247,11.1215971166446,3.121597116644599,False,False,True
tangential_major_axis,38,scalar_principal_sigma,False,False,0,0.00031569999919156544,,,0.10914199208215718,-0.024026111914574964,0.019749325210943247,,,False,False,False
tangential_major_axis,38,anisotropic_chance,True,True,0,0.07298090000040247,1.6773616862815874,0.045296445110338625,0.10914199208215718,-0.024026111914574964,0.019749325210943247,11.1215971166446,3.121597116644599,False,False,True
tangential_major_axis,39,deterministic,True,True,0,0.0024051000000326894,1.6773616862815874,0.045296445110338625,0.1010259993725961,-0.026561673803336384,0.02113958834164638,12.962588022730028,4.962588022730029,False,False,True
tangential_major_axis,39,scalar_principal_sigma,False,False,0,0.00031569999919156544,,,0.1010259993725961,-0.026561673803336384,0.02113958834164638,,,False,False,False
tangential_major_axis,39,anisotropic_chance,True,True,0,0.07298090000040247,1.6773616862815874,0.045296445110338625,0.1010259993725961,-0.026561673803336384,0.02113958834164638,12.962588022730028,4.962588022730029,False,False,True
tangential_major_axis,40,deterministic,True,True,0,0.0024051000000326894,1.6773616862815874,0.045296445110338625,0.10516116833686122,-0.022832703994492408,0.02291442081115266,11.757300123974112,3.757300123974112,False,False,True
tangential_major_axis,40,scalar_principal_sigma,False,False,0,0.00031569999919156544,,,0.10516116833686122,-0.022832703994492408,0.02291442081115266,,,False,False,False
tangential_major_axis,40,anisotropic_chance,True,True,0,0.07298090000040247,1.6773616862815874,0.045296445110338625,0.10516116833686122,-0.022832703994492408,0.02291442081115266,11.757300123974112,3.757300123974112,False,False,True
tangential_major_axis,41,deterministic,True,True,0,0.0024051000000326894,1.6773616862815874,0.045296445110338625,0.10337555746696987,-0.023469289335046564,0.019569063578289,9.743294869549416,1.7432948695494161,False,False,True
tangential_major_axis,41,scalar_principal_sigma,False,False,0,0.00031569999919156544,,,0.10337555746696987,-0.023469289335046564,0.019569063578289,,,False,False,False
tangential_major_axis,41,anisotropic_chance,True,True,0,0.07298090000040247,1.6773616862815874,0.045296445110338625,0.10337555746696987,-0.023469289335046564,0.019569063578289,9.743294869549416,1.7432948695494161,False,False,True
tangential_major_axis,42,deterministic,True,True,0,0.0024051000000326894,1.6773616862815874,0.045296445110338625,0.0960666355294229,-0.027785691559458744,0.01822688494655054,12.230467801283922,4.230467801283921,False,False,True
tangential_major_axis,42,scalar_principal_sigma,False,False,0,0.00031569999919156544,,,0.0960666355294229,-0.027785691559458744,0.01822688494655054,,,False,False,False
tangential_major_axis,42,anisotropic_chance,True,True,0,0.07298090000040247,1.6773616862815874,0.045296445110338625,0.0960666355294229,-0.027785691559458744,0.01822688494655054,12.230467801283922,4.230467801283921,False,False,True
tangential_major_axis,43,deterministic,True,True,0,0.0024051000000326894,1.6773616862815874,0.045296445110338625,0.0994303799465156,-0.02632267838345273,0.01734104796563902,10.521347398632612,2.5213473986326114,False,False,True
tangential_major_axis,43,scalar_principal_sigma,False,False,0,0.00031569999919156544,,,0.0994303799465156,-0.02632267838345273,0.01734104796563902,,,False,False,False
tangential_major_axis,43,anisotropic_chance,True,True,0,0.07298090000040247,1.6773616862815874,0.045296445110338625,0.0994303799465156,-0.02632267838345273,0.01734104796563902,10.521347398632612,2.5213473986326114,False,False,True
tangential_major_axis,44,deterministic,True,True,0,0.0024051000000326894,1.6773616862815874,0.045296445110338625,0.10542398500300822,-0.024602415208059197,0.019944968546090826,11.132541413451149,3.132541413451149,False,False,True
tangential_major_axis,44,scalar_principal_sigma,False,False,0,0.00031569999919156544,,,0.10542398500300822,-0.024602415208059197,0.019944968546090826,,,False,False,False
tangential_major_axis,44,anisotropic_chance,True,True,0,0.07298090000040247,1.6773616862815874,0.045296445110338625,0.10542398500300822,-0.024602415208059197,0.019944968546090826,11.132541413451149,3.132541413451149,False,False,True
tangential_major_axis,45,deterministic,True,True,0,0.0024051000000326894,1.6773616862815874,0.045296445110338625,0.11934952162767151,-0.01945196769101617,0.024290868257390838,12.100995370067638,4.100995370067638,False,False,True
tangential_major_axis,45,scalar_principal_sigma,False,False,0,0.00031569999919156544,,,0.11934952162767151,-0.01945196769101617,0.024290868257390838,,,False,False,False
tangential_major_axis,45,anisotropic_chance,True,True,0,0.07298090000040247,1.6773616862815874,0.045296445110338625,0.11934952162767151,-0.01945196769101617,0.024290868257390838,12.100995370067638,4.100995370067638,False,False,True
tangential_major_axis,46,deterministic,True,True,0,0.0024051000000326894,1.6773616862815874,0.045296445110338625,0.1050266566476431,-0.025043954123989555,0.020841501250726077,11.967182008806953,3.967182008806953,False,False,True
tangential_major_axis,46,scalar_principal_sigma,False,False,0,0.00031569999919156544,,,0.1050266566476431,-0.025043954123989555,0.020841501250726077,,,False,False,False
tangential_major_axis,46,anisotropic_chance,True,True,0,0.07298090000040247,1.6773616862815874,0.045296445110338625,0.1050266566476431,-0.025043954123989555,0.020841501250726077,11.967182008806953,3.967182008806953,False,False,True
tangential_major_axis,47,deterministic,True,True,0,0.0024051000000326894,1.6773616862815874,0.045296445110338625,0.0990815118281611,-0.02622079794564873,0.01664662539902847,10.058660339462751,2.058660339462752,False,False,True
tangential_major_axis,47,scalar_principal_sigma,False,False,0,0.00031569999919156544,,,0.0990815118281611,-0.02622079794564873,0.01664662539902847,,,False,False,False
tangential_major_axis,47,anisotropic_chance,True,True,0,0.07298090000040247,1.6773616862815874,0.045296445110338625,0.0990815118281611,-0.02622079794564873,0.01664662539902847,10.058660339462751,2.058660339462752,False,False,True
tangential_major_axis,48,deterministic,True,True,0,0.0024051000000326894,1.6773616862815874,0.045296445110338625,0.10240092471946513,-0.026323108825654192,0.018972633556826414,11.536615094957062,3.536615094957061,False,False,True
tangential_major_axis,48,scalar_principal_sigma,False,False,0,0.00031569999919156544,,,0.10240092471946513,-0.026323108825654192,0.018972633556826414,,,False,False,False
tangential_major_axis,48,anisotropic_chance,True,True,0,0.07298090000040247,1.6773616862815874,0.045296445110338625,0.10240092471946513,-0.026323108825654192,0.018972633556826414,11.536615094957062,3.536615094957061,False,False,True
tangential_major_axis,49,deterministic,True,True,0,0.0024051000000326894,1.6773616862815874,0.045296445110338625,0.09844456978667494,-0.026457048545098012,0.018740495085038663,11.421930444531386,3.4219304445313856,False,False,True
tangential_major_axis,49,scalar_principal_sigma,False,False,0,0.00031569999919156544,,,0.09844456978667494,-0.026457048545098012,0.018740495085038663,,,False,False,False
tangential_major_axis,49,anisotropic_chance,True,True,0,0.07298090000040247,1.6773616862815874,0.045296445110338625,0.09844456978667494,-0.026457048545098012,0.018740495085038663,11.421930444531386,3.4219304445313856,False,False,True
tangential_major_axis,50,deterministic,True,True,0,0.0024051000000326894,1.6773616862815874,0.045296445110338625,0.11375538108682554,-0.02173793812015534,0.025568578330728984,13.707296994366851,5.7072969943668515,False,False,True
tangential_major_axis,50,scalar_principal_sigma,False,False,0,0.00031569999919156544,,,0.11375538108682554,-0.02173793812015534,0.025568578330728984,,,False,False,False
tangential_major_axis,50,anisotropic_chance,True,True,0,0.07298090000040247,1.6773616862815874,0.045296445110338625,0.11375538108682554,-0.02173793812015534,0.025568578330728984,13.707296994366851,5.7072969943668515,False,False,True
tangential_major_axis,51,deterministic,True,True,0,0.0024051000000326894,1.6773616862815874,0.045296445110338625,0.11794409905778089,-0.019509750024816447,0.027145039447385458,13.691066565415333,5.6910665654153325,False,False,True
tangential_major_axis,51,scalar_principal_sigma,False,False,0,0.00031569999919156544,,,0.11794409905778089,-0.019509750024816447,0.027145039447385458,,,False,False,False
tangential_major_axis,51,anisotropic_chance,True,True,0,0.07298090000040247,1.6773616862815874,0.045296445110338625,0.11794409905778089,-0.019509750024816447,0.027145039447385458,13.691066565415333,5.6910665654153325,False,False,True
tangential_major_axis,52,deterministic,True,True,0,0.0024051000000326894,1.6773616862815874,0.045296445110338625,0.0984937543165429,-0.025726466924675517,0.020246644168489435,11.738016135860319,3.738016135860318,False,False,True
tangential_major_axis,52,scalar_principal_sigma,False,False,0,0.00031569999919156544,,,0.0984937543165429,-0.025726466924675517,0.020246644168489435,,,False,False,False
tangential_major_axis,52,anisotropic_chance,True,True,0,0.07298090000040247,1.6773616862815874,0.045296445110338625,0.0984937543165429,-0.025726466924675517,0.020246644168489435,11.738016135860319,3.738016135860318,False,False,True
tangential_major_axis,53,deterministic,True,True,0,0.0024051000000326894,1.6773616862815874,0.045296445110338625,0.1102204762785484,-0.02301417449455436,0.021836437129486762,11.794445057439614,3.7944450574396145,False,False,True
tangential_major_axis,53,scalar_principal_sigma,False,False,0,0.00031569999919156544,,,0.1102204762785484,-0.02301417449455436,0.021836437129486762,,,False,False,False
tangential_major_axis,53,anisotropic_chance,True,True,0,0.07298090000040247,1.6773616862815874,0.045296445110338625,0.1102204762785484,-0.02301417449455436,0.021836437129486762,11.794445057439614,3.7944450574396145,False,False,True
tangential_major_axis,54,deterministic,True,True,0,0.0024051000000326894,1.6773616862815874,0.045296445110338625,0.10873505797091379,-0.023392790959486622,0.01830958819329868,9.726144365772202,1.7261443657722013,False,False,True
tangential_major_axis,54,scalar_principal_sigma,False,False,0,0.00031569999919156544,,,0.10873505797091379,-0.023392790959486622,0.01830958819329868,,,False,False,False
tangential_major_axis,54,anisotropic_chance,True,True,0,0.07298090000040247,1.6773616862815874,0.045296445110338625,0.10873505797091379,-0.023392790959486622,0.01830958819329868,9.726144365772202,1.7261443657722013,False,False,True
tangential_major_axis,55,deterministic,True,True,0,0.0024051000000326894,1.6773616862815874,0.045296445110338625,0.10205840263164005,-0.025572616071764167,0.023621676647000964,13.873762655659405,5.873762655659404,False,False,True
tangential_major_axis,55,scalar_principal_sigma,False,False,0,0.00031569999919156544,,,0.10205840263164005,-0.025572616071764167,0.023621676647000964,,,False,False,False
tangential_major_axis,55,anisotropic_chance,True,True,0,0.07298090000040247,1.6773616862815874,0.045296445110338625,0.10205840263164005,-0.025572616071764167,0.023621676647000964,13.873762655659405,5.873762655659404,False,False,True
tangential_major_axis,56,deterministic,True,True,0,0.0024051000000326894,1.6773616862815874,0.045296445110338625,0.10665591158836629,-0.022534955786938104,0.02237575036287443,11.277012018105122,3.2770120181051228,False,False,True
tangential_major_axis,56,scalar_principal_sigma,False,False,0,0.00031569999919156544,,,0.10665591158836629,-0.022534955786938104,0.02237575036287443,,,False,False,False
tangential_major_axis,56,anisotropic_chance,True,True,0,0.07298090000040247,1.6773616862815874,0.045296445110338625,0.10665591158836629,-0.022534955786938104,0.02237575036287443,11.277012018105122,3.2770120181051228,False,False,True
tangential_major_axis,57,deterministic,True,True,0,0.0024051000000326894,1.6773616862815874,0.045296445110338625,0.09986119450751796,-0.027266582091631703,0.01750102904713336,11.399884516280245,3.399884516280245,False,False,True
tangential_major_axis,57,scalar_principal_sigma,False,False,0,0.00031569999919156544,,,0.09986119450751796,-0.027266582091631703,0.01750102904713336,,,False,False,False
tangential_major_axis,57,anisotropic_chance,True,True,0,0.07298090000040247,1.6773616862815874,0.045296445110338625,0.09986119450751796,-0.027266582091631703,0.01750102904713336,11.399884516280245,3.399884516280245,False,False,True
tangential_major_axis,58,deterministic,True,True,0,0.0024051000000326894,1.6773616862815874,0.045296445110338625,0.10203784564734747,-0.02608990955430729,0.016409938164260545,9.888869613328398,1.8888696133283982,False,False,True
tangential_major_axis,58,scalar_principal_sigma,False,False,0,0.00031569999919156544,,,0.10203784564734747,-0.02608990955430729,0.016409938164260545,,,False,False,False
tangential_major_axis,58,anisotropic_chance,True,True,0,0.07298090000040247,1.6773616862815874,0.045296445110338625,0.10203784564734747,-0.02608990955430729,0.016409938164260545,9.888869613328398,1.8888696133283982,False,False,True
tangential_major_axis,59,deterministic,True,True,0,0.0024051000000326894,1.6773616862815874,0.045296445110338625,0.11266072803079312,-0.022418627496922534,0.024303617226264448,13.205312874206598,5.205312874206598,False,False,True
tangential_major_axis,59,scalar_principal_sigma,False,False,0,0.00031569999919156544,,,0.11266072803079312,-0.022418627496922534,0.024303617226264448,,,False,False,False
tangential_major_axis,59,anisotropic_chance,True,True,0,0.07298090000040247,1.6773616862815874,0.045296445110338625,0.11266072803079312,-0.022418627496922534,0.024303617226264448,13.205312874206598,5.205312874206598,False,False,True
tangential_major_axis,60,deterministic,True,True,0,0.0024051000000326894,1.6773616862815874,0.045296445110338625,0.1149102265378165,-0.019315521271532087,0.019130356300991927,8.113162555722754,0.11316255572275426,False,False,True
tangential_major_axis,60,scalar_principal_sigma,False,False,0,0.00031569999919156544,,,0.1149102265378165,-0.019315521271532087,0.019130356300991927,,,False,False,False
tangential_major_axis,60,anisotropic_chance,True,True,0,0.07298090000040247,1.6773616862815874,0.045296445110338625,0.1149102265378165,-0.019315521271532087,0.019130356300991927,8.113162555722754,0.11316255572275426,False,False,True
tangential_major_axis,61,deterministic,True,True,0,0.0024051000000326894,1.6773616862815874,0.045296445110338625,0.10802937003586159,-0.022834324175905033,0.02083578673899799,10.671010466445853,2.671010466445854,False,False,True
tangential_major_axis,61,scalar_principal_sigma,False,False,0,0.00031569999919156544,,,0.10802937003586159,-0.022834324175905033,0.02083578673899799,,,False,False,False
tangential_major_axis,61,anisotropic_chance,True,True,0,0.07298090000040247,1.6773616862815874,0.045296445110338625,0.10802937003586159,-0.022834324175905033,0.02083578673899799,10.671010466445853,2.671010466445854,False,False,True
tangential_major_axis,62,deterministic,True,True,0,0.0024051000000326894,1.6773616862815874,0.045296445110338625,0.12000696141075441,-0.020826812790522165,0.020665856314211424,11.257810477043064,3.257810477043063,False,False,True
tangential_major_axis,62,scalar_principal_sigma,False,False,0,0.00031569999919156544,,,0.12000696141075441,-0.020826812790522165,0.020665856314211424,,,False,False,False
tangential_major_axis,62,anisotropic_chance,True,True,0,0.07298090000040247,1.6773616862815874,0.045296445110338625,0.12000696141075441,-0.020826812790522165,0.020665856314211424,11.257810477043064,3.257810477043063,False,False,True
tangential_major_axis,63,deterministic,True,True,0,0.0024051000000326894,1.6773616862815874,0.045296445110338625,0.12510477423563945,-0.017961005949538082,0.02299280983933412,11.430574670712511,3.4305746707125104,False,False,True
tangential_major_axis,63,scalar_principal_sigma,False,False,0,0.00031569999919156544,,,0.12510477423563945,-0.017961005949538082,0.02299280983933412,,,False,False,False
tangential_major_axis,63,anisotropic_chance,True,True,0,0.07298090000040247,1.6773616862815874,0.045296445110338625,0.12510477423563945,-0.017961005949538082,0.02299280983933412,11.430574670712511,3.4305746707125104,False,False,True
tangential_major_axis,64,deterministic,True,True,0,0.0024051000000326894,1.6773616862815874,0.045296445110338625,0.10078378952962813,-0.026590288636046774,0.019346357605749483,11.89284615816293,3.892846158162931,False,False,True
tangential_major_axis,64,scalar_principal_sigma,False,False,0,0.00031569999919156544,,,0.10078378952962813,-0.026590288636046774,0.019346357605749483,,,False,False,False
tangential_major_axis,64,anisotropic_chance,True,True,0,0.07298090000040247,1.6773616862815874,0.045296445110338625,0.10078378952962813,-0.026590288636046774,0.019346357605749483,11.89284615816293,3.892846158162931,False,False,True
tangential_major_axis,65,deterministic,True,True,0,0.0024051000000326894,1.6773616862815874,0.045296445110338625,0.10143911078264463,-0.025840297000022192,0.02168034732112622,12.761360293370062,4.761360293370061,False,False,True
tangential_major_axis,65,scalar_principal_sigma,False,False,0,0.00031569999919156544,,,0.10143911078264463,-0.025840297000022192,0.02168034732112622,,,False,False,False
tangential_major_axis,65,anisotropic_chance,True,True,0,0.07298090000040247,1.6773616862815874,0.045296445110338625,0.10143911078264463,-0.025840297000022192,0.02168034732112622,12.761360293370062,4.761360293370061,False,False,True
tangential_major_axis,66,deterministic,True,True,0,0.0024051000000326894,1.6773616862815874,0.045296445110338625,0.11942732779572739,-0.018060200327077478,0.02327409530423402,10.404132772038837,2.404132772038837,False,False,True
tangential_major_axis,66,scalar_principal_sigma,False,False,0,0.00031569999919156544,,,0.11942732779572739,-0.018060200327077478,0.02327409530423402,,,False,False,False
tangential_major_axis,66,anisotropic_chance,True,True,0,0.07298090000040247,1.6773616862815874,0.045296445110338625,0.11942732779572739,-0.018060200327077478,0.02327409530423402,10.404132772038837,2.404132772038837,False,False,True
tangential_major_axis,67,deterministic,True,True,0,0.0024051000000326894,1.6773616862815874,0.045296445110338625,0.09820513355636772,-0.02551269363933831,0.01685580100826735,9.578024206364939,1.5780242063649381,False,False,True
tangential_major_axis,67,scalar_principal_sigma,False,False,0,0.00031569999919156544,,,0.09820513355636772,-0.02551269363933831,0.01685580100826735,,,False,False,False
tangential_major_axis,67,anisotropic_chance,True,True,0,0.07298090000040247,1.6773616862815874,0.045296445110338625,0.09820513355636772,-0.02551269363933831,0.01685580100826735,9.578024206364939,1.5780242063649381,False,False,True
tangential_major_axis,68,deterministic,True,True,0,0.0024051000000326894,1.6773616862815874,0.045296445110338625,0.10444488436578185,-0.0251220962582593,0.01981569381623221,11.303845573756096,3.3038455737560963,False,False,True
tangential_major_axis,68,scalar_principal_sigma,False,False,0,0.00031569999919156544,,,0.10444488436578185,-0.0251220962582593,0.01981569381623221,,,False,False,False
tangential_major_axis,68,anisotropic_chance,True,True,0,0.07298090000040247,1.6773616862815874,0.045296445110338625,0.10444488436578185,-0.0251220962582593,0.01981569381623221,11.303845573756096,3.3038455737560963,False,False,True
tangential_major_axis,69,deterministic,True,True,0,0.0024051000000326894,1.6773616862815874,0.045296445110338625,0.10042972214110833,-0.02648538601752523,0.021207450466281925,12.932525530760032,4.9325255307600315,False,False,True
tangential_major_axis,69,scalar_principal_sigma,False,False,0,0.00031569999919156544,,,0.10042972214110833,-0.02648538601752523,0.021207450466281925,,,False,False,False
tangential_major_axis,69,anisotropic_chance,True,True,0,0.07298090000040247,1.6773616862815874,0.045296445110338625,0.10042972214110833,-0.02648538601752523,0.021207450466281925,12.932525530760032,4.9325255307600315,False,False,True
tangential_major_axis,70,deterministic,True,True,0,0.0024051000000326894,1.6773616862815874,0.045296445110338625,0.09949887549940918,-0.027766022774635704,0.018519425871326822,12.3754573800144,4.375457380014399,False,False,True
tangential_major_axis,70,scalar_principal_sigma,False,False,0,0.00031569999919156544,,,0.09949887549940918,-0.027766022774635704,0.018519425871326822,,,False,False,False
tangential_major_axis,70,anisotropic_chance,True,True,0,0.07298090000040247,1.6773616862815874,0.045296445110338625,0.09949887549940918,-0.027766022774635704,0.018519425871326822,12.3754573800144,4.375457380014399,False,False,True
tangential_major_axis,71,deterministic,True,True,0,0.0024051000000326894,1.6773616862815874,0.045296445110338625,0.09945901385507287,-0.02648679608475943,0.015568424467142307,9.723382092874195,1.7233820928741952,False,False,True
tangential_major_axis,71,scalar_principal_sigma,False,False,0,0.00031569999919156544,,,0.09945901385507287,-0.02648679608475943,0.015568424467142307,,,False,False,False
tangential_major_axis,71,anisotropic_chance,True,True,0,0.07298090000040247,1.6773616862815874,0.045296445110338625,0.09945901385507287,-0.02648679608475943,0.015568424467142307,9.723382092874195,1.7233820928741952,False,False,True
tangential_major_axis,72,deterministic,True,True,0,0.0024051000000326894,1.6773616862815874,0.045296445110338625,0.09984336438717137,-0.027783680803579847,0.019780858408893938,13.105941980656702,5.105941980656703,False,False,True
tangential_major_axis,72,scalar_principal_sigma,False,False,0,0.00031569999919156544,,,0.09984336438717137,-0.027783680803579847,0.019780858408893938,,,False,False,False
tangential_major_axis,72,anisotropic_chance,True,True,0,0.07298090000040247,1.6773616862815874,0.045296445110338625,0.09984336438717137,-0.027783680803579847,0.019780858408893938,13.105941980656702,5.105941980656703,False,False,True
tangential_major_axis,73,deterministic,True,True,0,0.0024051000000326894,1.6773616862815874,0.045296445110338625,0.12529820104288142,-0.01850159391584875,0.02428732963407137,12.58559030806773,4.585590308067729,False,False,True
tangential_major_axis,73,scalar_principal_sigma,False,False,0,0.00031569999919156544,,,0.12529820104288142,-0.01850159391584875,0.02428732963407137,,,False,False,False
tangential_major_axis,73,anisotropic_chance,True,True,0,0.07298090000040247,1.6773616862815874,0.045296445110338625,0.12529820104288142,-0.01850159391584875,0.02428732963407137,12.58559030806773,4.585590308067729,False,False,True
tangential_major_axis,74,deterministic,True,True,0,0.0024051000000326894,1.6773616862815874,0.045296445110338625,0.11165897845608094,-0.022120477704903198,0.01885112607743418,9.603556004790207,1.603556004790207,False,False,True
tangential_major_axis,74,scalar_principal_sigma,False,False,0,0.00031569999919156544,,,0.11165897845608094,-0.022120477704903198,0.01885112607743418,,,False,False,False
tangential_major_axis,74,anisotropic_chance,True,True,0,0.07298090000040247,1.6773616862815874,0.045296445110338625,0.11165897845608094,-0.022120477704903198,0.01885112607743418,9.603556004790207,1.603556004790207,False,False,True
tangential_major_axis,75,deterministic,True,True,0,0.0024051000000326894,1.6773616862815874,0.045296445110338625,0.12284296618560309,-0.017470784762527745,0.024261509416562736,11.17343802821808,3.1734380282180794,False,False,True
tangential_major_axis,75,scalar_principal_sigma,False,False,0,0.00031569999919156544,,,0.12284296618560309,-0.017470784762527745,0.024261509416562736,,,False,False,False
tangential_major_axis,75,anisotropic_chance,True,True,0,0.07298090000040247,1.6773616862815874,0.045296445110338625,0.12284296618560309,-0.017470784762527745,0.024261509416562736,11.17343802821808,3.1734380282180794,False,False,True
tangential_major_axis,76,deterministic,True,True,0,0.0024051000000326894,1.6773616862815874,0.045296445110338625,0.111588864806566,-0.02233333385855514,0.02270020645535674,11.989369694396913,3.989369694396913,False,False,True
tangential_major_axis,76,scalar_principal_sigma,False,False,0,0.00031569999919156544,,,0.111588864806566,-0.02233333385855514,0.02270020645535674,,,False,False,False
tangential_major_axis,76,anisotropic_chance,True,True,0,0.07298090000040247,1.6773616862815874,0.045296445110338625,0.111588864806566,-0.02233333385855514,0.02270020645535674,11.989369694396913,3.989369694396913,False,False,True
tangential_major_axis,77,deterministic,True,True,0,0.0024051000000326894,1.6773616862815874,0.045296445110338625,0.10744727012819313,-0.022973300171568366,0.021513242018148047,11.131493857727602,3.1314938577276017,False,False,True
tangential_major_axis,77,scalar_principal_sigma,False,False,0,0.00031569999919156544,,,0.10744727012819313,-0.022973300171568366,0.021513242018148047,,,False,False,False
tangential_major_axis,77,anisotropic_chance,True,True,0,0.07298090000040247,1.6773616862815874,0.045296445110338625,0.10744727012819313,-0.022973300171568366,0.021513242018148047,11.131493857727602,3.1314938577276017,False,False,True
tangential_major_axis,78,deterministic,True,True,0,0.0024051000000326894,1.6773616862815874,0.045296445110338625,0.10730433205444039,-0.02498763797090302,0.019026959613962044,11.242253037066147,3.2422530370661473,False,False,True
tangential_major_axis,78,scalar_principal_sigma,False,False,0,0.00031569999919156544,,,0.10730433205444039,-0.02498763797090302,0.019026959613962044,,,False,False,False
tangential_major_axis,78,anisotropic_chance,True,True,0,0.07298090000040247,1.6773616862815874,0.045296445110338625,0.10730433205444039,-0.02498763797090302,0.019026959613962044,11.242253037066147,3.2422530370661473,False,False,True
tangential_major_axis,79,deterministic,True,True,0,0.0024051000000326894,1.6773616862815874,0.045296445110338625,0.1065817809868923,-0.023976100765734983,0.020639013287746377,11.28681872480902,3.2868187248090206,False,False,True
tangential_major_axis,79,scalar_principal_sigma,False,False,0,0.00031569999919156544,,,0.1065817809868923,-0.023976100765734983,0.020639013287746377,,,False,False,False
tangential_major_axis,79,anisotropic_chance,True,True,0,0.07298090000040247,1.6773616862815874,0.045296445110338625,0.1065817809868923,-0.023976100765734983,0.020639013287746377,11.28681872480902,3.2868187248090206,False,False,True
tangential_major_axis,80,deterministic,True,True,0,0.0024051000000326894,1.6773616862815874,0.045296445110338625,0.0859282816700469,-0.030844344079500048,0.017074689442673617,14.255050436190553,6.255050436190552,False,False,True
tangential_major_axis,80,scalar_principal_sigma,False,False,0,0.00031569999919156544,,,0.0859282816700469,-0.030844344079500048,0.017074689442673617,,,False,False,False
tangential_major_axis,80,anisotropic_chance,True,True,0,0.07298090000040247,1.6773616862815874,0.045296445110338625,0.0859282816700469,-0.030844344079500048,0.017074689442673617,14.255050436190553,6.255050436190552,False,False,True
tangential_major_axis,81,deterministic,True,True,0,0.0024051000000326894,1.6773616862815874,0.045296445110338625,0.11181355660611086,-0.023419590771806543,0.020752436931559017,11.740069986035431,3.7400699860354307,False,False,True
tangential_major_axis,81,scalar_principal_sigma,False,False,0,0.00031569999919156544,,,0.11181355660611086,-0.023419590771806543,0.020752436931559017,,,False,False,False
tangential_major_axis,81,anisotropic_chance,True,True,0,0.07298090000040247,1.6773616862815874,0.045296445110338625,0.11181355660611086,-0.023419590771806543,0.020752436931559017,11.740069986035431,3.7400699860354307,False,False,True
tangential_major_axis,82,deterministic,True,True,0,0.0024051000000326894,1.6773616862815874,0.045296445110338625,0.12423744612053025,-0.01886849735404738,0.028699808323360533,15.20214881879045,7.202148818790449,False,False,True
tangential_major_axis,82,scalar_principal_sigma,False,False,0,0.00031569999919156544,,,0.12423744612053025,-0.01886849735404738,0.028699808323360533,,,False,False,False
tangential_major_axis,82,anisotropic_chance,True,True,0,0.07298090000040247,1.6773616862815874,0.045296445110338625,0.12423744612053025,-0.01886849735404738,0.028699808323360533,15.20214881879045,7.202148818790449,False,False,True
tangential_major_axis,83,deterministic,True,True,0,0.0024051000000326894,1.6773616862815874,0.045296445110338625,0.11472856687674586,-0.021013052438210198,0.023954486546761335,12.30059105673236,4.30059105673236,False,False,True
tangential_major_axis,83,scalar_principal_sigma,False,False,0,0.00031569999919156544,,,0.11472856687674586,-0.021013052438210198,0.023954486546761335,,,False,False,False
tangential_major_axis,83,anisotropic_chance,True,True,0,0.07298090000040247,1.6773616862815874,0.045296445110338625,0.11472856687674586,-0.021013052438210198,0.023954486546761335,12.30059105673236,4.30059105673236,False,False,True
tangential_major_axis,84,deterministic,True,True,0,0.0024051000000326894,1.6773616862815874,0.045296445110338625,0.11036973726640852,-0.023862970689066218,0.019995103368789933,11.360614111499793,3.3606141114997916,False,False,True
tangential_major_axis,84,scalar_principal_sigma,False,False,0,0.00031569999919156544,,,0.11036973726640852,-0.023862970689066218,0.019995103368789933,,,False,False,False
tangential_major_axis,84,anisotropic_chance,True,True,0,0.07298090000040247,1.6773616862815874,0.045296445110338625,0.11036973726640852,-0.023862970689066218,0.019995103368789933,11.360614111499793,3.3606141114997916,False,False,True
tangential_major_axis,85,deterministic,True,True,0,0.0024051000000326894,1.6773616862815874,0.045296445110338625,0.09544315340830685,-0.02740573548903282,0.018645844662622417,12.147275316041856,4.147275316041856,False,False,True
tangential_major_axis,85,scalar_principal_sigma,False,False,0,0.00031569999919156544,,,0.09544315340830685,-0.02740573548903282,0.018645844662622417,,,False,False,False
tangential_major_axis,85,anisotropic_chance,True,True,0,0.07298090000040247,1.6773616862815874,0.045296445110338625,0.09544315340830685,-0.02740573548903282,0.018645844662622417,12.147275316041856,4.147275316041856,False,False,True
tangential_major_axis,86,deterministic,True,True,0,0.0024051000000326894,1.6773616862815874,0.045296445110338625,0.10044087572848799,-0.02643359762676354,0.018501492034093455,11.268167942869526,3.268167942869526,False,False,True
tangential_major_axis,86,scalar_principal_sigma,False,False,0,0.00031569999919156544,,,0.10044087572848799,-0.02643359762676354,0.018501492034093455,,,False,False,False
tangential_major_axis,86,anisotropic_chance,True,True,0,0.07298090000040247,1.6773616862815874,0.045296445110338625,0.10044087572848799,-0.02643359762676354,0.018501492034093455,11.268167942869526,3.268167942869526,False,False,True
tangential_major_axis,87,deterministic,True,True,0,0.0024051000000326894,1.6773616862815874,0.045296445110338625,0.09771530237523793,-0.026208280555549072,0.01952173702893595,11.67984373134763,3.6798437313476287,False,False,True
tangential_major_axis,87,scalar_principal_sigma,False,False,0,0.00031569999919156544,,,0.09771530237523793,-0.026208280555549072,0.01952173702893595,,,False,False,False
tangential_major_axis,87,anisotropic_chance,True,True,0,0.07298090000040247,1.6773616862815874,0.045296445110338625,0.09771530237523793,-0.026208280555549072,0.01952173702893595,11.67984373134763,3.6798437313476287,False,False,True
tangential_major_axis,88,deterministic,True,True,0,0.0024051000000326894,1.6773616862815874,0.045296445110338625,0.1066436668012218,-0.02360849995029689,0.017867559636744905,9.343850544079944,1.343850544079943,False,False,True
tangential_major_axis,88,scalar_principal_sigma,False,False,0,0.00031569999919156544,,,0.1066436668012218,-0.02360849995029689,0.017867559636744905,,,False,False,False
tangential_major_axis,88,anisotropic_chance,True,True,0,0.07298090000040247,1.6773616862815874,0.045296445110338625,0.1066436668012218,-0.02360849995029689,0.017867559636744905,9.343850544079944,1.343850544079943,False,False,True
tangential_major_axis,89,deterministic,True,True,0,0.0024051000000326894,1.6773616862815874,0.045296445110338625,0.11210336340579316,-0.022666912851016567,0.022996764765468563,12.496843015082288,4.4968430150822885,False,False,True
tangential_major_axis,89,scalar_principal_sigma,False,False,0,0.00031569999919156544,,,0.11210336340579316,-0.022666912851016567,0.022996764765468563,,,False,False,False
tangential_major_axis,89,anisotropic_chance,True,True,0,0.07298090000040247,1.6773616862815874,0.045296445110338625,0.11210336340579316,-0.022666912851016567,0.022996764765468563,12.496843015082288,4.4968430150822885,False,False,True
tangential_major_axis,90,deterministic,True,True,0,0.0024051000000326894,1.6773616862815874,0.045296445110338625,0.0845239582587255,-0.03139027955228165,0.013256983016674233,13.074877095519811,5.074877095519811,False,False,True
tangential_major_axis,90,scalar_principal_sigma,False,False,0,0.00031569999919156544,,,0.0845239582587255,-0.03139027955228165,0.013256983016674233,,,False,False,False
tangential_major_axis,90,anisotropic_chance,True,True,0,0.07298090000040247,1.6773616862815874,0.045296445110338625,0.0845239582587255,-0.03139027955228165,0.013256983016674233,13.074877095519811,5.074877095519811,False,False,True
tangential_major_axis,91,deterministic,True,True,0,0.0024051000000326894,1.6773616862815874,0.045296445110338625,0.10392771127758915,-0.023634778168787333,0.022000466157244696,11.527683073098778,3.527683073098779,False,False,True
tangential_major_axis,91,scalar_principal_sigma,False,False,0,0.00031569999919156544,,,0.10392771127758915,-0.023634778168787333,0.022000466157244696,,,False,False,False
tangential_major_axis,91,anisotropic_chance,True,True,0,0.07298090000040247,1.6773616862815874,0.045296445110338625,0.10392771127758915,-0.023634778168787333,0.022000466157244696,11.527683073098778,3.527683073098779,False,False,True
tangential_major_axis,92,deterministic,True,True,0,0.0024051000000326894,1.6773616862815874,0.045296445110338625,0.10897974965917415,-0.02452354976856144,0.021642404859997303,12.612887677851207,4.612887677851207,False,False,True
tangential_major_axis,92,scalar_principal_sigma,False,False,0,0.00031569999919156544,,,0.10897974965917415,-0.02452354976856144,0.021642404859997303,,,False,False,False
tangential_major_axis,92,anisotropic_chance,True,True,0,0.07298090000040247,1.6773616862815874,0.045296445110338625,0.10897974965917415,-0.02452354976856144,0.021642404859997303,12.612887677851207,4.612887677851207,False,False,True
tangential_major_axis,93,deterministic,True,True,0,0.0024051000000326894,1.6773616862815874,0.045296445110338625,0.09896601369853644,-0.026312115240626665,0.017814127025221872,10.775313218074787,2.7753132180747873,False,False,True
tangential_major_axis,93,scalar_principal_sigma,False,False,0,0.00031569999919156544,,,0.09896601369853644,-0.026312115240626665,0.017814127025221872,,,False,False,False
tangential_major_axis,93,anisotropic_chance,True,True,0,0.07298090000040247,1.6773616862815874,0.045296445110338625,0.09896601369853644,-0.026312115240626665,0.017814127025221872,10.775313218074787,2.7753132180747873,False,False,True
tangential_major_axis,94,deterministic,True,True,0,0.0024051000000326894,1.6773616862815874,0.045296445110338625,0.09397378540067694,-0.028708999612220475,0.019090531821717126,13.476877236351754,5.476877236351754,False,False,True
tangential_major_axis,94,scalar_principal_sigma,False,False,0,0.00031569999919156544,,,0.09397378540067694,-0.028708999612220475,0.019090531821717126,,,False,False,False
tangential_major_axis,94,anisotropic_chance,True,True,0,0.07298090000040247,1.6773616862815874,0.045296445110338625,0.09397378540067694,-0.028708999612220475,0.019090531821717126,13.476877236351754,5.476877236351754,False,False,True
tangential_major_axis,95,deterministic,True,True,0,0.0024051000000326894,1.6773616862815874,0.045296445110338625,0.07774816371129384,-0.03300765497085537,0.018069942810697036,16.630149080981532,8.630149080981528,False,False,True
tangential_major_axis,95,scalar_principal_sigma,False,False,0,0.00031569999919156544,,,0.07774816371129384,-0.03300765497085537,0.018069942810697036,,,False,False,False
tangential_major_axis,95,anisotropic_chance,True,True,0,0.07298090000040247,1.6773616862815874,0.045296445110338625,0.07774816371129384,-0.03300765497085537,0.018069942810697036,16.630149080981532,8.630149080981528,False,False,True
tangential_major_axis,96,deterministic,True,True,0,0.0024051000000326894,1.6773616862815874,0.045296445110338625,0.09800670578882842,-0.027488730476200762,0.013901006867973485,9.803705866935143,1.8037058669351427,False,False,True
tangential_major_axis,96,scalar_principal_sigma,False,False,0,0.00031569999919156544,,,0.09800670578882842,-0.027488730476200762,0.013901006867973485,,,False,False,False
tangential_major_axis,96,anisotropic_chance,True,True,0,0.07298090000040247,1.6773616862815874,0.045296445110338625,0.09800670578882842,-0.027488730476200762,0.013901006867973485,9.803705866935143,1.8037058669351427,False,False,True
tangential_major_axis,97,deterministic,True,True,0,0.0024051000000326894,1.6773616862815874,0.045296445110338625,0.09076384540058972,-0.02886258088707523,0.01929528354298943,13.7182450948679,5.718245094867901,False,False,True
tangential_major_axis,97,scalar_principal_sigma,False,False,0,0.00031569999919156544,,,0.09076384540058972,-0.02886258088707523,0.01929528354298943,,,False,False,False
tangential_major_axis,97,anisotropic_chance,True,True,0,0.07298090000040247,1.6773616862815874,0.045296445110338625,0.09076384540058972,-0.02886258088707523,0.01929528354298943,13.7182450948679,5.718245094867901,False,False,True
tangential_major_axis,98,deterministic,True,True,0,0.0024051000000326894,1.6773616862815874,0.045296445110338625,0.09930561185921373,-0.025904367808468817,0.017978038875155734,10.531669054349884,2.531669054349884,False,False,True
tangential_major_axis,98,scalar_principal_sigma,False,False,0,0.00031569999919156544,,,0.09930561185921373,-0.025904367808468817,0.017978038875155734,,,False,False,False
tangential_major_axis,98,anisotropic_chance,True,True,0,0.07298090000040247,1.6773616862815874,0.045296445110338625,0.09930561185921373,-0.025904367808468817,0.017978038875155734,10.531669054349884,2.531669054349884,False,False,True
tangential_major_axis,99,deterministic,True,True,0,0.0024051000000326894,1.6773616862815874,0.045296445110338625,0.0980423193703511,-0.024920472656437254,0.017527889265182457,9.467308045062584,1.4673080450625844,False,False,True
tangential_major_axis,99,scalar_principal_sigma,False,False,0,0.00031569999919156544,,,0.0980423193703511,-0.024920472656437254,0.017527889265182457,,,False,False,False
tangential_major_axis,99,anisotropic_chance,True,True,0,0.07298090000040247,1.6773616862815874,0.045296445110338625,0.0980423193703511,-0.024920472656437254,0.017527889265182457,9.467308045062584,1.4673080450625844,False,False,True
tangential_major_axis,100,deterministic,True,True,0,0.0024051000000326894,1.6773616862815874,0.045296445110338625,0.1079075954971786,-0.024019440681607378,0.022806871250857782,12.806355365708258,4.806355365708259,False,False,True
tangential_major_axis,100,scalar_principal_sigma,False,False,0,0.00031569999919156544,,,0.1079075954971786,-0.024019440681607378,0.022806871250857782,,,False,False,False
tangential_major_axis,100,anisotropic_chance,True,True,0,0.07298090000040247,1.6773616862815874,0.045296445110338625,0.1079075954971786,-0.024019440681607378,0.022806871250857782,12.806355365708258,4.806355365708259,False,False,True
tangential_major_axis,101,deterministic,True,True,0,0.0024051000000326894,1.6773616862815874,0.045296445110338625,0.10145304652164755,-0.026375594435743388,0.016942107791213194,10.3818154739648,2.3818154739647985,False,False,True
tangential_major_axis,101,scalar_principal_sigma,False,False,0,0.00031569999919156544,,,0.10145304652164755,-0.026375594435743388,0.016942107791213194,,,False,False,False
tangential_major_axis,101,anisotropic_chance,True,True,0,0.07298090000040247,1.6773616862815874,0.045296445110338625,0.10145304652164755,-0.026375594435743388,0.016942107791213194,10.3818154739648,2.3818154739647985,False,False,True
tangential_major_axis,102,deterministic,True,True,0,0.0024051000000326894,1.6773616862815874,0.045296445110338625,0.10464746368237157,-0.024223051930902892,0.01974636623406531,10.595476622073855,2.595476622073855,False,False,True
tangential_major_axis,102,scalar_principal_sigma,False,False,0,0.00031569999919156544,,,0.10464746368237157,-0.024223051930902892,0.01974636623406531,,,False,False,False
tangential_major_axis,102,anisotropic_chance,True,True,0,0.07298090000040247,1.6773616862815874,0.045296445110338625,0.10464746368237157,-0.024223051930902892,0.01974636623406531,10.595476622073855,2.595476622073855,False,False,True
tangential_major_axis,103,deterministic,True,True,0,0.0024051000000326894,1.6773616862815874,0.045296445110338625,0.10849002073262075,-0.02373604950281927,0.021503823847394084,11.845027161158217,3.845027161158218,False,False,True
tangential_major_axis,103,scalar_principal_sigma,False,False,0,0.00031569999919156544,,,0.10849002073262075,-0.02373604950281927,0.021503823847394084,,,False,False,False
tangential_major_axis,103,anisotropic_chance,True,True,0,0.07298090000040247,1.6773616862815874,0.045296445110338625,0.10849002073262075,-0.02373604950281927,0.021503823847394084,11.845027161158217,3.845027161158218,False,False,True
tangential_major_axis,104,deterministic,True,True,0,0.0024051000000326894,1.6773616862815874,0.045296445110338625,0.12049944243594683,-0.017850437420533823,0.02195448023904911,9.661848280090428,1.6618482800904288,False,False,True
tangential_major_axis,104,scalar_principal_sigma,False,False,0,0.00031569999919156544,,,0.12049944243594683,-0.017850437420533823,0.02195448023904911,,,False,False,False
tangential_major_axis,104,anisotropic_chance,True,True,0,0.07298090000040247,1.6773616862815874,0.045296445110338625,0.12049944243594683,-0.017850437420533823,0.02195448023904911,9.661848280090428,1.6618482800904288,False,False,True
tangential_major_axis,105,deterministic,True,True,0,0.0024051000000326894,1.6773616862815874,0.045296445110338625,0.09773570209281943,-0.02643003655690412,0.020089838185945553,12.198620916188132,4.198620916188131,False,False,True
tangential_major_axis,105,scalar_principal_sigma,False,False,0,0.00031569999919156544,,,0.09773570209281943,-0.02643003655690412,0.020089838185945553,,,False,False,False
tangential_major_axis,105,anisotropic_chance,True,True,0,0.07298090000040247,1.6773616862815874,0.045296445110338625,0.09773570209281943,-0.02643003655690412,0.020089838185945553,12.198620916188132,4.198620916188131,False,False,True
tangential_major_axis,106,deterministic,True,True,0,0.0024051000000326894,1.6773616862815874,0.045296445110338625,0.11459741436642525,-0.02005598318029857,0.024649915861831108,11.974643957248182,3.9746439572481815,False,False,True
tangential_major_axis,106,scalar_principal_sigma,False,False,0,0.00031569999919156544,,,0.11459741436642525,-0.02005598318029857,0.024649915861831108,,,False,False,False
tangential_major_axis,106,anisotropic_chance,True,True,0,0.07298090000040247,1.6773616862815874,0.045296445110338625,0.11459741436642525,-0.02005598318029857,0.024649915861831108,11.974643957248182,3.9746439572481815,False,False,True
tangential_major_axis,107,deterministic,True,True,0,0.0024051000000326894,1.6773616862815874,0.045296445110338625,0.11428822272702745,-0.021172915209061508,0.022377085963702574,11.337780983551813,3.3377809835518133,False,False,True
tangential_major_axis,107,scalar_principal_sigma,False,False,0,0.00031569999919156544,,,0.11428822272702745,-0.021172915209061508,0.022377085963702574,,,False,False,False
tangential_major_axis,107,anisotropic_chance,True,True,0,0.07298090000040247,1.6773616862815874,0.045296445110338625,0.11428822272702745,-0.021172915209061508,0.022377085963702574,11.337780983551813,3.3377809835518133,False,False,True
tangential_major_axis,108,deterministic,True,True,0,0.0024051000000326894,1.6773616862815874,0.045296445110338625,0.108901707157105,-0.021854350115505104,0.022765688859207076,11.308305826866738,3.3083058268667376,False,False,True
tangential_major_axis,108,scalar_principal_sigma,False,False,0,0.00031569999919156544,,,0.108901707157105,-0.021854350115505104,0.022765688859207076,,,False,False,False
tangential_major_axis,108,anisotropic_chance,True,True,0,0.07298090000040247,1.6773616862815874,0.045296445110338625,0.108901707157105,-0.021854350115505104,0.022765688859207076,11.308305826866738,3.3083058268667376,False,False,True
tangential_major_axis,109,deterministic,True,True,0,0.0024051000000326894,1.6773616862815874,0.045296445110338625,0.09782762855241038,-0.027148284039128254,0.016773829583685076,10.91223409872293,2.9122340987229305,False,False,True
tangential_major_axis,109,scalar_principal_sigma,False,False,0,0.00031569999919156544,,,0.09782762855241038,-0.027148284039128254,0.016773829583685076,,,False,False,False
tangential_major_axis,109,anisotropic_chance,True,True,0,0.07298090000040247,1.6773616862815874,0.045296445110338625,0.09782762855241038,-0.027148284039128254,0.016773829583685076,10.91223409872293,2.9122340987229305,False,False,True
tangential_major_axis,110,deterministic,True,True,0,0.0024051000000326894,1.6773616862815874,0.045296445110338625,0.10989349187271061,-0.023856267179227765,0.019992488800610657,11.260874334852627,3.260874334852627,False,False,True
tangential_major_axis,110,scalar_principal_sigma,False,False,0,0.00031569999919156544,,,0.10989349187271061,-0.023856267179227765,0.019992488800610657,,,False,False,False
tangential_major_axis,110,anisotropic_chance,True,True,0,0.07298090000040247,1.6773616862815874,0.045296445110338625,0.10989349187271061,-0.023856267179227765,0.019992488800610657,11.260874334852627,3.260874334852627,False,False,True
tangential_major_axis,111,deterministic,True,True,0,0.0024051000000326894,1.6773616862815874,0.045296445110338625,0.11761890441353448,-0.019043997186128973,0.022819554019640597,10.507363163760829,2.5073631637608282,False,False,True
tangential_major_axis,111,scalar_principal_sigma,False,False,0,0.00031569999919156544,,,0.11761890441353448,-0.019043997186128973,0.022819554019640597,,,False,False,False
tangential_major_axis,111,anisotropic_chance,True,True,0,0.07298090000040247,1.6773616862815874,0.045296445110338625,0.11761890441353448,-0.019043997186128973,0.022819554019640597,10.507363163760829,2.5073631637608282,False,False,True
tangential_major_axis,112,deterministic,True,True,0,0.0024051000000326894,1.6773616862815874,0.045296445110338625,0.11648893045371589,-0.020411631327632424,0.022221121272194132,11.025595007443162,3.0255950074431612,False,False,True
tangential_major_axis,112,scalar_principal_sigma,False,False,0,0.00031569999919156544,,,0.11648893045371589,-0.020411631327632424,0.022221121272194132,,,False,False,False
tangential_major_axis,112,anisotropic_chance,True,True,0,0.07298090000040247,1.6773616862815874,0.045296445110338625,0.11648893045371589,-0.020411631327632424,0.022221121272194132,11.025595007443162,3.0255950074431612,False,False,True
tangential_major_axis,113,deterministic,True,True,0,0.0024051000000326894,1.6773616862815874,0.045296445110338625,0.09535681886509437,-0.02701993788595802,0.022337799642489102,14.057871244971736,6.057871244971735,False,False,True
tangential_major_axis,113,scalar_principal_sigma,False,False,0,0.00031569999919156544,,,0.09535681886509437,-0.02701993788595802,0.022337799642489102,,,False,False,False
tangential_major_axis,113,anisotropic_chance,True,True,0,0.07298090000040247,1.6773616862815874,0.045296445110338625,0.09535681886509437,-0.02701993788595802,0.022337799642489102,14.057871244971736,6.057871244971735,False,False,True
tangential_major_axis,114,deterministic,True,True,0,0.0024051000000326894,1.6773616862815874,0.045296445110338625,0.10978163703655258,-0.022747128245460428,0.02436624149028911,13.175621928640792,5.175621928640793,False,False,True
tangential_major_axis,114,scalar_principal_sigma,False,False,0,0.00031569999919156544,,,0.10978163703655258,-0.022747128245460428,0.02436624149028911,,,False,False,False
tangential_major_axis,114,anisotropic_chance,True,True,0,0.07298090000040247,1.6773616862815874,0.045296445110338625,0.10978163703655258,-0.022747128245460428,0.02436624149028911,13.175621928640792,5.175621928640793,False,False,True
tangential_major_axis,115,deterministic,True,True,0,0.0024051000000326894,1.6773616862815874,0.045296445110338625,0.11346274749437407,-0.020773845709317448,0.02374212174051071,11.74656112960156,3.7465611296015595,False,False,True
tangential_major_axis,115,scalar_principal_sigma,False,False,0,0.00031569999919156544,,,0.11346274749437407,-0.020773845709317448,0.02374212174051071,,,False,False,False
tangential_major_axis,115,anisotropic_chance,True,True,0,0.07298090000040247,1.6773616862815874,0.045296445110338625,0.11346274749437407,-0.020773845709317448,0.02374212174051071,11.74656112960156,3.7465611296015595,False,False,True
tangential_major_axis,116,deterministic,True,True,0,0.0024051000000326894,1.6773616862815874,0.045296445110338625,0.11508062318865117,-0.02209749111599089,0.023207492202793407,12.719936241888634,4.719936241888633,False,False,True
tangential_major_axis,116,scalar_principal_sigma,False,False,0,0.00031569999919156544,,,0.11508062318865117,-0.02209749111599089,0.023207492202793407,,,False,False,False
tangential_major_axis,116,anisotropic_chance,True,True,0,0.07298090000040247,1.6773616862815874,0.045296445110338625,0.11508062318865117,-0.02209749111599089,0.023207492202793407,12.719936241888634,4.719936241888633,False,False,True
tangential_major_axis,117,deterministic,True,True,0,0.0024051000000326894,1.6773616862815874,0.045296445110338625,0.10656808430994508,-0.0253602166464962,0.021102346035693106,12.639104150822774,4.639104150822774,False,False,True
tangential_major_axis,117,scalar_principal_sigma,False,False,0,0.00031569999919156544,,,0.10656808430994508,-0.0253602166464962,0.021102346035693106,,,False,False,False
tangential_major_axis,117,anisotropic_chance,True,True,0,0.07298090000040247,1.6773616862815874,0.045296445110338625,0.10656808430994508,-0.0253602166464962,0.021102346035693106,12.639104150822774,4.639104150822774,False,False,True
tangential_major_axis,118,deterministic,True,True,0,0.0024051000000326894,1.6773616862815874,0.045296445110338625,0.10164939764814536,-0.024515276225459105,0.02231184315737884,12.189420394031298,4.189420394031298,False,False,True
tangential_major_axis,118,scalar_principal_sigma,False,False,0,0.00031569999919156544,,,0.10164939764814536,-0.024515276225459105,0.02231184315737884,,,False,False,False
tangential_major_axis,118,anisotropic_chance,True,True,0,0.07298090000040247,1.6773616862815874,0.045296445110338625,0.10164939764814536,-0.024515276225459105,0.02231184315737884,12.189420394031298,4.189420394031298,False,False,True
tangential_major_axis,119,deterministic,True,True,0,0.0024051000000326894,1.6773616862815874,0.045296445110338625,0.10436352357308848,-0.024971492975114577,0.018113733495020122,10.156430163093292,2.1564301630932916,False,False,True
tangential_major_axis,119,scalar_principal_sigma,False,False,0,0.00031569999919156544,,,0.10436352357308848,-0.024971492975114577,0.018113733495020122,,,False,False,False
tangential_major_axis,119,anisotropic_chance,True,True,0,0.07298090000040247,1.6773616862815874,0.045296445110338625,0.10436352357308848,-0.024971492975114577,0.018113733495020122,10.156430163093292,2.1564301630932916,False,False,True
tangential_major_axis,120,deterministic,True,True,0,0.0024051000000326894,1.6773616862815874,0.045296445110338625,0.11449082678684794,-0.02058544936622041,0.019139184712062364,9.019367915746622,1.0193679157466229,False,False,True
tangential_major_axis,120,scalar_principal_sigma,False,False,0,0.00031569999919156544,,,0.11449082678684794,-0.02058544936622041,0.019139184712062364,,,False,False,False
tangential_major_axis,120,anisotropic_chance,True,True,0,0.07298090000040247,1.6773616862815874,0.045296445110338625,0.11449082678684794,-0.02058544936622041,0.019139184712062364,9.019367915746622,1.0193679157466229,False,False,True
tangential_major_axis,121,deterministic,True,True,0,0.0024051000000326894,1.6773616862815874,0.045296445110338625,0.12105746255399685,-0.01921840449561449,0.024053540328012678,12.044028326090999,4.044028326090998,False,False,True
tangential_major_axis,121,scalar_principal_sigma,False,False,0,0.00031569999919156544,,,0.12105746255399685,-0.01921840449561449,0.024053540328012678,,,False,False,False
tangential_major_axis,121,anisotropic_chance,True,True,0,0.07298090000040247,1.6773616862815874,0.045296445110338625,0.12105746255399685,-0.01921840449561449,0.024053540328012678,12.044028326090999,4.044028326090998,False,False,True
tangential_major_axis,122,deterministic,True,True,0,0.0024051000000326894,1.6773616862815874,0.045296445110338625,0.10694845263713315,-0.02306562069468901,0.01868320811834349,9.437463005060197,1.437463005060197,False,False,True
tangential_major_axis,122,scalar_principal_sigma,False,False,0,0.00031569999919156544,,,0.10694845263713315,-0.02306562069468901,0.01868320811834349,,,False,False,False
tangential_major_axis,122,anisotropic_chance,True,True,0,0.07298090000040247,1.6773616862815874,0.045296445110338625,0.10694845263713315,-0.02306562069468901,0.01868320811834349,9.437463005060197,1.437463005060197,False,False,True
tangential_major_axis,123,deterministic,True,True,0,0.0024051000000326894,1.6773616862815874,0.045296445110338625,0.10683453859635778,-0.02433550687373228,0.018950839841501546,10.592121538839669,2.5921215388396686,False,False,True
tangential_major_axis,123,scalar_principal_sigma,False,False,0,0.00031569999919156544,,,0.10683453859635778,-0.02433550687373228,0.018950839841501546,,,False,False,False
tangential_major_axis,123,anisotropic_chance,True,True,0,0.07298090000040247,1.6773616862815874,0.045296445110338625,0.10683453859635778,-0.02433550687373228,0.018950839841501546,10.592121538839669,2.5921215388396686,False,False,True
tangential_major_axis,124,deterministic,True,True,0,0.0024051000000326894,1.6773616862815874,0.045296445110338625,0.11781873985922273,-0.02034876649209278,0.02346742676642802,11.94630755007707,3.9463075500770683,False,False,True
tangential_major_axis,124,scalar_principal_sigma,False,False,0,0.00031569999919156544,,,0.11781873985922273,-0.02034876649209278,0.02346742676642802,,,False,False,False
tangential_major_axis,124,anisotropic_chance,True,True,0,0.07298090000040247,1.6773616862815874,0.045296445110338625,0.11781873985922273,-0.02034876649209278,0.02346742676642802,11.94630755007707,3.9463075500770683,False,False,True
tangential_major_axis,125,deterministic,True,True,0,0.0024051000000326894,1.6773616862815874,0.045296445110338625,0.11094714372656803,-0.021200079803897997,0.022752844945132723,11.074417384105887,3.074417384105887,False,False,True
tangential_major_axis,125,scalar_principal_sigma,False,False,0,0.00031569999919156544,,,0.11094714372656803,-0.021200079803897997,0.022752844945132723,,,False,False,False
tangential_major_axis,125,anisotropic_chance,True,True,0,0.07298090000040247,1.6773616862815874,0.045296445110338625,0.11094714372656803,-0.021200079803897997,0.022752844945132723,11.074417384105887,3.074417384105887,False,False,True
tangential_major_axis,126,deterministic,True,True,0,0.0024051000000326894,1.6773616862815874,0.045296445110338625,0.09903669960917341,-0.027902130142276445,0.018958030548115803,12.733303851532595,4.733303851532594,False,False,True
tangential_major_axis,126,scalar_principal_sigma,False,False,0,0.00031569999919156544,,,0.09903669960917341,-0.027902130142276445,0.018958030548115803,,,False,False,False
tangential_major_axis,126,anisotropic_chance,True,True,0,0.07298090000040247,1.6773616862815874,0.045296445110338625,0.09903669960917341,-0.027902130142276445,0.018958030548115803,12.733303851532595,4.733303851532594,False,False,True
tangential_major_axis,127,deterministic,True,True,0,0.0024051000000326894,1.6773616862815874,0.045296445110338625,0.11214247312908551,-0.021674999626776274,0.017946262484669486,8.820694564192019,0.820694564192018,False,False,True
tangential_major_axis,127,scalar_principal_sigma,False,False,0,0.00031569999919156544,,,0.11214247312908551,-0.021674999626776274,0.017946262484669486,,,False,False,False
tangential_major_axis,127,anisotropic_chance,True,True,0,0.07298090000040247,1.6773616862815874,0.045296445110338625,0.11214247312908551,-0.021674999626776274,0.017946262484669486,8.820694564192019,0.820694564192018,False,False,True
tangential_major_axis,128,deterministic,True,True,0,0.0024051000000326894,1.6773616862815874,0.045296445110338625,0.10884912625166893,-0.025450814351113727,0.02350291821908546,14.461572673104444,6.4615726731044445,False,False,True
tangential_major_axis,128,scalar_principal_sigma,False,False,0,0.00031569999919156544,,,0.10884912625166893,-0.025450814351113727,0.02350291821908546,,,False,False,False
tangential_major_axis,128,anisotropic_chance,True,True,0,0.07298090000040247,1.6773616862815874,0.045296445110338625,0.10884912625166893,-0.025450814351113727,0.02350291821908546,14.461572673104444,6.4615726731044445,False,False,True
tangential_major_axis,129,deterministic,True,True,0,0.0024051000000326894,1.6773616862815874,0.045296445110338625,0.11172600030400265,-0.022935035363644354,0.01928096530132689,10.522021394947163,2.5220213949471626,False,False,True
tangential_major_axis,129,scalar_principal_sigma,False,False,0,0.00031569999919156544,,,0.11172600030400265,-0.022935035363644354,0.01928096530132689,,,False,False,False
tangential_major_axis,129,anisotropic_chance,True,True,0,0.07298090000040247,1.6773616862815874,0.045296445110338625,0.11172600030400265,-0.022935035363644354,0.01928096530132689,10.522021394947163,2.5220213949471626,False,False,True
tangential_major_axis,130,deterministic,True,True,0,0.0024051000000326894,1.6773616862815874,0.045296445110338625,0.10251105295283437,-0.025747028823594628,0.020405785348795103,11.948610833782533,3.9486108337825327,False,False,True
tangential_major_axis,130,scalar_principal_sigma,False,False,0,0.00031569999919156544,,,0.10251105295283437,-0.025747028823594628,0.020405785348795103,,,False,False,False
tangential_major_axis,130,anisotropic_chance,True,True,0,0.07298090000040247,1.6773616862815874,0.045296445110338625,0.10251105295283437,-0.025747028823594628,0.020405785348795103,11.948610833782533,3.9486108337825327,False,False,True
tangential_major_axis,131,deterministic,True,True,0,0.0024051000000326894,1.6773616862815874,0.045296445110338625,0.10498407177211692,-0.024372195976828465,0.01978079480862204,10.782459807625889,2.782459807625889,False,False,True
tangential_major_axis,131,scalar_principal_sigma,False,False,0,0.00031569999919156544,,,0.10498407177211692,-0.024372195976828465,0.01978079480862204,,,False,False,False
tangential_major_axis,131,anisotropic_chance,True,True,0,0.07298090000040247,1.6773616862815874,0.045296445110338625,0.10498407177211692,-0.024372195976828465,0.01978079480862204,10.782459807625889,2.782459807625889,False,False,True
tangential_major_axis,132,deterministic,True,True,0,0.0024051000000326894,1.6773616862815874,0.045296445110338625,0.11541610618941933,-0.022509441987967605,0.02074475737151503,11.664002066651397,3.6640020666513973,False,False,True
tangential_major_axis,132,scalar_principal_sigma,False,False,0,0.00031569999919156544,,,0.11541610618941933,-0.022509441987967605,0.02074475737151503,,,False,False,False
tangential_major_axis,132,anisotropic_chance,True,True,0,0.07298090000040247,1.6773616862815874,0.045296445110338625,0.11541610618941933,-0.022509441987967605,0.02074475737151503,11.664002066651397,3.6640020666513973,False,False,True
tangential_major_axis,133,deterministic,True,True,0,0.0024051000000326894,1.6773616862815874,0.045296445110338625,0.11203018225575523,-0.023818989025188,0.022728309449802565,13.23054955754625,5.230549557546252,False,False,True
tangential_major_axis,133,scalar_principal_sigma,False,False,0,0.00031569999919156544,,,0.11203018225575523,-0.023818989025188,0.022728309449802565,,,False,False,False
tangential_major_axis,133,anisotropic_chance,True,True,0,0.07298090000040247,1.6773616862815874,0.045296445110338625,0.11203018225575523,-0.023818989025188,0.022728309449802565,13.23054955754625,5.230549557546252,False,False,True
tangential_major_axis,134,deterministic,True,True,0,0.0024051000000326894,1.6773616862815874,0.045296445110338625,0.10749611417650708,-0.02362026713958893,0.021263274009659255,11.47962384893338,3.4796238489333815,False,False,True
tangential_major_axis,134,scalar_principal_sigma,False,False,0,0.00031569999919156544,,,0.10749611417650708,-0.02362026713958893,0.021263274009659255,,,False,False,False
tangential_major_axis,134,anisotropic_chance,True,True,0,0.07298090000040247,1.6773616862815874,0.045296445110338625,0.10749611417650708,-0.02362026713958893,0.021263274009659255,11.47962384893338,3.4796238489333815,False,False,True
tangential_major_axis,135,deterministic,True,True,0,0.0024051000000326894,1.6773616862815874,0.045296445110338625,0.12877405672086523,-0.016600886367373908,0.028561513092724283,14.295555185102822,6.295555185102821,False,False,True
tangential_major_axis,135,scalar_principal_sigma,False,False,0,0.00031569999919156544,,,0.12877405672086523,-0.016600886367373908,0.028561513092724283,,,False,False,False
tangential_major_axis,135,anisotropic_chance,True,True,0,0.07298090000040247,1.6773616862815874,0.045296445110338625,0.12877405672086523,-0.016600886367373908,0.028561513092724283,14.295555185102822,6.295555185102821,False,False,True
tangential_major_axis,136,deterministic,True,True,0,0.0024051000000326894,1.6773616862815874,0.045296445110338625,0.11261332339761383,-0.022573697035657612,0.02249430090257314,12.190311829969552,4.190311829969552,False,False,True
tangential_major_axis,136,scalar_principal_sigma,False,False,0,0.00031569999919156544,,,0.11261332339761383,-0.022573697035657612,0.02249430090257314,,,False,False,False
tangential_major_axis,136,anisotropic_chance,True,True,0,0.07298090000040247,1.6773616862815874,0.045296445110338625,0.11261332339761383,-0.022573697035657612,0.02249430090257314,12.190311829969552,4.190311829969552,False,False,True
tangential_major_axis,137,deterministic,True,True,0,0.0024051000000326894,1.6773616862815874,0.045296445110338625,0.11285248625866115,-0.022484370060456702,0.021498016464873617,11.56364427828798,3.563644278287979,False,False,True
tangential_major_axis,137,scalar_principal_sigma,False,False,0,0.00031569999919156544,,,0.11285248625866115,-0.022484370060456702,0.021498016464873617,,,False,False,False
tangential_major_axis,137,anisotropic_chance,True,True,0,0.07298090000040247,1.6773616862815874,0.045296445110338625,0.11285248625866115,-0.022484370060456702,0.021498016464873617,11.56364427828798,3.563644278287979,False,False,True
tangential_major_axis,138,deterministic,True,True,0,0.0024051000000326894,1.6773616862815874,0.045296445110338625,0.10732653839241617,-0.024226276974431134,0.020021990104455097,11.191839637221047,3.191839637221047,False,False,True
tangential_major_axis,138,scalar_principal_sigma,False,False,0,0.00031569999919156544,,,0.10732653839241617,-0.024226276974431134,0.020021990104455097,,,False,False,False
tangential_major_axis,138,anisotropic_chance,True,True,0,0.07298090000040247,1.6773616862815874,0.045296445110338625,0.10732653839241617,-0.024226276974431134,0.020021990104455097,11.191839637221047,3.191839637221047,False,False,True
tangential_major_axis,139,deterministic,True,True,0,0.0024051000000326894,1.6773616862815874,0.045296445110338625,0.11160930647456328,-0.022298174159746543,0.02365685068523395,12.561767403947348,4.561767403947347,False,False,True
tangential_major_axis,139,scalar_principal_sigma,False,False,0,0.00031569999919156544,,,0.11160930647456328,-0.022298174159746543,0.02365685068523395,,,False,False,False
tangential_major_axis,139,anisotropic_chance,True,True,0,0.07298090000040247,1.6773616862815874,0.045296445110338625,0.11160930647456328,-0.022298174159746543,0.02365685068523395,12.561767403947348,4.561767403947347,False,False,True
tangential_major_axis,140,deterministic,True,True,0,0.0024051000000326894,1.6773616862815874,0.045296445110338625,0.10102459715968723,-0.027840617654728644,0.020544716005040854,13.615533311855955,5.6155333118559545,False,False,True
tangential_major_axis,140,scalar_principal_sigma,False,False,0,0.00031569999919156544,,,0.10102459715968723,-0.027840617654728644,0.020544716005040854,,,False,False,False
tangential_major_axis,140,anisotropic_chance,True,True,0,0.07298090000040247,1.6773616862815874,0.045296445110338625,0.10102459715968723,-0.027840617654728644,0.020544716005040854,13.615533311855955,5.6155333118559545,False,False,True
tangential_major_axis,141,deterministic,True,True,0,0.0024051000000326894,1.6773616862815874,0.045296445110338625,0.1069385207353999,-0.02352630424320198,0.019434341797450672,10.244614231948944,2.2446142319489435,False,False,True
tangential_major_axis,141,scalar_principal_sigma,False,False,0,0.00031569999919156544,,,0.1069385207353999,-0.02352630424320198,0.019434341797450672,,,False,False,False
tangential_major_axis,141,anisotropic_chance,True,True,0,0.07298090000040247,1.6773616862815874,0.045296445110338625,0.1069385207353999,-0.02352630424320198,0.019434341797450672,10.244614231948944,2.2446142319489435,False,False,True
tangential_major_axis,142,deterministic,True,True,0,0.0024051000000326894,1.6773616862815874,0.045296445110338625,0.1078921727196473,-0.0232478249254652,0.018847920130282653,9.790449037739956,1.7904490377399547,False,False,True
tangential_major_axis,142,scalar_principal_sigma,False,False,0,0.00031569999919156544,,,0.1078921727196473,-0.0232478249254652,0.018847920130282653,,,False,False,False
tangential_major_axis,142,anisotropic_chance,True,True,0,0.07298090000040247,1.6773616862815874,0.045296445110338625,0.1078921727196473,-0.0232478249254652,0.018847920130282653,9.790449037739956,1.7904490377399547,False,False,True
tangential_major_axis,143,deterministic,True,True,0,0.0024051000000326894,1.6773616862815874,0.045296445110338625,0.10341441181556293,-0.02274990365043723,0.017546720158856985,7.932744641386361,-0.06725535861363922,False,True,False
tangential_major_axis,143,scalar_principal_sigma,False,False,0,0.00031569999919156544,,,0.10341441181556293,-0.02274990365043723,0.017546720158856985,,,False,False,False
tangential_major_axis,143,anisotropic_chance,True,True,0,0.07298090000040247,1.6773616862815874,0.045296445110338625,0.10341441181556293,-0.02274990365043723,0.017546720158856985,7.932744641386361,-0.06725535861363922,False,True,False
tangential_major_axis,144,deterministic,True,True,0,0.0024051000000326894,1.6773616862815874,0.045296445110338625,0.08351076561616723,-0.03229391074997373,0.01779952401609354,15.874377645280463,7.874377645280461,False,False,True
tangential_major_axis,144,scalar_principal_sigma,False,False,0,0.00031569999919156544,,,0.08351076561616723,-0.03229391074997373,0.01779952401609354,,,False,False,False
tangential_major_axis,144,anisotropic_chance,True,True,0,0.07298090000040247,1.6773616862815874,0.045296445110338625,0.08351076561616723,-0.03229391074997373,0.01779952401609354,15.874377645280463,7.874377645280461,False,False,True
tangential_major_axis,145,deterministic,True,True,0,0.0024051000000326894,1.6773616862815874,0.045296445110338625,0.11340263990251007,-0.02146035212265334,0.025303736031935017,13.268454287335244,5.268454287335243,False,False,True
tangential_major_axis,145,scalar_principal_sigma,False,False,0,0.00031569999919156544,,,0.11340263990251007,-0.02146035212265334,0.025303736031935017,,,False,False,False
tangential_major_axis,145,anisotropic_chance,True,True,0,0.07298090000040247,1.6773616862815874,0.045296445110338625,0.11340263990251007,-0.02146035212265334,0.025303736031935017,13.268454287335244,5.268454287335243,False,False,True
tangential_major_axis,146,deterministic,True,True,0,0.0024051000000326894,1.6773616862815874,0.045296445110338625,0.11315601559539594,-0.022189402897522494,0.02172406345513211,11.51427731308177,3.51427731308177,False,False,True
tangential_major_axis,146,scalar_principal_sigma,False,False,0,0.00031569999919156544,,,0.11315601559539594,-0.022189402897522494,0.02172406345513211,,,False,False,False
tangential_major_axis,146,anisotropic_chance,True,True,0,0.07298090000040247,1.6773616862815874,0.045296445110338625,0.11315601559539594,-0.022189402897522494,0.02172406345513211,11.51427731308177,3.51427731308177,False,False,True
tangential_major_axis,147,deterministic,True,True,0,0.0024051000000326894,1.6773616862815874,0.045296445110338625,0.10947511809325847,-0.02328107676795954,0.019521425399500202,10.454092673360066,2.454092673360065,False,False,True
tangential_major_axis,147,scalar_principal_sigma,False,False,0,0.00031569999919156544,,,0.10947511809325847,-0.02328107676795954,0.019521425399500202,,,False,False,False
tangential_major_axis,147,anisotropic_chance,True,True,0,0.07298090000040247,1.6773616862815874,0.045296445110338625,0.10947511809325847,-0.02328107676795954,0.019521425399500202,10.454092673360066,2.454092673360065,False,False,True
tangential_major_axis,148,deterministic,True,True,0,0.0024051000000326894,1.6773616862815874,0.045296445110338625,0.10280130174823852,-0.025227082088603928,0.02094184256459411,11.90613517552754,3.9061351755275404,False,False,True
tangential_major_axis,148,scalar_principal_sigma,False,False,0,0.00031569999919156544,,,0.10280130174823852,-0.025227082088603928,0.02094184256459411,,,False,False,False
tangential_major_axis,148,anisotropic_chance,True,True,0,0.07298090000040247,1.6773616862815874,0.045296445110338625,0.10280130174823852,-0.025227082088603928,0.02094184256459411,11.90613517552754,3.9061351755275404,False,False,True
tangential_major_axis,149,deterministic,True,True,0,0.0024051000000326894,1.6773616862815874,0.045296445110338625,0.11438252702026563,-0.02415681676420132,0.02213753197429272,13.538022934704156,5.5380229347041565,False,False,True
tangential_major_axis,149,scalar_principal_sigma,False,False,0,0.00031569999919156544,,,0.11438252702026563,-0.02415681676420132,0.02213753197429272,,,False,False,False
tangential_major_axis,149,anisotropic_chance,True,True,0,0.07298090000040247,1.6773616862815874,0.045296445110338625,0.11438252702026563,-0.02415681676420132,0.02213753197429272,13.538022934704156,5.5380229347041565,False,False,True
tangential_major_axis,150,deterministic,True,True,0,0.0024051000000326894,1.6773616862815874,0.045296445110338625,0.10985922989197079,-0.02109877833210104,0.023353266973593512,11.288043541046815,3.288043541046814,False,False,True
tangential_major_axis,150,scalar_principal_sigma,False,False,0,0.00031569999919156544,,,0.10985922989197079,-0.02109877833210104,0.023353266973593512,,,False,False,False
tangential_major_axis,150,anisotropic_chance,True,True,0,0.07298090000040247,1.6773616862815874,0.045296445110338625,0.10985922989197079,-0.02109877833210104,0.023353266973593512,11.288043541046815,3.288043541046814,False,False,True
tangential_major_axis,151,deterministic,True,True,0,0.0024051000000326894,1.6773616862815874,0.045296445110338625,0.09767277893031802,-0.025589165415736376,0.016468721788195716,9.43064547476624,1.4306454747662396,False,False,True
tangential_major_axis,151,scalar_principal_sigma,False,False,0,0.00031569999919156544,,,0.09767277893031802,-0.025589165415736376,0.016468721788195716,,,False,False,False
tangential_major_axis,151,anisotropic_chance,True,True,0,0.07298090000040247,1.6773616862815874,0.045296445110338625,0.09767277893031802,-0.025589165415736376,0.016468721788195716,9.43064547476624,1.4306454747662396,False,False,True
tangential_major_axis,152,deterministic,True,True,0,0.0024051000000326894,1.6773616862815874,0.045296445110338625,0.10901720228408018,-0.022461282463851536,0.021206271333273064,10.763750523223333,2.7637505232233335,False,False,True
tangential_major_axis,152,scalar_principal_sigma,False,False,0,0.00031569999919156544,,,0.10901720228408018,-0.022461282463851536,0.021206271333273064,,,False,False,False
tangential_major_axis,152,anisotropic_chance,True,True,0,0.07298090000040247,1.6773616862815874,0.045296445110338625,0.10901720228408018,-0.022461282463851536,0.021206271333273064,10.763750523223333,2.7637505232233335,False,False,True
tangential_major_axis,153,deterministic,True,True,0,0.0024051000000326894,1.6773616862815874,0.045296445110338625,0.10120527308103047,-0.02650045484224395,0.019973822413012415,12.206631443617171,4.206631443617171,False,False,True
tangential_major_axis,153,scalar_principal_sigma,False,False,0,0.00031569999919156544,,,0.10120527308103047,-0.02650045484224395,0.019973822413012415,,,False,False,False
tangential_major_axis,153,anisotropic_chance,True,True,0,0.07298090000040247,1.6773616862815874,0.045296445110338625,0.10120527308103047,-0.02650045484224395,0.019973822413012415,12.206631443617171,4.206631443617171,False,False,True
tangential_major_axis,154,deterministic,True,True,0,0.0024051000000326894,1.6773616862815874,0.045296445110338625,0.1170950419439627,-0.019730335742004113,0.020708619840650727,9.726865612432022,1.726865612432021,False,False,True
tangential_major_axis,154,scalar_principal_sigma,False,False,0,0.00031569999919156544,,,0.1170950419439627,-0.019730335742004113,0.020708619840650727,,,False,False,False
tangential_major_axis,154,anisotropic_chance,True,True,0,0.07298090000040247,1.6773616862815874,0.045296445110338625,0.1170950419439627,-0.019730335742004113,0.020708619840650727,9.726865612432022,1.726865612432021,False,False,True
tangential_major_axis,155,deterministic,True,True,0,0.0024051000000326894,1.6773616862815874,0.045296445110338625,0.09559776779503673,-0.027728285875541145,0.016695654088805467,11.366691258897337,3.3666912588973372,False,False,True
tangential_major_axis,155,scalar_principal_sigma,False,False,0,0.00031569999919156544,,,0.09559776779503673,-0.027728285875541145,0.016695654088805467,,,False,False,False
tangential_major_axis,155,anisotropic_chance,True,True,0,0.07298090000040247,1.6773616862815874,0.045296445110338625,0.09559776779503673,-0.027728285875541145,0.016695654088805467,11.366691258897337,3.3666912588973372,False,False,True
tangential_major_axis,156,deterministic,True,True,0,0.0024051000000326894,1.6773616862815874,0.045296445110338625,0.10715528864412079,-0.023678361708171367,0.024259939622480152,13.422848963960966,5.422848963960965,False,False,True
tangential_major_axis,156,scalar_principal_sigma,False,False,0,0.00031569999919156544,,,0.10715528864412079,-0.023678361708171367,0.024259939622480152,,,False,False,False
tangential_major_axis,156,anisotropic_chance,True,True,0,0.07298090000040247,1.6773616862815874,0.045296445110338625,0.10715528864412079,-0.023678361708171367,0.024259939622480152,13.422848963960966,5.422848963960965,False,False,True
tangential_major_axis,157,deterministic,True,True,0,0.0024051000000326894,1.6773616862815874,0.045296445110338625,0.11035372773512214,-0.02453724238282475,0.02126812223314227,12.636276924744358,4.636276924744357,False,False,True
tangential_major_axis,157,scalar_principal_sigma,False,False,0,0.00031569999919156544,,,0.11035372773512214,-0.02453724238282475,0.02126812223314227,,,False,False,False
tangential_major_axis,157,anisotropic_chance,True,True,0,0.07298090000040247,1.6773616862815874,0.045296445110338625,0.11035372773512214,-0.02453724238282475,0.02126812223314227,12.636276924744358,4.636276924744357,False,False,True
tangential_major_axis,158,deterministic,True,True,0,0.0024051000000326894,1.6773616862815874,0.045296445110338625,0.10683300456708282,-0.021605785917714098,0.01952772690309217,8.76705958653765,0.7670595865376505,False,False,True
tangential_major_axis,158,scalar_principal_sigma,False,False,0,0.00031569999919156544,,,0.10683300456708282,-0.021605785917714098,0.01952772690309217,,,False,False,False
tangential_major_axis,158,anisotropic_chance,True,True,0,0.07298090000040247,1.6773616862815874,0.045296445110338625,0.10683300456708282,-0.021605785917714098,0.01952772690309217,8.76705958653765,0.7670595865376505,False,False,True
tangential_major_axis,159,deterministic,True,True,0,0.0024051000000326894,1.6773616862815874,0.045296445110338625,0.10472581685191273,-0.025034049947039876,0.01855793822817351,10.518789205002992,2.5187892050029923,False,False,True
tangential_major_axis,159,scalar_principal_sigma,False,False,0,0.00031569999919156544,,,0.10472581685191273,-0.025034049947039876,0.01855793822817351,,,False,False,False
tangential_major_axis,159,anisotropic_chance,True,True,0,0.07298090000040247,1.6773616862815874,0.045296445110338625,0.10472581685191273,-0.025034049947039876,0.01855793822817351,10.518789205002992,2.5187892050029923,False,False,True
tangential_major_axis,160,deterministic,True,True,0,0.0024051000000326894,1.6773616862815874,0.045296445110338625,0.1148570377165104,-0.022299632168711718,0.02297752769461222,12.683373900618493,4.683373900618492,False,False,True
tangential_major_axis,160,scalar_principal_sigma,False,False,0,0.00031569999919156544,,,0.1148570377165104,-0.022299632168711718,0.02297752769461222,,,False,False,False
tangential_major_axis,160,anisotropic_chance,True,True,0,0.07298090000040247,1.6773616862815874,0.045296445110338625,0.1148570377165104,-0.022299632168711718,0.02297752769461222,12.683373900618493,4.683373900618492,False,False,True
tangential_major_axis,161,deterministic,True,True,0,0.0024051000000326894,1.6773616862815874,0.045296445110338625,0.10850984644453535,-0.024640364254543412,0.020185789187554933,11.76864969859407,3.7686496985940687,False,False,True
tangential_major_axis,161,scalar_principal_sigma,False,False,0,0.00031569999919156544,,,0.10850984644453535,-0.024640364254543412,0.020185789187554933,,,False,False,False
tangential_major_axis,161,anisotropic_chance,True,True,0,0.07298090000040247,1.6773616862815874,0.045296445110338625,0.10850984644453535,-0.024640364254543412,0.020185789187554933,11.76864969859407,3.7686496985940687,False,False,True
tangential_major_axis,162,deterministic,True,True,0,0.0024051000000326894,1.6773616862815874,0.045296445110338625,0.11271769018828885,-0.02179103571873984,0.01991846869896784,10.077568051599135,2.0775680515991346,False,False,True
tangential_major_axis,162,scalar_principal_sigma,False,False,0,0.00031569999919156544,,,0.11271769018828885,-0.02179103571873984,0.01991846869896784,,,False,False,False
tangential_major_axis,162,anisotropic_chance,True,True,0,0.07298090000040247,1.6773616862815874,0.045296445110338625,0.11271769018828885,-0.02179103571873984,0.01991846869896784,10.077568051599135,2.0775680515991346,False,False,True
tangential_major_axis,163,deterministic,True,True,0,0.0024051000000326894,1.6773616862815874,0.045296445110338625,0.10305574907082841,-0.02577148559423948,0.016585549525656138,9.799148124354907,1.799148124354907,False,False,True
tangential_major_axis,163,scalar_principal_sigma,False,False,0,0.00031569999919156544,,,0.10305574907082841,-0.02577148559423948,0.016585549525656138,,,False,False,False
tangential_major_axis,163,anisotropic_chance,True,True,0,0.07298090000040247,1.6773616862815874,0.045296445110338625,0.10305574907082841,-0.02577148559423948,0.016585549525656138,9.799148124354907,1.799148124354907,False,False,True
tangential_major_axis,164,deterministic,True,True,0,0.0024051000000326894,1.6773616862815874,0.045296445110338625,0.10745610322869048,-0.023350838610972,0.022836978698895446,12.269299517482718,4.269299517482719,False,False,True
tangential_major_axis,164,scalar_principal_sigma,False,False,0,0.00031569999919156544,,,0.10745610322869048,-0.023350838610972,0.022836978698895446,,,False,False,False
tangential_major_axis,164,anisotropic_chance,True,True,0,0.07298090000040247,1.6773616862815874,0.045296445110338625,0.10745610322869048,-0.023350838610972,0.022836978698895446,12.269299517482718,4.269299517482719,False,False,True
tangential_major_axis,165,deterministic,True,True,0,0.0024051000000326894,1.6773616862815874,0.045296445110338625,0.11751402565034338,-0.02051090318259138,0.022737547702293744,11.583339466527189,3.583339466527188,False,False,True
tangential_major_axis,165,scalar_principal_sigma,False,False,0,0.00031569999919156544,,,0.11751402565034338,-0.02051090318259138,0.022737547702293744,,,False,False,False
tangential_major_axis,165,anisotropic_chance,True,True,0,0.07298090000040247,1.6773616862815874,0.045296445110338625,0.11751402565034338,-0.02051090318259138,0.022737547702293744,11.583339466527189,3.583339466527188,False,False,True
tangential_major_axis,166,deterministic,True,True,0,0.0024051000000326894,1.6773616862815874,0.045296445110338625,0.1141891869724999,-0.022545160686303058,0.02227213292636757,12.308951939378218,4.308951939378217,False,False,True
tangential_major_axis,166,scalar_principal_sigma,False,False,0,0.00031569999919156544,,,0.1141891869724999,-0.022545160686303058,0.02227213292636757,,,False,False,False
tangential_major_axis,166,anisotropic_chance,True,True,0,0.07298090000040247,1.6773616862815874,0.045296445110338625,0.1141891869724999,-0.022545160686303058,0.02227213292636757,12.308951939378218,4.308951939378217,False,False,True
tangential_major_axis,167,deterministic,True,True,0,0.0024051000000326894,1.6773616862815874,0.045296445110338625,0.11080856445048283,-0.02245927316967681,0.02335352795636077,12.408561024210748,4.408561024210748,False,False,True
tangential_major_axis,167,scalar_principal_sigma,False,False,0,0.00031569999919156544,,,0.11080856445048283,-0.02245927316967681,0.02335352795636077,,,False,False,False
tangential_major_axis,167,anisotropic_chance,True,True,0,0.07298090000040247,1.6773616862815874,0.045296445110338625,0.11080856445048283,-0.02245927316967681,0.02335352795636077,12.408561024210748,4.408561024210748,False,False,True
tangential_major_axis,168,deterministic,True,True,0,0.0024051000000326894,1.6773616862815874,0.045296445110338625,0.0944993943726917,-0.027150448739314645,0.015744459732679943,10.385265317026276,2.385265317026276,False,False,True
tangential_major_axis,168,scalar_principal_sigma,False,False,0,0.00031569999919156544,,,0.0944993943726917,-0.027150448739314645,0.015744459732679943,,,False,False,False
tangential_major_axis,168,anisotropic_chance,True,True,0,0.07298090000040247,1.6773616862815874,0.045296445110338625,0.0944993943726917,-0.027150448739314645,0.015744459732679943,10.385265317026276,2.385265317026276,False,False,True
tangential_major_axis,169,deterministic,True,True,0,0.0024051000000326894,1.6773616862815874,0.045296445110338625,0.12806196325829905,-0.016261779926698663,0.026977326718629336,12.98041171991635,4.980411719916351,False,False,True
tangential_major_axis,169,scalar_principal_sigma,False,False,0,0.00031569999919156544,,,0.12806196325829905,-0.016261779926698663,0.026977326718629336,,,False,False,False
tangential_major_axis,169,anisotropic_chance,True,True,0,0.07298090000040247,1.6773616862815874,0.045296445110338625,0.12806196325829905,-0.016261779926698663,0.026977326718629336,12.98041171991635,4.980411719916351,False,False,True
tangential_major_axis,170,deterministic,True,True,0,0.0024051000000326894,1.6773616862815874,0.045296445110338625,0.10591503297751177,-0.024250673746946318,0.021130121698467702,11.704202104591067,3.704202104591067,False,False,True
tangential_major_axis,170,scalar_principal_sigma,False,False,0,0.00031569999919156544,,,0.10591503297751177,-0.024250673746946318,0.021130121698467702,,,False,False,False
tangential_major_axis,170,anisotropic_chance,True,True,0,0.07298090000040247,1.6773616862815874,0.045296445110338625,0.10591503297751177,-0.024250673746946318,0.021130121698467702,11.704202104591067,3.704202104591067,False,False,True
tangential_major_axis,171,deterministic,True,True,0,0.0024051000000326894,1.6773616862815874,0.045296445110338625,0.10819063883808396,-0.023482624124477592,0.022611725477745308,12.310718145228117,4.310718145228117,False,False,True
tangential_major_axis,171,scalar_principal_sigma,False,False,0,0.00031569999919156544,,,0.10819063883808396,-0.023482624124477592,0.022611725477745308,,,False,False,False
tangential_major_axis,171,anisotropic_chance,True,True,0,0.07298090000040247,1.6773616862815874,0.045296445110338625,0.10819063883808396,-0.023482624124477592,0.022611725477745308,12.310718145228117,4.310718145228117,False,False,True
tangential_major_axis,172,deterministic,True,True,0,0.0024051000000326894,1.6773616862815874,0.045296445110338625,0.10953476857175723,-0.022037069024736813,0.0236333260119205,12.128662714282623,4.128662714282623,False,False,True
tangential_major_axis,172,scalar_principal_sigma,False,False,0,0.00031569999919156544,,,0.10953476857175723,-0.022037069024736813,0.0236333260119205,,,False,False,False
tangential_major_axis,172,anisotropic_chance,True,True,0,0.07298090000040247,1.6773616862815874,0.045296445110338625,0.10953476857175723,-0.022037069024736813,0.0236333260119205,12.128662714282623,4.128662714282623,False,False,True
tangential_major_axis,173,deterministic,True,True,0,0.0024051000000326894,1.6773616862815874,0.045296445110338625,0.11621643358489285,-0.021684373972245295,0.025454246798313505,13.925025056651176,5.925025056651175,False,False,True
tangential_major_axis,173,scalar_principal_sigma,False,False,0,0.00031569999919156544,,,0.11621643358489285,-0.021684373972245295,0.025454246798313505,,,False,False,False
tangential_major_axis,173,anisotropic_chance,True,True,0,0.07298090000040247,1.6773616862815874,0.045296445110338625,0.11621643358489285,-0.021684373972245295,0.025454246798313505,13.925025056651176,5.925025056651175,False,False,True
tangential_major_axis,174,deterministic,True,True,0,0.0024051000000326894,1.6773616862815874,0.045296445110338625,0.08707227610515884,-0.029155981020438263,0.01373823160178229,11.230579219250245,3.2305792192502456,False,False,True
tangential_major_axis,174,scalar_principal_sigma,False,False,0,0.00031569999919156544,,,0.08707227610515884,-0.029155981020438263,0.01373823160178229,,,False,False,False
tangential_major_axis,174,anisotropic_chance,True,True,0,0.07298090000040247,1.6773616862815874,0.045296445110338625,0.08707227610515884,-0.029155981020438263,0.01373823160178229,11.230579219250245,3.2305792192502456,False,False,True
tangential_major_axis,175,deterministic,True,True,0,0.0024051000000326894,1.6773616862815874,0.045296445110338625,0.10709039810717859,-0.024589742653184938,0.021348771622946183,12.248304576512796,4.248304576512796,False,False,True
tangential_major_axis,175,scalar_principal_sigma,False,False,0,0.00031569999919156544,,,0.10709039810717859,-0.024589742653184938,0.021348771622946183,,,False,False,False
tangential_major_axis,175,anisotropic_chance,True,True,0,0.07298090000040247,1.6773616862815874,0.045296445110338625,0.10709039810717859,-0.024589742653184938,0.021348771622946183,12.248304576512796,4.248304576512796,False,False,True
tangential_major_axis,176,deterministic,True,True,0,0.0024051000000326894,1.6773616862815874,0.045296445110338625,0.0968443087656382,-0.026261065749850647,0.01442733261449181,8.963169069495265,0.9631690694952653,False,False,True
tangential_major_axis,176,scalar_principal_sigma,False,False,0,0.00031569999919156544,,,0.0968443087656382,-0.026261065749850647,0.01442733261449181,,,False,False,False
tangential_major_axis,176,anisotropic_chance,True,True,0,0.07298090000040247,1.6773616862815874,0.045296445110338625,0.0968443087656382,-0.026261065749850647,0.01442733261449181,8.963169069495265,0.9631690694952653,False,False,True
tangential_major_axis,177,deterministic,True,True,0,0.0024051000000326894,1.6773616862815874,0.045296445110338625,0.11549309848886034,-0.022382578204509243,0.025218347733959916,14.229763477884187,6.229763477884188,False,False,True
tangential_major_axis,177,scalar_principal_sigma,False,False,0,0.00031569999919156544,,,0.11549309848886034,-0.022382578204509243,0.025218347733959916,,,False,False,False
tangential_major_axis,177,anisotropic_chance,True,True,0,0.07298090000040247,1.6773616862815874,0.045296445110338625,0.11549309848886034,-0.022382578204509243,0.025218347733959916,14.229763477884187,6.229763477884188,False,False,True
tangential_major_axis,178,deterministic,True,True,0,0.0024051000000326894,1.6773616862815874,0.045296445110338625,0.10797221229153181,-0.02498710201374099,0.017962535198654126,10.74470352025096,2.7447035202509595,False,False,True
tangential_major_axis,178,scalar_principal_sigma,False,False,0,0.00031569999919156544,,,0.10797221229153181,-0.02498710201374099,0.017962535198654126,,,False,False,False
tangential_major_axis,178,anisotropic_chance,True,True,0,0.07298090000040247,1.6773616862815874,0.045296445110338625,0.10797221229153181,-0.02498710201374099,0.017962535198654126,10.74470352025096,2.7447035202509595,False,False,True
tangential_major_axis,179,deterministic,True,True,0,0.0024051000000326894,1.6773616862815874,0.045296445110338625,0.09254945465819706,-0.02745761243074324,0.014386998444626153,9.998487134739028,1.9984871347390274,False,False,True
tangential_major_axis,179,scalar_principal_sigma,False,False,0,0.00031569999919156544,,,0.09254945465819706,-0.02745761243074324,0.014386998444626153,,,False,False,False
tangential_major_axis,179,anisotropic_chance,True,True,0,0.07298090000040247,1.6773616862815874,0.045296445110338625,0.09254945465819706,-0.02745761243074324,0.014386998444626153,9.998487134739028,1.9984871347390274,False,False,True
tangential_major_axis,180,deterministic,True,True,0,0.0024051000000326894,1.6773616862815874,0.045296445110338625,0.11333150392569934,-0.022234452218987528,0.019955351120778616,10.563655873954302,2.563655873954301,False,False,True
tangential_major_axis,180,scalar_principal_sigma,False,False,0,0.00031569999919156544,,,0.11333150392569934,-0.022234452218987528,0.019955351120778616,,,False,False,False
tangential_major_axis,180,anisotropic_chance,True,True,0,0.07298090000040247,1.6773616862815874,0.045296445110338625,0.11333150392569934,-0.022234452218987528,0.019955351120778616,10.563655873954302,2.563655873954301,False,False,True
tangential_major_axis,181,deterministic,True,True,0,0.0024051000000326894,1.6773616862815874,0.045296445110338625,0.1127255999685901,-0.02324713880291232,0.02317576372577526,13.146309468368573,5.146309468368573,False,False,True
tangential_major_axis,181,scalar_principal_sigma,False,False,0,0.00031569999919156544,,,0.1127255999685901,-0.02324713880291232,0.02317576372577526,,,False,False,False
tangential_major_axis,181,anisotropic_chance,True,True,0,0.07298090000040247,1.6773616862815874,0.045296445110338625,0.1127255999685901,-0.02324713880291232,0.02317576372577526,13.146309468368573,5.146309468368573,False,False,True
tangential_major_axis,182,deterministic,True,True,0,0.0024051000000326894,1.6773616862815874,0.045296445110338625,0.1105126223802936,-0.021224764234457016,0.019678902961977274,9.16217840592857,1.16217840592857,False,False,True
tangential_major_axis,182,scalar_principal_sigma,False,False,0,0.00031569999919156544,,,0.1105126223802936,-0.021224764234457016,0.019678902961977274,,,False,False,False
tangential_major_axis,182,anisotropic_chance,True,True,0,0.07298090000040247,1.6773616862815874,0.045296445110338625,0.1105126223802936,-0.021224764234457016,0.019678902961977274,9.16217840592857,1.16217840592857,False,False,True
tangential_major_axis,183,deterministic,True,True,0,0.0024051000000326894,1.6773616862815874,0.045296445110338625,0.0959381451805014,-0.027129148721713986,0.018180627271879836,11.657708406498712,3.6577084064987107,False,False,True
tangential_major_axis,183,scalar_principal_sigma,False,False,0,0.00031569999919156544,,,0.0959381451805014,-0.027129148721713986,0.018180627271879836,,,False,False,False
tangential_major_axis,183,anisotropic_chance,True,True,0,0.07298090000040247,1.6773616862815874,0.045296445110338625,0.0959381451805014,-0.027129148721713986,0.018180627271879836,11.657708406498712,3.6577084064987107,False,False,True
tangential_major_axis,184,deterministic,True,True,0,0.0024051000000326894,1.6773616862815874,0.045296445110338625,0.09503189347728876,-0.029169861850950843,0.01563482467350333,12.095748714521417,4.095748714521416,False,False,True
tangential_major_axis,184,scalar_principal_sigma,False,False,0,0.00031569999919156544,,,0.09503189347728876,-0.029169861850950843,0.01563482467350333,,,False,False,False
tangential_major_axis,184,anisotropic_chance,True,True,0,0.07298090000040247,1.6773616862815874,0.045296445110338625,0.09503189347728876,-0.029169861850950843,0.01563482467350333,12.095748714521417,4.095748714521416,False,False,True
tangential_major_axis,185,deterministic,True,True,0,0.0024051000000326894,1.6773616862815874,0.045296445110338625,0.11481812484312524,-0.02139723829394619,0.02289208910431726,11.939067261875364,3.939067261875364,False,False,True
tangential_major_axis,185,scalar_principal_sigma,False,False,0,0.00031569999919156544,,,0.11481812484312524,-0.02139723829394619,0.02289208910431726,,,False,False,False
tangential_major_axis,185,anisotropic_chance,True,True,0,0.07298090000040247,1.6773616862815874,0.045296445110338625,0.11481812484312524,-0.02139723829394619,0.02289208910431726,11.939067261875364,3.939067261875364,False,False,True
tangential_major_axis,186,deterministic,True,True,0,0.0024051000000326894,1.6773616862815874,0.045296445110338625,0.11129741017736282,-0.022013859322100596,0.02111548374264993,10.748138099212994,2.7481380992129942,False,False,True
tangential_major_axis,186,scalar_principal_sigma,False,False,0,0.00031569999919156544,,,0.11129741017736282,-0.022013859322100596,0.02111548374264993,,,False,False,False
tangential_major_axis,186,anisotropic_chance,True,True,0,0.07298090000040247,1.6773616862815874,0.045296445110338625,0.11129741017736282,-0.022013859322100596,0.02111548374264993,10.748138099212994,2.7481380992129942,False,False,True
tangential_major_axis,187,deterministic,True,True,0,0.0024051000000326894,1.6773616862815874,0.045296445110338625,0.10746972590230477,-0.02359325715242136,0.020046778121706098,10.716605726544639,2.716605726544639,False,False,True
tangential_major_axis,187,scalar_principal_sigma,False,False,0,0.00031569999919156544,,,0.10746972590230477,-0.02359325715242136,0.020046778121706098,,,False,False,False
tangential_major_axis,187,anisotropic_chance,True,True,0,0.07298090000040247,1.6773616862815874,0.045296445110338625,0.10746972590230477,-0.02359325715242136,0.020046778121706098,10.716605726544639,2.716605726544639,False,False,True
tangential_major_axis,188,deterministic,True,True,0,0.0024051000000326894,1.6773616862815874,0.045296445110338625,0.10917917951906699,-0.02249508400722484,0.019132817825802558,9.552409482466778,1.5524094824667778,False,False,True
tangential_major_axis,188,scalar_principal_sigma,False,False,0,0.00031569999919156544,,,0.10917917951906699,-0.02249508400722484,0.019132817825802558,,,False,False,False
tangential_major_axis,188,anisotropic_chance,True,True,0,0.07298090000040247,1.6773616862815874,0.045296445110338625,0.10917917951906699,-0.02249508400722484,0.019132817825802558,9.552409482466778,1.5524094824667778,False,False,True
tangential_major_axis,189,deterministic,True,True,0,0.0024051000000326894,1.6773616862815874,0.045296445110338625,0.11770233244426784,-0.02042798823000687,0.021366971468665532,10.773867200879707,2.7738672008797063,False,False,True
tangential_major_axis,189,scalar_principal_sigma,False,False,0,0.00031569999919156544,,,0.11770233244426784,-0.02042798823000687,0.021366971468665532,,,False,False,False
tangential_major_axis,189,anisotropic_chance,True,True,0,0.07298090000040247,1.6773616862815874,0.045296445110338625,0.11770233244426784,-0.02042798823000687,0.021366971468665532,10.773867200879707,2.7738672008797063,False,False,True
tangential_major_axis,190,deterministic,True,True,0,0.0024051000000326894,1.6773616862815874,0.045296445110338625,0.11807191776160883,-0.018433496885196934,0.02160473668987579,9.404765334591154,1.404765334591154,False,False,True
tangential_major_axis,190,scalar_principal_sigma,False,False,0,0.00031569999919156544,,,0.11807191776160883,-0.018433496885196934,0.02160473668987579,,,False,False,False
tangential_major_axis,190,anisotropic_chance,True,True,0,0.07298090000040247,1.6773616862815874,0.045296445110338625,0.11807191776160883,-0.018433496885196934,0.02160473668987579,9.404765334591154,1.404765334591154,False,False,True
tangential_major_axis,191,deterministic,True,True,0,0.0024051000000326894,1.6773616862815874,0.045296445110338625,0.10046691952269157,-0.026320270016266353,0.021574744480546578,13.03592553421627,5.03592553421627,False,False,True
tangential_major_axis,191,scalar_principal_sigma,False,False,0,0.00031569999919156544,,,0.10046691952269157,-0.026320270016266353,0.021574744480546578,,,False,False,False
tangential_major_axis,191,anisotropic_chance,True,True,0,0.07298090000040247,1.6773616862815874,0.045296445110338625,0.10046691952269157,-0.026320270016266353,0.021574744480546578,13.03592553421627,5.03592553421627,False,False,True
tangential_major_axis,192,deterministic,True,True,0,0.0024051000000326894,1.6773616862815874,0.045296445110338625,0.10195383273273198,-0.026057427566367974,0.021825485416012116,13.046421359205528,5.046421359205527,False,False,True
tangential_major_axis,192,scalar_principal_sigma,False,False,0,0.00031569999919156544,,,0.10195383273273198,-0.026057427566367974,0.021825485416012116,,,False,False,False
tangential_major_axis,192,anisotropic_chance,True,True,0,0.07298090000040247,1.6773616862815874,0.045296445110338625,0.10195383273273198,-0.026057427566367974,0.021825485416012116,13.046421359205528,5.046421359205527,False,False,True
tangential_major_axis,193,deterministic,True,True,0,0.0024051000000326894,1.6773616862815874,0.045296445110338625,0.11361604087809217,-0.021756420609552643,0.022177884565618006,11.531197406053106,3.531197406053106,False,False,True
tangential_major_axis,193,scalar_principal_sigma,False,False,0,0.00031569999919156544,,,0.11361604087809217,-0.021756420609552643,0.022177884565618006,,,False,False,False
tangential_major_axis,193,anisotropic_chance,True,True,0,0.07298090000040247,1.6773616862815874,0.045296445110338625,0.11361604087809217,-0.021756420609552643,0.022177884565618006,11.531197406053106,3.531197406053106,False,False,True
tangential_major_axis,194,deterministic,True,True,0,0.0024051000000326894,1.6773616862815874,0.045296445110338625,0.09631681594279883,-0.025485507438348525,0.017736961795878494,10.05013531594623,2.050135315946231,False,False,True
tangential_major_axis,194,scalar_principal_sigma,False,False,0,0.00031569999919156544,,,0.09631681594279883,-0.025485507438348525,0.017736961795878494,,,False,False,False
tangential_major_axis,194,anisotropic_chance,True,True,0,0.07298090000040247,1.6773616862815874,0.045296445110338625,0.09631681594279883,-0.025485507438348525,0.017736961795878494,10.05013531594623,2.050135315946231,False,False,True
tangential_major_axis,195,deterministic,True,True,0,0.0024051000000326894,1.6773616862815874,0.045296445110338625,0.09549209767683027,-0.02719080837886384,0.015511223503158231,10.303963245266887,2.3039632452668877,False,False,True
tangential_major_axis,195,scalar_principal_sigma,False,False,0,0.00031569999919156544,,,0.09549209767683027,-0.02719080837886384,0.015511223503158231,,,False,False,False
tangential_major_axis,195,anisotropic_chance,True,True,0,0.07298090000040247,1.6773616862815874,0.045296445110338625,0.09549209767683027,-0.02719080837886384,0.015511223503158231,10.303963245266887,2.3039632452668877,False,False,True
tangential_major_axis,196,deterministic,True,True,0,0.0024051000000326894,1.6773616862815874,0.045296445110338625,0.0932672572744476,-0.029188567087973828,0.015087573482829795,11.857378505427631,3.85737850542763,False,False,True
tangential_major_axis,196,scalar_principal_sigma,False,False,0,0.00031569999919156544,,,0.0932672572744476,-0.029188567087973828,0.015087573482829795,,,False,False,False
tangential_major_axis,196,anisotropic_chance,True,True,0,0.07298090000040247,1.6773616862815874,0.045296445110338625,0.0932672572744476,-0.029188567087973828,0.015087573482829795,11.857378505427631,3.85737850542763,False,False,True
tangential_major_axis,197,deterministic,True,True,0,0.0024051000000326894,1.6773616862815874,0.045296445110338625,0.1163675581583516,-0.02040932981570188,0.020359903975730568,9.967225279428146,1.967225279428145,False,False,True
tangential_major_axis,197,scalar_principal_sigma,False,False,0,0.00031569999919156544,,,0.1163675581583516,-0.02040932981570188,0.020359903975730568,,,False,False,False
tangential_major_axis,197,anisotropic_chance,True,True,0,0.07298090000040247,1.6773616862815874,0.045296445110338625,0.1163675581583516,-0.02040932981570188,0.020359903975730568,9.967225279428146,1.967225279428145,False,False,True
tangential_major_axis,198,deterministic,True,True,0,0.0024051000000326894,1.6773616862815874,0.045296445110338625,0.11857953239333116,-0.020203049863394374,0.025598884477448604,13.308431255948195,5.308431255948194,False,False,True
tangential_major_axis,198,scalar_principal_sigma,False,False,0,0.00031569999919156544,,,0.11857953239333116,-0.020203049863394374,0.025598884477448604,,,False,False,False
tangential_major_axis,198,anisotropic_chance,True,True,0,0.07298090000040247,1.6773616862815874,0.045296445110338625,0.11857953239333116,-0.020203049863394374,0.025598884477448604,13.308431255948195,5.308431255948194,False,False,True
tangential_major_axis,199,deterministic,True,True,0,0.0024051000000326894,1.6773616862815874,0.045296445110338625,0.10493054968511913,-0.02540739004445346,0.02068641415205642,12.13266544573227,4.132665445732269,False,False,True
tangential_major_axis,199,scalar_principal_sigma,False,False,0,0.00031569999919156544,,,0.10493054968511913,-0.02540739004445346,0.02068641415205642,,,False,False,False
tangential_major_axis,199,anisotropic_chance,True,True,0,0.07298090000040247,1.6773616862815874,0.045296445110338625,0.10493054968511913,-0.02540739004445346,0.02068641415205642,12.13266544573227,4.132665445732269,False,False,True
tangential_major_axis,200,deterministic,True,True,0,0.0024051000000326894,1.6773616862815874,0.045296445110338625,0.11547086134371004,-0.021294760298550795,0.02150661371474141,11.17005048456978,3.1700504845697792,False,False,True
tangential_major_axis,200,scalar_principal_sigma,False,False,0,0.00031569999919156544,,,0.11547086134371004,-0.021294760298550795,0.02150661371474141,,,False,False,False
tangential_major_axis,200,anisotropic_chance,True,True,0,0.07298090000040247,1.6773616862815874,0.045296445110338625,0.11547086134371004,-0.021294760298550795,0.02150661371474141,11.17005048456978,3.1700504845697792,False,False,True
tangential_major_axis,201,deterministic,True,True,0,0.0024051000000326894,1.6773616862815874,0.045296445110338625,0.11175550915508667,-0.024007516755847093,0.020324467807417094,11.972224793175922,3.9722247931759225,False,False,True
tangential_major_axis,201,scalar_principal_sigma,False,False,0,0.00031569999919156544,,,0.11175550915508667,-0.024007516755847093,0.020324467807417094,,,False,False,False
tangential_major_axis,201,anisotropic_chance,True,True,0,0.07298090000040247,1.6773616862815874,0.045296445110338625,0.11175550915508667,-0.024007516755847093,0.020324467807417094,11.972224793175922,3.9722247931759225,False,False,True
tangential_major_axis,202,deterministic,True,True,0,0.0024051000000326894,1.6773616862815874,0.045296445110338625,0.10948751163807934,-0.024154203729883424,0.02493182438128104,14.52035133829358,6.52035133829358,False,False,True
tangential_major_axis,202,scalar_principal_sigma,False,False,0,0.00031569999919156544,,,0.10948751163807934,-0.024154203729883424,0.02493182438128104,,,False,False,False
tangential_major_axis,202,anisotropic_chance,True,True,0,0.07298090000040247,1.6773616862815874,0.045296445110338625,0.10948751163807934,-0.024154203729883424,0.02493182438128104,14.52035133829358,6.52035133829358,False,False,True
tangential_major_axis,203,deterministic,True,True,0,0.0024051000000326894,1.6773616862815874,0.045296445110338625,0.10975307432648666,-0.02322350821972364,0.016087104990102363,8.587186175881197,0.5871861758811967,False,False,True
tangential_major_axis,203,scalar_principal_sigma,False,False,0,0.00031569999919156544,,,0.10975307432648666,-0.02322350821972364,0.016087104990102363,,,False,False,False
tangential_major_axis,203,anisotropic_chance,True,True,0,0.07298090000040247,1.6773616862815874,0.045296445110338625,0.10975307432648666,-0.02322350821972364,0.016087104990102363,8.587186175881197,0.5871861758811967,False,False,True
tangential_major_axis,204,deterministic,True,True,0,0.0024051000000326894,1.6773616862815874,0.045296445110338625,0.10696945728833566,-0.024463159045112884,0.020401623672642262,11.568557996024886,3.568557996024886,False,False,True
tangential_major_axis,204,scalar_principal_sigma,False,False,0,0.00031569999919156544,,,0.10696945728833566,-0.024463159045112884,0.020401623672642262,,,False,False,False
tangential_major_axis,204,anisotropic_chance,True,True,0,0.07298090000040247,1.6773616862815874,0.045296445110338625,0.10696945728833566,-0.024463159045112884,0.020401623672642262,11.568557996024886,3.568557996024886,False,False,True
tangential_major_axis,205,deterministic,True,True,0,0.0024051000000326894,1.6773616862815874,0.045296445110338625,0.11164181189326913,-0.02244610618414339,0.021379685190251532,11.29068093561413,3.29068093561413,False,False,True
tangential_major_axis,205,scalar_principal_sigma,False,False,0,0.00031569999919156544,,,0.11164181189326913,-0.02244610618414339,0.021379685190251532,,,False,False,False
tangential_major_axis,205,anisotropic_chance,True,True,0,0.07298090000040247,1.6773616862815874,0.045296445110338625,0.11164181189326913,-0.02244610618414339,0.021379685190251532,11.29068093561413,3.29068093561413,False,False,True
tangential_major_axis,206,deterministic,True,True,0,0.0024051000000326894,1.6773616862815874,0.045296445110338625,0.10546450528805228,-0.023856977867908195,0.01736949033330218,9.011921056001905,1.0119210560019052,False,False,True
tangential_major_axis,206,scalar_principal_sigma,False,False,0,0.00031569999919156544,,,0.10546450528805228,-0.023856977867908195,0.01736949033330218,,,False,False,False
tangential_major_axis,206,anisotropic_chance,True,True,0,0.07298090000040247,1.6773616862815874,0.045296445110338625,0.10546450528805228,-0.023856977867908195,0.01736949033330218,9.011921056001905,1.0119210560019052,False,False,True
tangential_major_axis,207,deterministic,True,True,0,0.0024051000000326894,1.6773616862815874,0.045296445110338625,0.09810516102492077,-0.026264815168302365,0.018486991268071053,11.11867621759685,3.118676217596849,False,False,True
tangential_major_axis,207,scalar_principal_sigma,False,False,0,0.00031569999919156544,,,0.09810516102492077,-0.026264815168302365,0.018486991268071053,,,False,False,False
tangential_major_axis,207,anisotropic_chance,True,True,0,0.07298090000040247,1.6773616862815874,0.045296445110338625,0.09810516102492077,-0.026264815168302365,0.018486991268071053,11.11867621759685,3.118676217596849,False,False,True
tangential_major_axis,208,deterministic,True,True,0,0.0024051000000326894,1.6773616862815874,0.045296445110338625,0.09399826192998939,-0.028133476971318922,0.017814416933662522,12.299338990167572,4.299338990167571,False,False,True
tangential_major_axis,208,scalar_principal_sigma,False,False,0,0.00031569999919156544,,,0.09399826192998939,-0.028133476971318922,0.017814416933662522,,,False,False,False
tangential_major_axis,208,anisotropic_chance,True,True,0,0.07298090000040247,1.6773616862815874,0.045296445110338625,0.09399826192998939,-0.028133476971318922,0.017814416933662522,12.299338990167572,4.299338990167571,False,False,True
tangential_major_axis,209,deterministic,True,True,0,0.0024051000000326894,1.6773616862815874,0.045296445110338625,0.10783361508802494,-0.023949675706609386,0.021541838288809716,11.947454080346633,3.9474540803466334,False,False,True
tangential_major_axis,209,scalar_principal_sigma,False,False,0,0.00031569999919156544,,,0.10783361508802494,-0.023949675706609386,0.021541838288809716,,,False,False,False
tangential_major_axis,209,anisotropic_chance,True,True,0,0.07298090000040247,1.6773616862815874,0.045296445110338625,0.10783361508802494,-0.023949675706609386,0.021541838288809716,11.947454080346633,3.9474540803466334,False,False,True
tangential_major_axis,210,deterministic,True,True,0,0.0024051000000326894,1.6773616862815874,0.045296445110338625,0.10268517498979984,-0.023501654637164405,0.01708715205789701,8.180622009479029,0.18062200947902873,False,False,True
tangential_major_axis,210,scalar_principal_sigma,False,False,0,0.00031569999919156544,,,0.10268517498979984,-0.023501654637164405,0.01708715205789701,,,False,False,False
tangential_major_axis,210,anisotropic_chance,True,True,0,0.07298090000040247,1.6773616862815874,0.045296445110338625,0.10268517498979984,-0.023501654637164405,0.01708715205789701,8.180622009479029,0.18062200947902873,False,False,True
tangential_major_axis,211,deterministic,True,True,0,0.0024051000000326894,1.6773616862815874,0.045296445110338625,0.12587012642130269,-0.01701731874097631,0.023941248776973005,11.302407132975546,3.302407132975546,False,False,True
tangential_major_axis,211,scalar_principal_sigma,False,False,0,0.00031569999919156544,,,0.12587012642130269,-0.01701731874097631,0.023941248776973005,,,False,False,False
tangential_major_axis,211,anisotropic_chance,True,True,0,0.07298090000040247,1.6773616862815874,0.045296445110338625,0.12587012642130269,-0.01701731874097631,0.023941248776973005,11.302407132975546,3.302407132975546,False,False,True
tangential_major_axis,212,deterministic,True,True,0,0.0024051000000326894,1.6773616862815874,0.045296445110338625,0.10764378544319733,-0.024432751400976234,0.023503441041166404,13.536882309788547,5.536882309788547,False,False,True
tangential_major_axis,212,scalar_principal_sigma,False,False,0,0.00031569999919156544,,,0.10764378544319733,-0.024432751400976234,0.023503441041166404,,,False,False,False
tangential_major_axis,212,anisotropic_chance,True,True,0,0.07298090000040247,1.6773616862815874,0.045296445110338625,0.10764378544319733,-0.024432751400976234,0.023503441041166404,13.536882309788547,5.536882309788547,False,False,True
tangential_major_axis,213,deterministic,True,True,0,0.0024051000000326894,1.6773616862815874,0.045296445110338625,0.11308322117609626,-0.02424771066769245,0.02323367107869266,14.020481506670885,6.020481506670885,False,False,True
tangential_major_axis,213,scalar_principal_sigma,False,False,0,0.00031569999919156544,,,0.11308322117609626,-0.02424771066769245,0.02323367107869266,,,False,False,False
tangential_major_axis,213,anisotropic_chance,True,True,0,0.07298090000040247,1.6773616862815874,0.045296445110338625,0.11308322117609626,-0.02424771066769245,0.02323367107869266,14.020481506670885,6.020481506670885,False,False,True
tangential_major_axis,214,deterministic,True,True,0,0.0024051000000326894,1.6773616862815874,0.045296445110338625,0.10706214448859201,-0.024823299221215723,0.02033435448863197,11.82742197954313,3.82742197954313,False,False,True
tangential_major_axis,214,scalar_principal_sigma,False,False,0,0.00031569999919156544,,,0.10706214448859201,-0.024823299221215723,0.02033435448863197,,,False,False,False
tangential_major_axis,214,anisotropic_chance,True,True,0,0.07298090000040247,1.6773616862815874,0.045296445110338625,0.10706214448859201,-0.024823299221215723,0.02033435448863197,11.82742197954313,3.82742197954313,False,False,True
tangential_major_axis,215,deterministic,True,True,0,0.0024051000000326894,1.6773616862815874,0.045296445110338625,0.10342669764980665,-0.025529885229400258,0.020542546669267657,11.947132200975844,3.9471322009758443,False,False,True
tangential_major_axis,215,scalar_principal_sigma,False,False,0,0.00031569999919156544,,,0.10342669764980665,-0.025529885229400258,0.020542546669267657,,,False,False,False
tangential_major_axis,215,anisotropic_chance,True,True,0,0.07298090000040247,1.6773616862815874,0.045296445110338625,0.10342669764980665,-0.025529885229400258,0.020542546669267657,11.947132200975844,3.9471322009758443,False,False,True
tangential_major_axis,216,deterministic,True,True,0,0.0024051000000326894,1.6773616862815874,0.045296445110338625,0.08926323302674415,-0.028554239217432907,0.01661750181503599,12.037644344884939,4.037644344884939,False,False,True
tangential_major_axis,216,scalar_principal_sigma,False,False,0,0.00031569999919156544,,,0.08926323302674415,-0.028554239217432907,0.01661750181503599,,,False,False,False
tangential_major_axis,216,anisotropic_chance,True,True,0,0.07298090000040247,1.6773616862815874,0.045296445110338625,0.08926323302674415,-0.028554239217432907,0.01661750181503599,12.037644344884939,4.037644344884939,False,False,True
tangential_major_axis,217,deterministic,True,True,0,0.0024051000000326894,1.6773616862815874,0.045296445110338625,0.09417629834971761,-0.02828977543756665,0.016935622138081557,11.971604321170474,3.971604321170474,False,False,True
tangential_major_axis,217,scalar_principal_sigma,False,False,0,0.00031569999919156544,,,0.09417629834971761,-0.02828977543756665,0.016935622138081557,,,False,False,False
tangential_major_axis,217,anisotropic_chance,True,True,0,0.07298090000040247,1.6773616862815874,0.045296445110338625,0.09417629834971761,-0.02828977543756665,0.016935622138081557,11.971604321170474,3.971604321170474,False,False,True
tangential_major_axis,218,deterministic,True,True,0,0.0024051000000326894,1.6773616862815874,0.045296445110338625,0.10600446659343378,-0.02298282202184081,0.018658573912808483,9.206060776258305,1.2060607762583042,False,False,True
tangential_major_axis,218,scalar_principal_sigma,False,False,0,0.00031569999919156544,,,0.10600446659343378,-0.02298282202184081,0.018658573912808483,,,False,False,False
tangential_major_axis,218,anisotropic_chance,True,True,0,0.07298090000040247,1.6773616862815874,0.045296445110338625,0.10600446659343378,-0.02298282202184081,0.018658573912808483,9.206060776258305,1.2060607762583042,False,False,True
tangential_major_axis,219,deterministic,True,True,0,0.0024051000000326894,1.6773616862815874,0.045296445110338625,0.10596885089180835,-0.02360068087015107,0.019814246476239396,10.38827300003174,2.38827300003174,False,False,True
tangential_major_axis,219,scalar_principal_sigma,False,False,0,0.00031569999919156544,,,0.10596885089180835,-0.02360068087015107,0.019814246476239396,,,False,False,False
tangential_major_axis,219,anisotropic_chance,True,True,0,0.07298090000040247,1.6773616862815874,0.045296445110338625,0.10596885089180835,-0.02360068087015107,0.019814246476239396,10.38827300003174,2.38827300003174,False,False,True
tangential_major_axis,220,deterministic,True,True,0,0.0024051000000326894,1.6773616862815874,0.045296445110338625,0.10237153053866549,-0.026182668092205052,0.02033430004810668,12.236125285129537,4.236125285129536,False,False,True
tangential_major_axis,220,scalar_principal_sigma,False,False,0,0.00031569999919156544,,,0.10237153053866549,-0.026182668092205052,0.02033430004810668,,,False,False,False
tangential_major_axis,220,anisotropic_chance,True,True,0,0.07298090000040247,1.6773616862815874,0.045296445110338625,0.10237153053866549,-0.026182668092205052,0.02033430004810668,12.236125285129537,4.236125285129536,False,False,True
tangential_major_axis,221,deterministic,True,True,0,0.0024051000000326894,1.6773616862815874,0.045296445110338625,0.10378523441006471,-0.024198498099411287,0.01722267666887303,8.941875382929723,0.9418753829297226,False,False,True
tangential_major_axis,221,scalar_principal_sigma,False,False,0,0.00031569999919156544,,,0.10378523441006471,-0.024198498099411287,0.01722267666887303,,,False,False,False
tangential_major_axis,221,anisotropic_chance,True,True,0,0.07298090000040247,1.6773616862815874,0.045296445110338625,0.10378523441006471,-0.024198498099411287,0.01722267666887303,8.941875382929723,0.9418753829297226,False,False,True
tangential_major_axis,222,deterministic,True,True,0,0.0024051000000326894,1.6773616862815874,0.045296445110338625,0.10318534791768252,-0.025514820628037806,0.01686645996815581,9.75109729578817,1.75109729578817,False,False,True
tangential_major_axis,222,scalar_principal_sigma,False,False,0,0.00031569999919156544,,,0.10318534791768252,-0.025514820628037806,0.01686645996815581,,,False,False,False
tangential_major_axis,222,anisotropic_chance,True,True,0,0.07298090000040247,1.6773616862815874,0.045296445110338625,0.10318534791768252,-0.025514820628037806,0.01686645996815581,9.75109729578817,1.75109729578817,False,False,True
tangential_major_axis,223,deterministic,True,True,0,0.0024051000000326894,1.6773616862815874,0.045296445110338625,0.1259177966735972,-0.0186294995550756,0.023778372905392094,12.556398800839418,4.556398800839417,False,False,True
tangential_major_axis,223,scalar_principal_sigma,False,False,0,0.00031569999919156544,,,0.1259177966735972,-0.0186294995550756,0.023778372905392094,,,False,False,False
tangential_major_axis,223,anisotropic_chance,True,True,0,0.07298090000040247,1.6773616862815874,0.045296445110338625,0.1259177966735972,-0.0186294995550756,0.023778372905392094,12.556398800839418,4.556398800839417,False,False,True
tangential_major_axis,224,deterministic,True,True,0,0.0024051000000326894,1.6773616862815874,0.045296445110338625,0.09574840830035336,-0.028700826674835325,0.020934142695512,14.52429847604309,6.52429847604309,False,False,True
tangential_major_axis,224,scalar_principal_sigma,False,False,0,0.00031569999919156544,,,0.09574840830035336,-0.028700826674835325,0.020934142695512,,,False,False,False
tangential_major_axis,224,anisotropic_chance,True,True,0,0.07298090000040247,1.6773616862815874,0.045296445110338625,0.09574840830035336,-0.028700826674835325,0.020934142695512,14.52429847604309,6.52429847604309,False,False,True
tangential_major_axis,225,deterministic,True,True,0,0.0024051000000326894,1.6773616862815874,0.045296445110338625,0.11161617632339604,-0.022590456637579158,0.021037787643887477,11.204067254993127,3.204067254993127,False,False,True
tangential_major_axis,225,scalar_principal_sigma,False,False,0,0.00031569999919156544,,,0.11161617632339604,-0.022590456637579158,0.021037787643887477,,,False,False,False
tangential_major_axis,225,anisotropic_chance,True,True,0,0.07298090000040247,1.6773616862815874,0.045296445110338625,0.11161617632339604,-0.022590456637579158,0.021037787643887477,11.204067254993127,3.204067254993127,False,False,True
tangential_major_axis,226,deterministic,True,True,0,0.0024051000000326894,1.6773616862815874,0.045296445110338625,0.12035270821906634,-0.01844232875719137,0.02622081278364976,12.616671140126059,4.616671140126058,False,False,True
tangential_major_axis,226,scalar_principal_sigma,False,False,0,0.00031569999919156544,,,0.12035270821906634,-0.01844232875719137,0.02622081278364976,,,False,False,False
tangential_major_axis,226,anisotropic_chance,True,True,0,0.07298090000040247,1.6773616862815874,0.045296445110338625,0.12035270821906634,-0.01844232875719137,0.02622081278364976,12.616671140126059,4.616671140126058,False,False,True
tangential_major_axis,227,deterministic,True,True,0,0.0024051000000326894,1.6773616862815874,0.045296445110338625,0.11987147503395405,-0.019593312941885654,0.020225404321467425,9.995968457646875,1.9959684576468744,False,False,True
tangential_major_axis,227,scalar_principal_sigma,False,False,0,0.00031569999919156544,,,0.11987147503395405,-0.019593312941885654,0.020225404321467425,,,False,False,False
tangential_major_axis,227,anisotropic_chance,True,True,0,0.07298090000040247,1.6773616862815874,0.045296445110338625,0.11987147503395405,-0.019593312941885654,0.020225404321467425,9.995968457646875,1.9959684576468744,False,False,True
tangential_major_axis,228,deterministic,True,True,0,0.0024051000000326894,1.6773616862815874,0.045296445110338625,0.10060302294221832,-0.027049124393446002,0.017858843627086632,11.418467928291895,3.4184679282918946,False,False,True
tangential_major_axis,228,scalar_principal_sigma,False,False,0,0.00031569999919156544,,,0.10060302294221832,-0.027049124393446002,0.017858843627086632,,,False,False,False
tangential_major_axis,228,anisotropic_chance,True,True,0,0.07298090000040247,1.6773616862815874,0.045296445110338625,0.10060302294221832,-0.027049124393446002,0.017858843627086632,11.418467928291895,3.4184679282918946,False,False,True
tangential_major_axis,229,deterministic,True,True,0,0.0024051000000326894,1.6773616862815874,0.045296445110338625,0.106959834712516,-0.023190717820530247,0.022707727287957256,12.014102649123926,4.014102649123925,False,False,True
tangential_major_axis,229,scalar_principal_sigma,False,False,0,0.00031569999919156544,,,0.106959834712516,-0.023190717820530247,0.022707727287957256,,,False,False,False
tangential_major_axis,229,anisotropic_chance,True,True,0,0.07298090000040247,1.6773616862815874,0.045296445110338625,0.106959834712516,-0.023190717820530247,0.022707727287957256,12.014102649123926,4.014102649123925,False,False,True
tangential_major_axis,230,deterministic,True,True,0,0.0024051000000326894,1.6773616862815874,0.045296445110338625,0.11427974985955706,-0.021520564480793505,0.0214758582301725,11.056631944423756,3.056631944423757,False,False,True
tangential_major_axis,230,scalar_principal_sigma,False,False,0,0.00031569999919156544,,,0.11427974985955706,-0.021520564480793505,0.0214758582301725,,,False,False,False
tangential_major_axis,230,anisotropic_chance,True,True,0,0.07298090000040247,1.6773616862815874,0.045296445110338625,0.11427974985955706,-0.021520564480793505,0.0214758582301725,11.056631944423756,3.056631944423757,False,False,True
tangential_major_axis,231,deterministic,True,True,0,0.0024051000000326894,1.6773616862815874,0.045296445110338625,0.10128323070657662,-0.024654142945628718,0.021022101748717777,11.42533280265969,3.4253328026596903,False,False,True
tangential_major_axis,231,scalar_principal_sigma,False,False,0,0.00031569999919156544,,,0.10128323070657662,-0.024654142945628718,0.021022101748717777,,,False,False,False
tangential_major_axis,231,anisotropic_chance,True,True,0,0.07298090000040247,1.6773616862815874,0.045296445110338625,0.10128323070657662,-0.024654142945628718,0.021022101748717777,11.42533280265969,3.4253328026596903,False,False,True
tangential_major_axis,232,deterministic,True,True,0,0.0024051000000326894,1.6773616862815874,0.045296445110338625,0.12077922399116651,-0.019651450917627558,0.024459838269827255,12.574362096821368,4.574362096821367,False,False,True
tangential_major_axis,232,scalar_principal_sigma,False,False,0,0.00031569999919156544,,,0.12077922399116651,-0.019651450917627558,0.024459838269827255,,,False,False,False
tangential_major_axis,232,anisotropic_chance,True,True,0,0.07298090000040247,1.6773616862815874,0.045296445110338625,0.12077922399116651,-0.019651450917627558,0.024459838269827255,12.574362096821368,4.574362096821367,False,False,True
tangential_major_axis,233,deterministic,True,True,0,0.0024051000000326894,1.6773616862815874,0.045296445110338625,0.13030909525340353,-0.016089933883195656,0.028395933972952193,14.113548969783865,6.113548969783866,False,False,True
tangential_major_axis,233,scalar_principal_sigma,False,False,0,0.00031569999919156544,,,0.13030909525340353,-0.016089933883195656,0.028395933972952193,,,False,False,False
tangential_major_axis,233,anisotropic_chance,True,True,0,0.07298090000040247,1.6773616862815874,0.045296445110338625,0.13030909525340353,-0.016089933883195656,0.028395933972952193,14.113548969783865,6.113548969783866,False,False,True
tangential_major_axis,234,deterministic,True,True,0,0.0024051000000326894,1.6773616862815874,0.045296445110338625,0.10375406968716411,-0.02553446968457176,0.018324129275464722,10.652423208853094,2.6524232088530937,False,False,True
tangential_major_axis,234,scalar_principal_sigma,False,False,0,0.00031569999919156544,,,0.10375406968716411,-0.02553446968457176,0.018324129275464722,,,False,False,False
tangential_major_axis,234,anisotropic_chance,True,True,0,0.07298090000040247,1.6773616862815874,0.045296445110338625,0.10375406968716411,-0.02553446968457176,0.018324129275464722,10.652423208853094,2.6524232088530937,False,False,True
tangential_major_axis,235,deterministic,True,True,0,0.0024051000000326894,1.6773616862815874,0.045296445110338625,0.12701396359393946,-0.016779433471785753,0.027460220393269945,13.390353277872752,5.390353277872752,False,False,True
tangential_major_axis,235,scalar_principal_sigma,False,False,0,0.00031569999919156544,,,0.12701396359393946,-0.016779433471785753,0.027460220393269945,,,False,False,False
tangential_major_axis,235,anisotropic_chance,True,True,0,0.07298090000040247,1.6773616862815874,0.045296445110338625,0.12701396359393946,-0.016779433471785753,0.027460220393269945,13.390353277872752,5.390353277872752,False,False,True
tangential_major_axis,236,deterministic,True,True,0,0.0024051000000326894,1.6773616862815874,0.045296445110338625,0.1217320747563195,-0.021724853004618922,0.02407067717252559,14.21259652372498,6.212596523724979,False,False,True
tangential_major_axis,236,scalar_principal_sigma,False,False,0,0.00031569999919156544,,,0.1217320747563195,-0.021724853004618922,0.02407067717252559,,,False,False,False
tangential_major_axis,236,anisotropic_chance,True,True,0,0.07298090000040247,1.6773616862815874,0.045296445110338625,0.1217320747563195,-0.021724853004618922,0.02407067717252559,14.21259652372498,6.212596523724979,False,False,True
tangential_major_axis,237,deterministic,True,True,0,0.0024051000000326894,1.6773616862815874,0.045296445110338625,0.09494153333900675,-0.028646057918289038,0.017347436529614086,12.489254820120426,4.4892548201204265,False,False,True
tangential_major_axis,237,scalar_principal_sigma,False,False,0,0.00031569999919156544,,,0.09494153333900675,-0.028646057918289038,0.017347436529614086,,,False,False,False
tangential_major_axis,237,anisotropic_chance,True,True,0,0.07298090000040247,1.6773616862815874,0.045296445110338625,0.09494153333900675,-0.028646057918289038,0.017347436529614086,12.489254820120426,4.4892548201204265,False,False,True
tangential_major_axis,238,deterministic,True,True,0,0.0024051000000326894,1.6773616862815874,0.045296445110338625,0.11118185082810877,-0.022234120098794066,0.019287514540537985,9.853857730687464,1.8538577306874642,False,False,True
tangential_major_axis,238,scalar_principal_sigma,False,False,0,0.00031569999919156544,,,0.11118185082810877,-0.022234120098794066,0.019287514540537985,,,False,False,False
tangential_major_axis,238,anisotropic_chance,True,True,0,0.07298090000040247,1.6773616862815874,0.045296445110338625,0.11118185082810877,-0.022234120098794066,0.019287514540537985,9.853857730687464,1.8538577306874642,False,False,True
tangential_major_axis,239,deterministic,True,True,0,0.0024051000000326894,1.6773616862815874,0.045296445110338625,0.10933901372014461,-0.021584756885925073,0.024207464042485777,12.169912823520061,4.169912823520061,False,False,True
tangential_major_axis,239,scalar_principal_sigma,False,False,0,0.00031569999919156544,,,0.10933901372014461,-0.021584756885925073,0.024207464042485777,,,False,False,False
tangential_major_axis,239,anisotropic_chance,True,True,0,0.07298090000040247,1.6773616862815874,0.045296445110338625,0.10933901372014461,-0.021584756885925073,0.024207464042485777,12.169912823520061,4.169912823520061,False,False,True
tangential_major_axis,240,deterministic,True,True,0,0.0024051000000326894,1.6773616862815874,0.045296445110338625,0.10190211794308718,-0.0256127353230061,0.021369999886786617,12.41118313614528,4.41118313614528,False,False,True
tangential_major_axis,240,scalar_principal_sigma,False,False,0,0.00031569999919156544,,,0.10190211794308718,-0.0256127353230061,0.021369999886786617,,,False,False,False
tangential_major_axis,240,anisotropic_chance,True,True,0,0.07298090000040247,1.6773616862815874,0.045296445110338625,0.10190211794308718,-0.0256127353230061,0.021369999886786617,12.41118313614528,4.41118313614528,False,False,True
tangential_major_axis,241,deterministic,True,True,0,0.0024051000000326894,1.6773616862815874,0.045296445110338625,0.11667246092110535,-0.02121714362425352,0.023385653565858054,12.375424319913714,4.375424319913715,False,False,True
tangential_major_axis,241,scalar_principal_sigma,False,False,0,0.00031569999919156544,,,0.11667246092110535,-0.02121714362425352,0.023385653565858054,,,False,False,False
tangential_major_axis,241,anisotropic_chance,True,True,0,0.07298090000040247,1.6773616862815874,0.045296445110338625,0.11667246092110535,-0.02121714362425352,0.023385653565858054,12.375424319913714,4.375424319913715,False,False,True
tangential_major_axis,242,deterministic,True,True,0,0.0024051000000326894,1.6773616862815874,0.045296445110338625,0.10176246685270557,-0.0249483426078598,0.016649883538386957,9.04571034487099,1.0457103448709895,False,False,True
tangential_major_axis,242,scalar_principal_sigma,False,False,0,0.00031569999919156544,,,0.10176246685270557,-0.0249483426078598,0.016649883538386957,,,False,False,False
tangential_major_axis,242,anisotropic_chance,True,True,0,0.07298090000040247,1.6773616862815874,0.045296445110338625,0.10176246685270557,-0.0249483426078598,0.016649883538386957,9.04571034487099,1.0457103448709895,False,False,True
tangential_major_axis,243,deterministic,True,True,0,0.0024051000000326894,1.6773616862815874,0.045296445110338625,0.09817664380301656,-0.02559800060020001,0.020752559083479286,11.953396535731164,3.953396535731164,False,False,True
tangential_major_axis,243,scalar_principal_sigma,False,False,0,0.00031569999919156544,,,0.09817664380301656,-0.02559800060020001,0.020752559083479286,,,False,False,False
tangential_major_axis,243,anisotropic_chance,True,True,0,0.07298090000040247,1.6773616862815874,0.045296445110338625,0.09817664380301656,-0.02559800060020001,0.020752559083479286,11.953396535731164,3.953396535731164,False,False,True
tangential_major_axis,244,deterministic,True,True,0,0.0024051000000326894,1.6773616862815874,0.045296445110338625,0.12202638368012228,-0.02010787148042799,0.022656921146984046,12.188885143715167,4.188885143715166,False,False,True
tangential_major_axis,244,scalar_principal_sigma,False,False,0,0.00031569999919156544,,,0.12202638368012228,-0.02010787148042799,0.022656921146984046,,,False,False,False
tangential_major_axis,244,anisotropic_chance,True,True,0,0.07298090000040247,1.6773616862815874,0.045296445110338625,0.12202638368012228,-0.02010787148042799,0.022656921146984046,12.188885143715167,4.188885143715166,False,False,True
tangential_major_axis,245,deterministic,True,True,0,0.0024051000000326894,1.6773616862815874,0.045296445110338625,0.11537045201069879,-0.021206839642577857,0.02442656766733959,12.811126584897018,4.811126584897017,False,False,True
tangential_major_axis,245,scalar_principal_sigma,False,False,0,0.00031569999919156544,,,0.11537045201069879,-0.021206839642577857,0.02442656766733959,,,False,False,False
tangential_major_axis,245,anisotropic_chance,True,True,0,0.07298090000040247,1.6773616862815874,0.045296445110338625,0.11537045201069879,-0.021206839642577857,0.02442656766733959,12.811126584897018,4.811126584897017,False,False,True
tangential_major_axis,246,deterministic,True,True,0,0.0024051000000326894,1.6773616862815874,0.045296445110338625,0.11447386509281822,-0.021334428976085618,0.02193857113028273,11.231663288101071,3.2316632881010716,False,False,True
tangential_major_axis,246,scalar_principal_sigma,False,False,0,0.00031569999919156544,,,0.11447386509281822,-0.021334428976085618,0.02193857113028273,,,False,False,False
tangential_major_axis,246,anisotropic_chance,True,True,0,0.07298090000040247,1.6773616862815874,0.045296445110338625,0.11447386509281822,-0.021334428976085618,0.02193857113028273,11.231663288101071,3.2316632881010716,False,False,True
tangential_major_axis,247,deterministic,True,True,0,0.0024051000000326894,1.6773616862815874,0.045296445110338625,0.10414973430632106,-0.026020645665470882,0.02003885201358124,12.103623452475036,4.103623452475036,False,False,True
tangential_major_axis,247,scalar_principal_sigma,False,False,0,0.00031569999919156544,,,0.10414973430632106,-0.026020645665470882,0.02003885201358124,,,False,False,False
tangential_major_axis,247,anisotropic_chance,True,True,0,0.07298090000040247,1.6773616862815874,0.045296445110338625,0.10414973430632106,-0.026020645665470882,0.02003885201358124,12.103623452475036,4.103623452475036,False,False,True
tangential_major_axis,248,deterministic,True,True,0,0.0024051000000326894,1.6773616862815874,0.045296445110338625,0.09109284867486446,-0.02912694543334963,0.021182021012553353,15.014677069961053,7.014677069961053,False,False,True
tangential_major_axis,248,scalar_principal_sigma,False,False,0,0.00031569999919156544,,,0.09109284867486446,-0.02912694543334963,0.021182021012553353,,,False,False,False
tangential_major_axis,248,anisotropic_chance,True,True,0,0.07298090000040247,1.6773616862815874,0.045296445110338625,0.09109284867486446,-0.02912694543334963,0.021182021012553353,15.014677069961053,7.014677069961053,False,False,True
tangential_major_axis,249,deterministic,True,True,0,0.0024051000000326894,1.6773616862815874,0.045296445110338625,0.11308491635363623,-0.022993339222380654,0.021804293234561505,12.185038696988537,4.185038696988537,False,False,True
tangential_major_axis,249,scalar_principal_sigma,False,False,0,0.00031569999919156544,,,0.11308491635363623,-0.022993339222380654,0.021804293234561505,,,False,False,False
tangential_major_axis,249,anisotropic_chance,True,True,0,0.07298090000040247,1.6773616862815874,0.045296445110338625,0.11308491635363623,-0.022993339222380654,0.021804293234561505,12.185038696988537,4.185038696988537,False,False,True
tangential_major_axis,250,deterministic,True,True,0,0.0024051000000326894,1.6773616862815874,0.045296445110338625,0.11890356200143778,-0.018900073410578373,0.01974989157280571,8.92994532726773,0.92994532726773,False,False,True
tangential_major_axis,250,scalar_principal_sigma,False,False,0,0.00031569999919156544,,,0.11890356200143778,-0.018900073410578373,0.01974989157280571,,,False,False,False
tangential_major_axis,250,anisotropic_chance,True,True,0,0.07298090000040247,1.6773616862815874,0.045296445110338625,0.11890356200143778,-0.018900073410578373,0.01974989157280571,8.92994532726773,0.92994532726773,False,False,True
tangential_major_axis,251,deterministic,True,True,0,0.0024051000000326894,1.6773616862815874,0.045296445110338625,0.09525770550489804,-0.02781578873994771,0.017348924344273407,11.782667358357589,3.7826673583575885,False,False,True
tangential_major_axis,251,scalar_principal_sigma,False,False,0,0.00031569999919156544,,,0.09525770550489804,-0.02781578873994771,0.017348924344273407,,,False,False,False
tangential_major_axis,251,anisotropic_chance,True,True,0,0.07298090000040247,1.6773616862815874,0.045296445110338625,0.09525770550489804,-0.02781578873994771,0.017348924344273407,11.782667358357589,3.7826673583575885,False,False,True
tangential_major_axis,252,deterministic,True,True,0,0.0024051000000326894,1.6773616862815874,0.045296445110338625,0.10523187428114064,-0.025912452034843332,0.021865475430179096,13.306365221915936,5.306365221915936,False,False,True
tangential_major_axis,252,scalar_principal_sigma,False,False,0,0.00031569999919156544,,,0.10523187428114064,-0.025912452034843332,0.021865475430179096,,,False,False,False
tangential_major_axis,252,anisotropic_chance,True,True,0,0.07298090000040247,1.6773616862815874,0.045296445110338625,0.10523187428114064,-0.025912452034843332,0.021865475430179096,13.306365221915936,5.306365221915936,False,False,True
tangential_major_axis,253,deterministic,True,True,0,0.0024051000000326894,1.6773616862815874,0.045296445110338625,0.11215064803340967,-0.021109066241171533,0.02114431244460055,10.159592079862335,2.159592079862336,False,False,True
tangential_major_axis,253,scalar_principal_sigma,False,False,0,0.00031569999919156544,,,0.11215064803340967,-0.021109066241171533,0.02114431244460055,,,False,False,False
tangential_major_axis,253,anisotropic_chance,True,True,0,0.07298090000040247,1.6773616862815874,0.045296445110338625,0.11215064803340967,-0.021109066241171533,0.02114431244460055,10.159592079862335,2.159592079862336,False,False,True
tangential_major_axis,254,deterministic,True,True,0,0.0024051000000326894,1.6773616862815874,0.045296445110338625,0.10890442664206874,-0.023917463067394774,0.021640971752319046,12.131043003279167,4.131043003279168,False,False,True
tangential_major_axis,254,scalar_principal_sigma,False,False,0,0.00031569999919156544,,,0.10890442664206874,-0.023917463067394774,0.021640971752319046,,,False,False,False
tangential_major_axis,254,anisotropic_chance,True,True,0,0.07298090000040247,1.6773616862815874,0.045296445110338625,0.10890442664206874,-0.023917463067394774,0.021640971752319046,12.131043003279167,4.131043003279168,False,False,True
tangential_major_axis,255,deterministic,True,True,0,0.0024051000000326894,1.6773616862815874,0.045296445110338625,0.10642133823222294,-0.024057376302009645,0.02106962312845966,11.599207141629387,3.599207141629387,False,False,True
tangential_major_axis,255,scalar_principal_sigma,False,False,0,0.00031569999919156544,,,0.10642133823222294,-0.024057376302009645,0.02106962312845966,,,False,False,False
tangential_major_axis,255,anisotropic_chance,True,True,0,0.07298090000040247,1.6773616862815874,0.045296445110338625,0.10642133823222294,-0.024057376302009645,0.02106962312845966,11.599207141629387,3.599207141629387,False,False,True
tangential_major_axis,256,deterministic,True,True,0,0.0024051000000326894,1.6773616862815874,0.045296445110338625,0.1253749858724745,-0.017720059854602108,0.027775450741810474,13.946296536657234,5.9462965366572345,False,False,True
tangential_major_axis,256,scalar_principal_sigma,False,False,0,0.00031569999919156544,,,0.1253749858724745,-0.017720059854602108,0.027775450741810474,,,False,False,False
tangential_major_axis,256,anisotropic_chance,True,True,0,0.07298090000040247,1.6773616862815874,0.045296445110338625,0.1253749858724745,-0.017720059854602108,0.027775450741810474,13.946296536657234,5.9462965366572345,False,False,True
tangential_major_axis,257,deterministic,True,True,0,0.0024051000000326894,1.6773616862815874,0.045296445110338625,0.12057634367696562,-0.019915558362768974,0.02354530176575804,12.237820933231285,4.237820933231285,False,False,True
tangential_major_axis,257,scalar_principal_sigma,False,False,0,0.00031569999919156544,,,0.12057634367696562,-0.019915558362768974,0.02354530176575804,,,False,False,False
tangential_major_axis,257,anisotropic_chance,True,True,0,0.07298090000040247,1.6773616862815874,0.045296445110338625,0.12057634367696562,-0.019915558362768974,0.02354530176575804,12.237820933231285,4.237820933231285,False,False,True
tangential_major_axis,258,deterministic,True,True,0,0.0024051000000326894,1.6773616862815874,0.045296445110338625,0.11366149161739739,-0.022090273476616237,0.02231162986474228,11.878904051542369,3.8789040515423685,False,False,True
tangential_major_axis,258,scalar_principal_sigma,False,False,0,0.00031569999919156544,,,0.11366149161739739,-0.022090273476616237,0.02231162986474228,,,False,False,False
tangential_major_axis,258,anisotropic_chance,True,True,0,0.07298090000040247,1.6773616862815874,0.045296445110338625,0.11366149161739739,-0.022090273476616237,0.02231162986474228,11.878904051542369,3.8789040515423685,False,False,True
tangential_major_axis,259,deterministic,True,True,0,0.0024051000000326894,1.6773616862815874,0.045296445110338625,0.10303723368787207,-0.026357041481228607,0.019299200856994922,11.808193760653513,3.808193760653512,False,False,True
tangential_major_axis,259,scalar_principal_sigma,False,False,0,0.00031569999919156544,,,0.10303723368787207,-0.026357041481228607,0.019299200856994922,,,False,False,False
tangential_major_axis,259,anisotropic_chance,True,True,0,0.07298090000040247,1.6773616862815874,0.045296445110338625,0.10303723368787207,-0.026357041481228607,0.019299200856994922,11.808193760653513,3.808193760653512,False,False,True
tangential_major_axis,260,deterministic,True,True,0,0.0024051000000326894,1.6773616862815874,0.045296445110338625,0.11256486196363868,-0.020090941195485157,0.024041555234271234,11.295360325520662,3.2953603255206616,False,False,True
tangential_major_axis,260,scalar_principal_sigma,False,False,0,0.00031569999919156544,,,0.11256486196363868,-0.020090941195485157,0.024041555234271234,,,False,False,False
tangential_major_axis,260,anisotropic_chance,True,True,0,0.07298090000040247,1.6773616862815874,0.045296445110338625,0.11256486196363868,-0.020090941195485157,0.024041555234271234,11.295360325520662,3.2953603255206616,False,False,True
tangential_major_axis,261,deterministic,True,True,0,0.0024051000000326894,1.6773616862815874,0.045296445110338625,0.12511403930107304,-0.01955509109056768,0.024850171599853584,13.71968658074568,5.71968658074568,False,False,True
tangential_major_axis,261,scalar_principal_sigma,False,False,0,0.00031569999919156544,,,0.12511403930107304,-0.01955509109056768,0.024850171599853584,,,False,False,False
tangential_major_axis,261,anisotropic_chance,True,True,0,0.07298090000040247,1.6773616862815874,0.045296445110338625,0.12511403930107304,-0.01955509109056768,0.024850171599853584,13.71968658074568,5.71968658074568,False,False,True
tangential_major_axis,262,deterministic,True,True,0,0.0024051000000326894,1.6773616862815874,0.045296445110338625,0.10714539426025739,-0.021785275136857914,0.02011494219420859,9.304124362303332,1.3041243623033316,False,False,True
tangential_major_axis,262,scalar_principal_sigma,False,False,0,0.00031569999919156544,,,0.10714539426025739,-0.021785275136857914,0.02011494219420859,,,False,False,False
tangential_major_axis,262,anisotropic_chance,True,True,0,0.07298090000040247,1.6773616862815874,0.045296445110338625,0.10714539426025739,-0.021785275136857914,0.02011494219420859,9.304124362303332,1.3041243623033316,False,False,True
tangential_major_axis,263,deterministic,True,True,0,0.0024051000000326894,1.6773616862815874,0.045296445110338625,0.1116505333081831,-0.022730057973097913,0.02246585021548773,12.164598405942561,4.164598405942561,False,False,True
tangential_major_axis,263,scalar_principal_sigma,False,False,0,0.00031569999919156544,,,0.1116505333081831,-0.022730057973097913,0.02246585021548773,,,False,False,False
tangential_major_axis,263,anisotropic_chance,True,True,0,0.07298090000040247,1.6773616862815874,0.045296445110338625,0.1116505333081831,-0.022730057973097913,0.02246585021548773,12.164598405942561,4.164598405942561,False,False,True
tangential_major_axis,264,deterministic,True,True,0,0.0024051000000326894,1.6773616862815874,0.045296445110338625,0.10574909282118199,-0.024467547824894187,0.0220646253770251,12.444889861659146,4.444889861659146,False,False,True
tangential_major_axis,264,scalar_principal_sigma,False,False,0,0.00031569999919156544,,,0.10574909282118199,-0.024467547824894187,0.0220646253770251,,,False,False,False
tangential_major_axis,264,anisotropic_chance,True,True,0,0.07298090000040247,1.6773616862815874,0.045296445110338625,0.10574909282118199,-0.024467547824894187,0.0220646253770251,12.444889861659146,4.444889861659146,False,False,True
tangential_major_axis,265,deterministic,True,True,0,0.0024051000000326894,1.6773616862815874,0.045296445110338625,0.11595763606381075,-0.021978747184473568,0.019797013903571768,10.853369741405166,2.853369741405166,False,False,True
tangential_major_axis,265,scalar_principal_sigma,False,False,0,0.00031569999919156544,,,0.11595763606381075,-0.021978747184473568,0.019797013903571768,,,False,False,False
tangential_major_axis,265,anisotropic_chance,True,True,0,0.07298090000040247,1.6773616862815874,0.045296445110338625,0.11595763606381075,-0.021978747184473568,0.019797013903571768,10.853369741405166,2.853369741405166,False,False,True
tangential_major_axis,266,deterministic,True,True,0,0.0024051000000326894,1.6773616862815874,0.045296445110338625,0.1175701956406906,-0.017341050848724747,0.023086341080795388,9.37367010664384,1.3736701066438384,False,False,True
tangential_major_axis,266,scalar_principal_sigma,False,False,0,0.00031569999919156544,,,0.1175701956406906,-0.017341050848724747,0.023086341080795388,,,False,False,False
tangential_major_axis,266,anisotropic_chance,True,True,0,0.07298090000040247,1.6773616862815874,0.045296445110338625,0.1175701956406906,-0.017341050848724747,0.023086341080795388,9.37367010664384,1.3736701066438384,False,False,True
tangential_major_axis,267,deterministic,True,True,0,0.0024051000000326894,1.6773616862815874,0.045296445110338625,0.11323030437146174,-0.022063272551407834,0.02051189167466389,10.720961259901564,2.7209612599015647,False,False,True
tangential_major_axis,267,scalar_principal_sigma,False,False,0,0.00031569999919156544,,,0.11323030437146174,-0.022063272551407834,0.02051189167466389,,,False,False,False
tangential_major_axis,267,anisotropic_chance,True,True,0,0.07298090000040247,1.6773616862815874,0.045296445110338625,0.11323030437146174,-0.022063272551407834,0.02051189167466389,10.720961259901564,2.7209612599015647,False,False,True
tangential_major_axis,268,deterministic,True,True,0,0.0024051000000326894,1.6773616862815874,0.045296445110338625,0.10767837284372533,-0.024161599238953578,0.019406017592916356,10.823035898666994,2.8230358986669946,False,False,True
tangential_major_axis,268,scalar_principal_sigma,False,False,0,0.00031569999919156544,,,0.10767837284372533,-0.024161599238953578,0.019406017592916356,,,False,False,False
tangential_major_axis,268,anisotropic_chance,True,True,0,0.07298090000040247,1.6773616862815874,0.045296445110338625,0.10767837284372533,-0.024161599238953578,0.019406017592916356,10.823035898666994,2.8230358986669946,False,False,True
tangential_major_axis,269,deterministic,True,True,0,0.0024051000000326894,1.6773616862815874,0.045296445110338625,0.10817774523412976,-0.02560321050633682,0.020165554911451996,12.489156361240585,4.489156361240585,False,False,True
tangential_major_axis,269,scalar_principal_sigma,False,False,0,0.00031569999919156544,,,0.10817774523412976,-0.02560321050633682,0.020165554911451996,,,False,False,False
tangential_major_axis,269,anisotropic_chance,True,True,0,0.07298090000040247,1.6773616862815874,0.045296445110338625,0.10817774523412976,-0.02560321050633682,0.020165554911451996,12.489156361240585,4.489156361240585,False,False,True
tangential_major_axis,270,deterministic,True,True,0,0.0024051000000326894,1.6773616862815874,0.045296445110338625,0.12001781560236571,-0.019831823486490447,0.022292590320945018,11.366397084294112,3.3663970842941118,False,False,True
tangential_major_axis,270,scalar_principal_sigma,False,False,0,0.00031569999919156544,,,0.12001781560236571,-0.019831823486490447,0.022292590320945018,,,False,False,False
tangential_major_axis,270,anisotropic_chance,True,True,0,0.07298090000040247,1.6773616862815874,0.045296445110338625,0.12001781560236571,-0.019831823486490447,0.022292590320945018,11.366397084294112,3.3663970842941118,False,False,True
tangential_major_axis,271,deterministic,True,True,0,0.0024051000000326894,1.6773616862815874,0.045296445110338625,0.1146728343398924,-0.023190192380907207,0.021862236497107588,12.672209354297205,4.6722093542972045,False,False,True
tangential_major_axis,271,scalar_principal_sigma,False,False,0,0.00031569999919156544,,,0.1146728343398924,-0.023190192380907207,0.021862236497107588,,,False,False,False
tangential_major_axis,271,anisotropic_chance,True,True,0,0.07298090000040247,1.6773616862815874,0.045296445110338625,0.1146728343398924,-0.023190192380907207,0.021862236497107588,12.672209354297205,4.6722093542972045,False,False,True
tangential_major_axis,272,deterministic,True,True,0,0.0024051000000326894,1.6773616862815874,0.045296445110338625,0.09408472846364499,-0.02826147771987884,0.015405947564689652,11.187798049527636,3.1877980495276357,False,False,True
tangential_major_axis,272,scalar_principal_sigma,False,False,0,0.00031569999919156544,,,0.09408472846364499,-0.02826147771987884,0.015405947564689652,,,False,False,False
tangential_major_axis,272,anisotropic_chance,True,True,0,0.07298090000040247,1.6773616862815874,0.045296445110338625,0.09408472846364499,-0.02826147771987884,0.015405947564689652,11.187798049527636,3.1877980495276357,False,False,True
tangential_major_axis,273,deterministic,True,True,0,0.0024051000000326894,1.6773616862815874,0.045296445110338625,0.10570819482873867,-0.02449598309767725,0.02019130644693055,11.254077760159067,3.254077760159067,False,False,True
tangential_major_axis,273,scalar_principal_sigma,False,False,0,0.00031569999919156544,,,0.10570819482873867,-0.02449598309767725,0.02019130644693055,,,False,False,False
tangential_major_axis,273,anisotropic_chance,True,True,0,0.07298090000040247,1.6773616862815874,0.045296445110338625,0.10570819482873867,-0.02449598309767725,0.02019130644693055,11.254077760159067,3.254077760159067,False,False,True
tangential_major_axis,274,deterministic,True,True,0,0.0024051000000326894,1.6773616862815874,0.045296445110338625,0.10910643233785534,-0.02411993482905111,0.02262744685197467,12.934061179825129,4.934061179825129,False,False,True
tangential_major_axis,274,scalar_principal_sigma,False,False,0,0.00031569999919156544,,,0.10910643233785534,-0.02411993482905111,0.02262744685197467,,,False,False,False
tangential_major_axis,274,anisotropic_chance,True,True,0,0.07298090000040247,1.6773616862815874,0.045296445110338625,0.10910643233785534,-0.02411993482905111,0.02262744685197467,12.934061179825129,4.934061179825129,False,False,True
tangential_major_axis,275,deterministic,True,True,0,0.0024051000000326894,1.6773616862815874,0.045296445110338625,0.10812890392212438,-0.024912924905805135,0.022254968987200915,13.172563689235249,5.172563689235249,False,False,True
tangential_major_axis,275,scalar_principal_sigma,False,False,0,0.00031569999919156544,,,0.10812890392212438,-0.024912924905805135,0.022254968987200915,,,False,False,False
tangential_major_axis,275,anisotropic_chance,True,True,0,0.07298090000040247,1.6773616862815874,0.045296445110338625,0.10812890392212438,-0.024912924905805135,0.022254968987200915,13.172563689235249,5.172563689235249,False,False,True
tangential_major_axis,276,deterministic,True,True,0,0.0024051000000326894,1.6773616862815874,0.045296445110338625,0.11812092982266861,-0.02133727200090518,0.02744856324326781,15.248013161088036,7.248013161088035,False,False,True
tangential_major_axis,276,scalar_principal_sigma,False,False,0,0.00031569999919156544,,,0.11812092982266861,-0.02133727200090518,0.02744856324326781,,,False,False,False
tangential_major_axis,276,anisotropic_chance,True,True,0,0.07298090000040247,1.6773616862815874,0.045296445110338625,0.11812092982266861,-0.02133727200090518,0.02744856324326781,15.248013161088036,7.248013161088035,False,False,True
tangential_major_axis,277,deterministic,True,True,0,0.0024051000000326894,1.6773616862815874,0.045296445110338625,0.11227263856488322,-0.020640125583858325,0.023986934901269977,11.61738810622556,3.6173881062255604,False,False,True
tangential_major_axis,277,scalar_principal_sigma,False,False,0,0.00031569999919156544,,,0.11227263856488322,-0.020640125583858325,0.023986934901269977,,,False,False,False
tangential_major_axis,277,anisotropic_chance,True,True,0,0.07298090000040247,1.6773616862815874,0.045296445110338625,0.11227263856488322,-0.020640125583858325,0.023986934901269977,11.61738810622556,3.6173881062255604,False,False,True
tangential_major_axis,278,deterministic,True,True,0,0.0024051000000326894,1.6773616862815874,0.045296445110338625,0.10156458554767646,-0.024875925638462634,0.019738133689792464,10.793922781916063,2.7939227819160624,False,False,True
tangential_major_axis,278,scalar_principal_sigma,False,False,0,0.00031569999919156544,,,0.10156458554767646,-0.024875925638462634,0.019738133689792464,,,False,False,False
tangential_major_axis,278,anisotropic_chance,True,True,0,0.07298090000040247,1.6773616862815874,0.045296445110338625,0.10156458554767646,-0.024875925638462634,0.019738133689792464,10.793922781916063,2.7939227819160624,False,False,True
tangential_major_axis,279,deterministic,True,True,0,0.0024051000000326894,1.6773616862815874,0.045296445110338625,0.10908812229771005,-0.023569079788209418,0.024534770308016415,13.76762393942022,5.76762393942022,False,False,True
tangential_major_axis,279,scalar_principal_sigma,False,False,0,0.00031569999919156544,,,0.10908812229771005,-0.023569079788209418,0.024534770308016415,,,False,False,False
tangential_major_axis,279,anisotropic_chance,True,True,0,0.07298090000040247,1.6773616862815874,0.045296445110338625,0.10908812229771005,-0.023569079788209418,0.024534770308016415,13.76762393942022,5.76762393942022,False,False,True
tangential_major_axis,280,deterministic,True,True,0,0.0024051000000326894,1.6773616862815874,0.045296445110338625,0.11818921543461608,-0.019528615316540578,0.027146219337858424,13.752709484336071,5.752709484336071,False,False,True
tangential_major_axis,280,scalar_principal_sigma,False,False,0,0.00031569999919156544,,,0.11818921543461608,-0.019528615316540578,0.027146219337858424,,,False,False,False
tangential_major_axis,280,anisotropic_chance,True,True,0,0.07298090000040247,1.6773616862815874,0.045296445110338625,0.11818921543461608,-0.019528615316540578,0.027146219337858424,13.752709484336071,5.752709484336071,False,False,True
tangential_major_axis,281,deterministic,True,True,0,0.0024051000000326894,1.6773616862815874,0.045296445110338625,0.09754757003314261,-0.02666099425248805,0.018128144543969608,11.240320084302144,3.240320084302145,False,False,True
tangential_major_axis,281,scalar_principal_sigma,False,False,0,0.00031569999919156544,,,0.09754757003314261,-0.02666099425248805,0.018128144543969608,,,False,False,False
tangential_major_axis,281,anisotropic_chance,True,True,0,0.07298090000040247,1.6773616862815874,0.045296445110338625,0.09754757003314261,-0.02666099425248805,0.018128144543969608,11.240320084302144,3.240320084302145,False,False,True
tangential_major_axis,282,deterministic,True,True,0,0.0024051000000326894,1.6773616862815874,0.045296445110338625,0.11576526378164734,-0.022847776468261305,0.02051557284446383,11.89048965738603,3.8904896573860297,False,False,True
tangential_major_axis,282,scalar_principal_sigma,False,False,0,0.00031569999919156544,,,0.11576526378164734,-0.022847776468261305,0.02051557284446383,,,False,False,False
tangential_major_axis,282,anisotropic_chance,True,True,0,0.07298090000040247,1.6773616862815874,0.045296445110338625,0.11576526378164734,-0.022847776468261305,0.02051557284446383,11.89048965738603,3.8904896573860297,False,False,True
tangential_major_axis,283,deterministic,True,True,0,0.0024051000000326894,1.6773616862815874,0.045296445110338625,0.10280033685829737,-0.024675473937634477,0.02126921326957973,11.697099774654077,3.6970997746540775,False,False,True
tangential_major_axis,283,scalar_principal_sigma,False,False,0,0.00031569999919156544,,,0.10280033685829737,-0.024675473937634477,0.02126921326957973,,,False,False,False
tangential_major_axis,283,anisotropic_chance,True,True,0,0.07298090000040247,1.6773616862815874,0.045296445110338625,0.10280033685829737,-0.024675473937634477,0.02126921326957973,11.697099774654077,3.6970997746540775,False,False,True
tangential_major_axis,284,deterministic,True,True,0,0.0024051000000326894,1.6773616862815874,0.045296445110338625,0.12458233962851262,-0.018686265186823224,0.023182859970503546,11.96578400235007,3.9657840023500697,False,False,True
tangential_major_axis,284,scalar_principal_sigma,False,False,0,0.00031569999919156544,,,0.12458233962851262,-0.018686265186823224,0.023182859970503546,,,False,False,False
tangential_major_axis,284,anisotropic_chance,True,True,0,0.07298090000040247,1.6773616862815874,0.045296445110338625,0.12458233962851262,-0.018686265186823224,0.023182859970503546,11.96578400235007,3.9657840023500697,False,False,True
tangential_major_axis,285,deterministic,True,True,0,0.0024051000000326894,1.6773616862815874,0.045296445110338625,0.10031520273191008,-0.026173791572785366,0.019437438509198178,11.603385312827166,3.603385312827166,False,False,True
tangential_major_axis,285,scalar_principal_sigma,False,False,0,0.00031569999919156544,,,0.10031520273191008,-0.026173791572785366,0.019437438509198178,,,False,False,False
tangential_major_axis,285,anisotropic_chance,True,True,0,0.07298090000040247,1.6773616862815874,0.045296445110338625,0.10031520273191008,-0.026173791572785366,0.019437438509198178,11.603385312827166,3.603385312827166,False,False,True
tangential_major_axis,286,deterministic,True,True,0,0.0024051000000326894,1.6773616862815874,0.045296445110338625,0.09733938763180522,-0.026264777987898662,0.016636005929407845,10.090115085616828,2.090115085616828,False,False,True
tangential_major_axis,286,scalar_principal_sigma,False,False,0,0.00031569999919156544,,,0.09733938763180522,-0.026264777987898662,0.016636005929407845,,,False,False,False
tangential_major_axis,286,anisotropic_chance,True,True,0,0.07298090000040247,1.6773616862815874,0.045296445110338625,0.09733938763180522,-0.026264777987898662,0.016636005929407845,10.090115085616828,2.090115085616828,False,False,True
tangential_major_axis,287,deterministic,True,True,0,0.0024051000000326894,1.6773616862815874,0.045296445110338625,0.11100342072823084,-0.024425868912015893,0.02053194990727413,12.247934233832828,4.2479342338328285,False,False,True
tangential_major_axis,287,scalar_principal_sigma,False,False,0,0.00031569999919156544,,,0.11100342072823084,-0.024425868912015893,0.02053194990727413,,,False,False,False
tangential_major_axis,287,anisotropic_chance,True,True,0,0.07298090000040247,1.6773616862815874,0.045296445110338625,0.11100342072823084,-0.024425868912015893,0.02053194990727413,12.247934233832828,4.2479342338328285,False,False,True
tangential_major_axis,288,deterministic,True,True,0,0.0024051000000326894,1.6773616862815874,0.045296445110338625,0.0918424206073321,-0.027919948936241477,0.018586394073635756,12.540685640916973,4.540685640916974,False,False,True
tangential_major_axis,288,scalar_principal_sigma,False,False,0,0.00031569999919156544,,,0.0918424206073321,-0.027919948936241477,0.018586394073635756,,,False,False,False
tangential_major_axis,288,anisotropic_chance,True,True,0,0.07298090000040247,1.6773616862815874,0.045296445110338625,0.0918424206073321,-0.027919948936241477,0.018586394073635756,12.540685640916973,4.540685640916974,False,False,True
tangential_major_axis,289,deterministic,True,True,0,0.0024051000000326894,1.6773616862815874,0.045296445110338625,0.10574055229889552,-0.025801075923315916,0.01783540429039762,10.886534865033553,2.886534865033553,False,False,True
tangential_major_axis,289,scalar_principal_sigma,False,False,0,0.00031569999919156544,,,0.10574055229889552,-0.025801075923315916,0.01783540429039762,,,False,False,False
tangential_major_axis,289,anisotropic_chance,True,True,0,0.07298090000040247,1.6773616862815874,0.045296445110338625,0.10574055229889552,-0.025801075923315916,0.01783540429039762,10.886534865033553,2.886534865033553,False,False,True
tangential_major_axis,290,deterministic,True,True,0,0.0024051000000326894,1.6773616862815874,0.045296445110338625,0.09295082856566514,-0.0272785384423883,0.01609685666717748,10.673766023580338,2.673766023580338,False,False,True
tangential_major_axis,290,scalar_principal_sigma,False,False,0,0.00031569999919156544,,,0.09295082856566514,-0.0272785384423883,0.01609685666717748,,,False,False,False
tangential_major_axis,290,anisotropic_chance,True,True,0,0.07298090000040247,1.6773616862815874,0.045296445110338625,0.09295082856566514,-0.0272785384423883,0.01609685666717748,10.673766023580338,2.673766023580338,False,False,True
tangential_major_axis,291,deterministic,True,True,0,0.0024051000000326894,1.6773616862815874,0.045296445110338625,0.12774509234399947,-0.01769904100010296,0.026057238135588526,13.465575432279975,5.465575432279974,False,False,True
tangential_major_axis,291,scalar_principal_sigma,False,False,0,0.00031569999919156544,,,0.12774509234399947,-0.01769904100010296,0.026057238135588526,,,False,False,False
tangential_major_axis,291,anisotropic_chance,True,True,0,0.07298090000040247,1.6773616862815874,0.045296445110338625,0.12774509234399947,-0.01769904100010296,0.026057238135588526,13.465575432279975,5.465575432279974,False,False,True
tangential_major_axis,292,deterministic,True,True,0,0.0024051000000326894,1.6773616862815874,0.045296445110338625,0.08967616859375008,-0.028236622302545738,0.01828651857147462,12.64080261410999,4.640802614109989,False,False,True
tangential_major_axis,292,scalar_principal_sigma,False,False,0,0.00031569999919156544,,,0.08967616859375008,-0.028236622302545738,0.01828651857147462,,,False,False,False
tangential_major_axis,292,anisotropic_chance,True,True,0,0.07298090000040247,1.6773616862815874,0.045296445110338625,0.08967616859375008,-0.028236622302545738,0.01828651857147462,12.64080261410999,4.640802614109989,False,False,True
tangential_major_axis,293,deterministic,True,True,0,0.0024051000000326894,1.6773616862815874,0.045296445110338625,0.10745096766301292,-0.023225306976125865,0.02029569419181653,10.572876107091044,2.5728761070910444,False,False,True
tangential_major_axis,293,scalar_principal_sigma,False,False,0,0.00031569999919156544,,,0.10745096766301292,-0.023225306976125865,0.02029569419181653,,,False,False,False
tangential_major_axis,293,anisotropic_chance,True,True,0,0.07298090000040247,1.6773616862815874,0.045296445110338625,0.10745096766301292,-0.023225306976125865,0.02029569419181653,10.572876107091044,2.5728761070910444,False,False,True
tangential_major_axis,294,deterministic,True,True,0,0.0024051000000326894,1.6773616862815874,0.045296445110338625,0.10041599670557033,-0.02522474617510378,0.019017533584261184,10.593155215741909,2.5931552157419087,False,False,True
tangential_major_axis,294,scalar_principal_sigma,False,False,0,0.00031569999919156544,,,0.10041599670557033,-0.02522474617510378,0.019017533584261184,,,False,False,False
tangential_major_axis,294,anisotropic_chance,True,True,0,0.07298090000040247,1.6773616862815874,0.045296445110338625,0.10041599670557033,-0.02522474617510378,0.019017533584261184,10.593155215741909,2.5931552157419087,False,False,True
tangential_major_axis,295,deterministic,True,True,0,0.0024051000000326894,1.6773616862815874,0.045296445110338625,0.1145739835904676,-0.023683624544244365,0.023370896002986467,13.926489734459548,5.926489734459547,False,False,True
tangential_major_axis,295,scalar_principal_sigma,False,False,0,0.00031569999919156544,,,0.1145739835904676,-0.023683624544244365,0.023370896002986467,,,False,False,False
tangential_major_axis,295,anisotropic_chance,True,True,0,0.07298090000040247,1.6773616862815874,0.045296445110338625,0.1145739835904676,-0.023683624544244365,0.023370896002986467,13.926489734459548,5.926489734459547,False,False,True
tangential_major_axis,296,deterministic,True,True,0,0.0024051000000326894,1.6773616862815874,0.045296445110338625,0.0991035954435258,-0.027557478370684556,0.0242549954382506,15.711298231747467,7.711298231747465,False,False,True
tangential_major_axis,296,scalar_principal_sigma,False,False,0,0.00031569999919156544,,,0.0991035954435258,-0.027557478370684556,0.0242549954382506,,,False,False,False
tangential_major_axis,296,anisotropic_chance,True,True,0,0.07298090000040247,1.6773616862815874,0.045296445110338625,0.0991035954435258,-0.027557478370684556,0.0242549954382506,15.711298231747467,7.711298231747465,False,False,True
tangential_major_axis,297,deterministic,True,True,0,0.0024051000000326894,1.6773616862815874,0.045296445110338625,0.12233678079212182,-0.01860312436366584,0.026223719762802848,13.109929374592285,5.109929374592285,False,False,True
tangential_major_axis,297,scalar_principal_sigma,False,False,0,0.00031569999919156544,,,0.12233678079212182,-0.01860312436366584,0.026223719762802848,,,False,False,False
tangential_major_axis,297,anisotropic_chance,True,True,0,0.07298090000040247,1.6773616862815874,0.045296445110338625,0.12233678079212182,-0.01860312436366584,0.026223719762802848,13.109929374592285,5.109929374592285,False,False,True
tangential_major_axis,298,deterministic,True,True,0,0.0024051000000326894,1.6773616862815874,0.045296445110338625,0.11678936988009245,-0.0208711209452691,0.02370545202332728,12.311483476056614,4.311483476056614,False,False,True
tangential_major_axis,298,scalar_principal_sigma,False,False,0,0.00031569999919156544,,,0.11678936988009245,-0.0208711209452691,0.02370545202332728,,,False,False,False
tangential_major_axis,298,anisotropic_chance,True,True,0,0.07298090000040247,1.6773616862815874,0.045296445110338625,0.11678936988009245,-0.0208711209452691,0.02370545202332728,12.311483476056614,4.311483476056614,False,False,True
tangential_major_axis,299,deterministic,True,True,0,0.0024051000000326894,1.6773616862815874,0.045296445110338625,0.09402663981860106,-0.027137927370060495,0.01835044705577539,11.759823093073841,3.759823093073841,False,False,True
tangential_major_axis,299,scalar_principal_sigma,False,False,0,0.00031569999919156544,,,0.09402663981860106,-0.027137927370060495,0.01835044705577539,,,False,False,False
tangential_major_axis,299,anisotropic_chance,True,True,0,0.07298090000040247,1.6773616862815874,0.045296445110338625,0.09402663981860106,-0.027137927370060495,0.01835044705577539,11.759823093073841,3.759823093073841,False,False,True
radial_major_axis,0,deterministic,True,True,0,0.0024539999994885875,1.6773616862815874,0.31435535684679994,0.10178330110172709,-0.003722522594782108,0.019159597316392708,-3.24858930316514,-11.24858930316514,True,True,False
radial_major_axis,0,scalar_principal_sigma,False,False,0,0.00023049999981594738,,,0.10178330110172709,-0.003722522594782108,0.019159597316392708,,,False,False,False
radial_major_axis,0,anisotropic_chance,False,False,0,0.0030133000000205357,,,0.10178330110172709,-0.003722522594782108,0.019159597316392708,,,False,False,False
radial_major_axis,1,deterministic,True,True,0,0.0024539999994885875,1.6773616862815874,0.31435535684679994,0.10543472732171887,-0.02038481252779314,0.0231053615095798,10.12230583610933,2.1223058361093305,False,False,True
radial_major_axis,1,scalar_principal_sigma,False,False,0,0.00023049999981594738,,,0.10543472732171887,-0.02038481252779314,0.0231053615095798,,,False,False,False
radial_major_axis,1,anisotropic_chance,False,False,0,0.0030133000000205357,,,0.10543472732171887,-0.02038481252779314,0.0231053615095798,,,False,False,False
radial_major_axis,2,deterministic,True,True,0,0.0024539999994885875,1.6773616862815874,0.31435535684679994,0.10710450617428303,-0.019118551443324566,0.020351726519935845,7.449049711383398,-0.5509502886166026,False,True,False
radial_major_axis,2,scalar_principal_sigma,False,False,0,0.00023049999981594738,,,0.10710450617428303,-0.019118551443324566,0.020351726519935845,,,False,False,False
radial_major_axis,2,anisotropic_chance,False,False,0,0.0030133000000205357,,,0.10710450617428303,-0.019118551443324566,0.020351726519935845,,,False,False,False
radial_major_axis,3,deterministic,True,True,0,0.0024539999994885875,1.6773616862815874,0.31435535684679994,0.10134818579542768,-0.008873639484588901,0.021266273097677348,1.4721583922275763,-6.527841607772424,False,True,False
radial_major_axis,3,scalar_principal_sigma,False,False,0,0.00023049999981594738,,,0.10134818579542768,-0.008873639484588901,0.021266273097677348,,,False,False,False
radial_major_axis,3,anisotropic_chance,False,False,0,0.0030133000000205357,,,0.10134818579542768,-0.008873639484588901,0.021266273097677348,,,False,False,False
radial_major_axis,4,deterministic,True,True,0,0.0024539999994885875,1.6773616862815874,0.31435535684679994,0.10801920197813412,-0.026715298427061808,0.021791428574730133,14.304506279638138,6.304506279638138,False,False,True
radial_major_axis,4,scalar_principal_sigma,False,False,0,0.00023049999981594738,,,0.10801920197813412,-0.026715298427061808,0.021791428574730133,,,False,False,False
radial_major_axis,4,anisotropic_chance,False,False,0,0.0030133000000205357,,,0.10801920197813412,-0.026715298427061808,0.021791428574730133,,,False,False,False
radial_major_axis,5,deterministic,True,True,0,0.0024539999994885875,1.6773616862815874,0.31435535684679994,0.10604674886919749,-0.020195152737382545,0.020978098230572267,8.559990250408353,0.5599902504083518,False,False,True
radial_major_axis,5,scalar_principal_sigma,False,False,0,0.00023049999981594738,,,0.10604674886919749,-0.020195152737382545,0.020978098230572267,,,False,False,False
radial_major_axis,5,anisotropic_chance,False,False,0,0.0030133000000205357,,,0.10604674886919749,-0.020195152737382545,0.020978098230572267,,,False,False,False
radial_major_axis,6,deterministic,True,True,0,0.0024539999994885875,1.6773616862815874,0.31435535684679994,0.1108580538224078,-0.031423599105677165,0.02127649924037914,18.323528400145957,10.323528400145955,False,False,True
radial_major_axis,6,scalar_principal_sigma,False,False,0,0.00023049999981594738,,,0.1108580538224078,-0.031423599105677165,0.02127649924037914,,,False,False,False
radial_major_axis,6,anisotropic_chance,False,False,0,0.0030133000000205357,,,0.1108580538224078,-0.031423599105677165,0.02127649924037914,,,False,False,False
radial_major_axis,7,deterministic,True,True,0,0.0024539999994885875,1.6773616862815874,0.31435535684679994,0.10412379056044319,-0.02395164900206483,0.025491596956713908,14.22085538296961,6.22085538296961,False,False,True
radial_major_axis,7,scalar_principal_sigma,False,False,0,0.00023049999981594738,,,0.10412379056044319,-0.02395164900206483,0.025491596956713908,,,False,False,False
radial_major_axis,7,anisotropic_chance,False,False,0,0.0030133000000205357,,,0.10412379056044319,-0.02395164900206483,0.025491596956713908,,,False,False,False
radial_major_axis,8,deterministic,True,True,0,0.0024539999994885875,1.6773616862815874,0.31435535684679994,0.10271407407829461,-0.009499503212418214,0.018704184621377625,-0.24296361411408307,-8.242963614114084,True,True,False
radial_major_axis,8,scalar_principal_sigma,False,False,0,0.00023049999981594738,,,0.10271407407829461,-0.009499503212418214,0.018704184621377625,,,False,False,False
radial_major_axis,8,anisotropic_chance,False,False,0,0.0030133000000205357,,,0.10271407407829461,-0.009499503212418214,0.018704184621377625,,,False,False,False
radial_major_axis,9,deterministic,True,True,0,0.0024539999994885875,1.6773616862815874,0.31435535684679994,0.1098844945018515,-0.0272253719308825,0.024651654281948248,16.694716630348655,8.694716630348651,False,False,True
radial_major_axis,9,scalar_principal_sigma,False,False,0,0.00023049999981594738,,,0.1098844945018515,-0.0272253719308825,0.024651654281948248,,,False,False,False
radial_major_axis,9,anisotropic_chance,False,False,0,0.0030133000000205357,,,0.1098844945018515,-0.0272253719308825,0.024651654281948248,,,False,False,False
radial_major_axis,10,deterministic,True,True,0,0.0024539999994885875,1.6773616862815874,0.31435535684679994,0.10678178952775186,-0.015608738952451197,0.023550715241559037,7.407949010737313,-0.5920509892626876,False,True,False
radial_major_axis,10,scalar_principal_sigma,False,False,0,0.00023049999981594738,,,0.10678178952775186,-0.015608738952451197,0.023550715241559037,,,False,False,False
radial_major_axis,10,anisotropic_chance,False,False,0,0.0030133000000205357,,,0.10678178952775186,-0.015608738952451197,0.023550715241559037,,,False,False,False
radial_major_axis,11,deterministic,True,True,0,0.0024539999994885875,1.6773616862815874,0.31435535684679994,0.10668974861154781,-0.023387614567816663,0.02167518610368099,11.476071705797235,3.4760717057972355,False,False,True
radial_major_axis,11,scalar_principal_sigma,False,False,0,0.00023049999981594738,,,0.10668974861154781,-0.023387614567816663,0.02167518610368099,,,False,False,False
radial_major_axis,11,anisotropic_chance,False,False,0,0.0030133000000205357,,,0.10668974861154781,-0.023387614567816663,0.02167518610368099,,,False,False,False
radial_major_axis,12,deterministic,True,True,0,0.0024539999994885875,1.6773616862815874,0.31435535684679994,0.1074108067352146,-0.02157549718330245,0.02230470897354636,10.594214630288906,2.594214630288907,False,False,True
radial_major_axis,12,scalar_principal_sigma,False,False,0,0.00023049999981594738,,,0.1074108067352146,-0.02157549718330245,0.02230470897354636,,,False,False,False
radial_major_axis,12,anisotropic_chance,False,False,0,0.0030133000000205357,,,0.1074108067352146,-0.02157549718330245,0.02230470897354636,,,False,False,False
radial_major_axis,13,deterministic,True,True,0,0.0024539999994885875,1.6773616862815874,0.31435535684679994,0.11291937208945048,-0.041993335187101966,0.023422399203485194,28.789147007850936,20.789147007850936,False,False,True
radial_major_axis,13,scalar_principal_sigma,False,False,0,0.00023049999981594738,,,0.11291937208945048,-0.041993335187101966,0.023422399203485194,,,False,False,False
radial_major_axis,13,anisotropic_chance,False,False,0,0.0030133000000205357,,,0.11291937208945048,-0.041993335187101966,0.023422399203485194,,,False,False,False
radial_major_axis,14,deterministic,True,True,0,0.0024539999994885875,1.6773616862815874,0.31435535684679994,0.1067466109036661,-0.02130681973661267,0.017897263896946854,7.54001574496486,-0.4599842550351407,False,True,False
radial_major_axis,14,scalar_principal_sigma,False,False,0,0.00023049999981594738,,,0.1067466109036661,-0.02130681973661267,0.017897263896946854,,,False,False,False
radial_major_axis,14,anisotropic_chance,False,False,0,0.0030133000000205357,,,0.1067466109036661,-0.02130681973661267,0.017897263896946854,,,False,False,False
radial_major_axis,15,deterministic,True,True,0,0.0024539999994885875,1.6773616862815874,0.31435535684679994,0.10903842817123878,-0.02548591829908797,0.018226279325537262,11.456642381617488,3.4566423816174887,False,False,True
radial_major_axis,15,scalar_principal_sigma,False,False,0,0.00023049999981594738,,,0.10903842817123878,-0.02548591829908797,0.018226279325537262,,,False,False,False
radial_major_axis,15,anisotropic_chance,False,False,0,0.0030133000000205357,,,0.10903842817123878,-0.02548591829908797,0.018226279325537262,,,False,False,False
radial_major_axis,16,deterministic,True,True,0,0.0024539999994885875,1.6773616862815874,0.31435535684679994,0.10720115474085878,-0.021923936805153747,0.019779523459851487,9.20965085686805,1.2096508568680502,False,False,True
radial_major_axis,16,scalar_principal_sigma,False,False,0,0.00023049999981594738,,,0.10720115474085878,-0.021923936805153747,0.019779523459851487,,,False,False,False
radial_major_axis,16,anisotropic_chance,False,False,0,0.0030133000000205357,,,0.10720115474085878,-0.021923936805153747,0.019779523459851487,,,False,False,False
radial_major_axis,17,deterministic,True,True,0,0.0024539999994885875,1.6773616862815874,0.31435535684679994,0.11161797904857294,-0.03604654576317783,0.019881399838548565,21.773834971512585,13.773834971512583,False,False,True
radial_major_axis,17,scalar_principal_sigma,False,False,0,0.00023049999981594738,,,0.11161797904857294,-0.03604654576317783,0.019881399838548565,,,False,False,False
radial_major_axis,17,anisotropic_chance,False,False,0,0.0030133000000205357,,,0.11161797904857294,-0.03604654576317783,0.019881399838548565,,,False,False,False
radial_major_axis,18,deterministic,True,True,0,0.0024539999994885875,1.6773616862815874,0.31435535684679994,0.10868551337082337,-0.02585101061349673,0.021989731069513928,13.819767874063484,5.819767874063483,False,False,True
radial_major_axis,18,scalar_principal_sigma,False,False,0,0.00023049999981594738,,,0.10868551337082337,-0.02585101061349673,0.021989731069513928,,,False,False,False
radial_major_axis,18,anisotropic_chance,False,False,0,0.0030133000000205357,,,0.10868551337082337,-0.02585101061349673,0.021989731069513928,,,False,False,False
radial_major_axis,19,deterministic,True,True,0,0.0024539999994885875,1.6773616862815874,0.31435535684679994,0.10773428600425397,-0.03304172320123562,0.024429912657864792,20.813816909887255,12.813816909887253,False,False,True
radial_major_axis,19,scalar_principal_sigma,False,False,0,0.00023049999981594738,,,0.10773428600425397,-0.03304172320123562,0.024429912657864792,,,False,False,False
radial_major_axis,19,anisotropic_chance,False,False,0,0.0030133000000205357,,,0.10773428600425397,-0.03304172320123562,0.024429912657864792,,,False,False,False
radial_major_axis,20,deterministic,True,True,0,0.0024539999994885875,1.6773616862815874,0.31435535684679994,0.10389290639155965,-0.009502932349692225,0.021681666452841065,2.182171767262915,-5.817828232737085,False,True,False
radial_major_axis,20,scalar_principal_sigma,False,False,0,0.00023049999981594738,,,0.10389290639155965,-0.009502932349692225,0.021681666452841065,,,False,False,False
radial_major_axis,20,anisotropic_chance,False,False,0,0.0030133000000205357,,,0.10389290639155965,-0.009502932349692225,0.021681666452841065,,,False,False,False
radial_major_axis,21,deterministic,True,True,0,0.0024539999994885875,1.6773616862815874,0.31435535684679994,0.10916997828887343,-0.024806679699222286,0.02027925314589009,12.056505020359985,4.056505020359984,False,False,True
radial_major_axis,21,scalar_principal_sigma,False,False,0,0.00023049999981594738,,,0.10916997828887343,-0.024806679699222286,0.02027925314589009,,,False,False,False
radial_major_axis,21,anisotropic_chance,False,False,0,0.0030133000000205357,,,0.10916997828887343,-0.024806679699222286,0.02027925314589009,,,False,False,False
radial_major_axis,22,deterministic,True,True,0,0.0024539999994885875,1.6773616862815874,0.31435535684679994,0.11235141844778004,-0.035619785945202175,0.022924643693030346,22.972334869268106,14.972334869268105,False,False,True
radial_major_axis,22,scalar_principal_sigma,False,False,0,0.00023049999981594738,,,0.11235141844778004,-0.035619785945202175,0.022924643693030346,,,False,False,False
radial_major_axis,22,anisotropic_chance,False,False,0,0.0030133000000205357,,,0.11235141844778004,-0.035619785945202175,0.022924643693030346,,,False,False,False
radial_major_axis,23,deterministic,True,True,0,0.0024539999994885875,1.6773616862815874,0.31435535684679994,0.1043628749592024,-0.012989582745976475,0.020204910708434023,3.011536160519962,-4.988463839480038,False,True,False
radial_major_axis,23,scalar_principal_sigma,False,False,0,0.00023049999981594738,,,0.1043628749592024,-0.012989582745976475,0.020204910708434023,,,False,False,False
radial_major_axis,23,anisotropic_chance,False,False,0,0.0030133000000205357,,,0.1043628749592024,-0.012989582745976475,0.020204910708434023,,,False,False,False
radial_major_axis,24,deterministic,True,True,0,0.0024539999994885875,1.6773616862815874,0.31435535684679994,0.10693148454476335,-0.014356510497824927,0.018244357156246917,2.598837784985942,-5.401162215014058,False,True,False
radial_major_axis,24,scalar_principal_sigma,False,False,0,0.00023049999981594738,,,0.10693148454476335,-0.014356510497824927,0.018244357156246917,,,False,False,False
radial_major_axis,24,anisotropic_chance,False,False,0,0.0030133000000205357,,,0.10693148454476335,-0.014356510497824927,0.018244357156246917,,,False,False,False
radial_major_axis,25,deterministic,True,True,0,0.0024539999994885875,1.6773616862815874,0.31435535684679994,0.11187907206548213,-0.03456834440116269,0.016837673433438116,19.244130434454927,11.244130434454927,False,False,True
radial_major_axis,25,scalar_principal_sigma,False,False,0,0.00023049999981594738,,,0.11187907206548213,-0.03456834440116269,0.016837673433438116,,,False,False,False
radial_major_axis,25,anisotropic_chance,False,False,0,0.0030133000000205357,,,0.11187907206548213,-0.03456834440116269,0.016837673433438116,,,False,False,False
radial_major_axis,26,deterministic,True,True,0,0.0024539999994885875,1.6773616862815874,0.31435535684679994,0.10586504690701348,-0.020169030902922346,0.02159922449634899,8.947998656643868,0.947998656643868,False,False,True
radial_major_axis,26,scalar_principal_sigma,False,False,0,0.00023049999981594738,,,0.10586504690701348,-0.020169030902922346,0.02159922449634899,,,False,False,False
radial_major_axis,26,anisotropic_chance,False,False,0,0.0030133000000205357,,,0.10586504690701348,-0.020169030902922346,0.02159922449634899,,,False,False,False
radial_major_axis,27,deterministic,True,True,0,0.0024539999994885875,1.6773616862815874,0.31435535684679994,0.1034191363424218,-0.018434854030300776,0.024242652238987097,9.579902599576027,1.579902599576027,False,False,True
radial_major_axis,27,scalar_principal_sigma,False,False,0,0.00023049999981594738,,,0.1034191363424218,-0.018434854030300776,0.024242652238987097,,,False,False,False
radial_major_axis,27,anisotropic_chance,False,False,0,0.0030133000000205357,,,0.1034191363424218,-0.018434854030300776,0.024242652238987097,,,False,False,False
radial_major_axis,28,deterministic,True,True,0,0.0024539999994885875,1.6773616862815874,0.31435535684679994,0.103543326111578,-0.010446304511756451,0.019022242179485012,0.5580897412341395,-7.44191025876586,False,True,False
radial_major_axis,28,scalar_principal_sigma,False,False,0,0.00023049999981594738,,,0.103543326111578,-0.010446304511756451,0.019022242179485012,,,False,False,False
radial_major_axis,28,anisotropic_chance,False,False,0,0.0030133000000205357,,,0.103543326111578,-0.010446304511756451,0.019022242179485012,,,False,False,False
radial_major_axis,29,deterministic,True,True,0,0.0024539999994885875,1.6773616862815874,0.31435535684679994,0.1076579053359487,-0.01926072451068675,0.019288961099945826,6.920278909394484,-1.0797210906055166,False,True,False
radial_major_axis,29,scalar_principal_sigma,False,False,0,0.00023049999981594738,,,0.1076579053359487,-0.01926072451068675,0.019288961099945826,,,False,False,False
radial_major_axis,29,anisotropic_chance,False,False,0,0.0030133000000205357,,,0.1076579053359487,-0.01926072451068675,0.019288961099945826,,,False,False,False
radial_major_axis,30,deterministic,True,True,0,0.0024539999994885875,1.6773616862815874,0.31435535684679994,0.10939812495142631,-0.027501100157689227,0.02004072893733677,14.154844132145973,6.154844132145972,False,False,True
radial_major_axis,30,scalar_principal_sigma,False,False,0,0.00023049999981594738,,,0.10939812495142631,-0.027501100157689227,0.02004072893733677,,,False,False,False
radial_major_axis,30,anisotropic_chance,False,False,0,0.0030133000000205357,,,0.10939812495142631,-0.027501100157689227,0.02004072893733677,,,False,False,False
radial_major_axis,31,deterministic,True,True,0,0.0024539999994885875,1.6773616862815874,0.31435535684679994,0.10575094321947347,-0.01673283223698349,0.01940879183151094,4.956031631068348,-3.043968368931652,False,True,False
radial_major_axis,31,scalar_principal_sigma,False,False,0,0.00023049999981594738,,,0.10575094321947347,-0.01673283223698349,0.01940879183151094,,,False,False,False
radial_major_axis,31,anisotropic_chance,False,False,0,0.0030133000000205357,,,0.10575094321947347,-0.01673283223698349,0.01940879183151094,,,False,False,False
radial_major_axis,32,deterministic,True,True,0,0.0024539999994885875,1.6773616862815874,0.31435535684679994,0.10988255552408285,-0.030372498261237228,0.01956503150025159,16.406933124838833,8.40693312483883,False,False,True
radial_major_axis,32,scalar_principal_sigma,False,False,0,0.00023049999981594738,,,0.10988255552408285,-0.030372498261237228,0.01956503150025159,,,False,False,False
radial_major_axis,32,anisotropic_chance,False,False,0,0.0030133000000205357,,,0.10988255552408285,-0.030372498261237228,0.01956503150025159,,,False,False,False
radial_major_axis,33,deterministic,True,True,0,0.0024539999994885875,1.6773616862815874,0.31435535684679994,0.11053455400809581,-0.029057635785908996,0.022205356127559528,16.806522463918657,8.806522463918656,False,False,True
radial_major_axis,33,scalar_principal_sigma,False,False,0,0.00023049999981594738,,,0.11053455400809581,-0.029057635785908996,0.022205356127559528,,,False,False,False
radial_major_axis,33,anisotropic_chance,False,False,0,0.0030133000000205357,,,0.11053455400809581,-0.029057635785908996,0.022205356127559528,,,False,False,False
radial_major_axis,34,deterministic,True,True,0,0.0024539999994885875,1.6773616862815874,0.31435535684679994,0.1075225056206698,-0.021563273430562104,0.01947505401958763,8.77907223740358,0.7790722374035799,False,False,True
radial_major_axis,34,scalar_principal_sigma,False,False,0,0.00023049999981594738,,,0.1075225056206698,-0.021563273430562104,0.01947505401958763,,,False,False,False
radial_major_axis,34,anisotropic_chance,False,False,0,0.0030133000000205357,,,0.1075225056206698,-0.021563273430562104,0.01947505401958763,,,False,False,False
radial_major_axis,35,deterministic,True,True,0,0.0024539999994885875,1.6773616862815874,0.31435535684679994,0.10125392834206048,-0.0007104055552404794,0.018398338074129824,-5.6214862663306295,-13.62148626633063,True,True,False
radial_major_axis,35,scalar_principal_sigma,False,False,0,0.00023049999981594738,,,0.10125392834206048,-0.0007104055552404794,0.018398338074129824,,,False,False,False
radial_major_axis,35,anisotropic_chance,False,False,0,0.0030133000000205357,,,0.10125392834206048,-0.0007104055552404794,0.018398338074129824,,,False,False,False
radial_major_axis,36,deterministic,True,True,0,0.0024539999994885875,1.6773616862815874,0.31435535684679994,0.10477863507462228,-0.0158694951211512,0.0266478538019414,9.92815116051807,1.9281511605180688,False,False,True
radial_major_axis,36,scalar_principal_sigma,False,False,0,0.00023049999981594738,,,0.10477863507462228,-0.0158694951211512,0.0266478538019414,,,False,False,False
radial_major_axis,36,anisotropic_chance,False,False,0,0.0030133000000205357,,,0.10477863507462228,-0.0158694951211512,0.0266478538019414,,,False,False,False
radial_major_axis,37,deterministic,True,True,0,0.0024539999994885875,1.6773616862815874,0.31435535684679994,0.10699949699845014,-0.018594257207006533,0.02406530690451571,9.71661388053736,1.7166138805373587,False,False,True
radial_major_axis,37,scalar_principal_sigma,False,False,0,0.00023049999981594738,,,0.10699949699845014,-0.018594257207006533,0.02406530690451571,,,False,False,False
radial_major_axis,37,anisotropic_chance,False,False,0,0.0030133000000205357,,,0.10699949699845014,-0.018594257207006533,0.02406530690451571,,,False,False,False
radial_major_axis,38,deterministic,True,True,0,0.0024539999994885875,1.6773616862815874,0.31435535684679994,0.10788643512323985,-0.026560093933479478,0.02144609048069774,13.962980990973906,5.962980990973905,False,False,True
radial_major_axis,38,scalar_principal_sigma,False,False,0,0.00023049999981594738,,,0.10788643512323985,-0.026560093933479478,0.02144609048069774,,,False,False,False
radial_major_axis,38,anisotropic_chance,False,False,0,0.0030133000000205357,,,0.10788643512323985,-0.026560093933479478,0.02144609048069774,,,False,False,False
radial_major_axis,39,deterministic,True,True,0,0.0024539999994885875,1.6773616862815874,0.31435535684679994,0.10678905978104197,-0.024068945231840666,0.020864533937483533,11.514954741033886,3.514954741033886,False,False,True
radial_major_axis,39,scalar_principal_sigma,False,False,0,0.00023049999981594738,,,0.10678905978104197,-0.024068945231840666,0.020864533937483533,,,False,False,False
radial_major_axis,39,anisotropic_chance,False,False,0,0.0030133000000205357,,,0.10678905978104197,-0.024068945231840666,0.020864533937483533,,,False,False,False
radial_major_axis,40,deterministic,True,True,0,0.0024539999994885875,1.6773616862815874,0.31435535684679994,0.10387503937929765,-0.013821488476119465,0.019454658710195173,2.943012739867792,-5.056987260132208,False,True,False
radial_major_axis,40,scalar_principal_sigma,False,False,0,0.00023049999981594738,,,0.10387503937929765,-0.013821488476119465,0.019454658710195173,,,False,False,False
radial_major_axis,40,anisotropic_chance,False,False,0,0.0030133000000205357,,,0.10387503937929765,-0.013821488476119465,0.019454658710195173,,,False,False,False
radial_major_axis,41,deterministic,True,True,0,0.0024539999994885875,1.6773616862815874,0.31435535684679994,0.10578431720122945,-0.019539812489199632,0.021653362829729506,8.525305077936528,0.5253050779365273,False,False,True
radial_major_axis,41,scalar_principal_sigma,False,False,0,0.00023049999981594738,,,0.10578431720122945,-0.019539812489199632,0.021653362829729506,,,False,False,False
radial_major_axis,41,anisotropic_chance,False,False,0,0.0030133000000205357,,,0.10578431720122945,-0.019539812489199632,0.021653362829729506,,,False,False,False
radial_major_axis,42,deterministic,True,True,0,0.0024539999994885875,1.6773616862815874,0.31435535684679994,0.11087112808508646,-0.027438722728403135,0.021682376346295013,15.2697640382234,7.2697640382234,False,False,True
radial_major_axis,42,scalar_principal_sigma,False,False,0,0.00023049999981594738,,,0.11087112808508646,-0.027438722728403135,0.021682376346295013,,,False,False,False
radial_major_axis,42,anisotropic_chance,False,False,0,0.0030133000000205357,,,0.11087112808508646,-0.027438722728403135,0.021682376346295013,,,False,False,False
radial_major_axis,43,deterministic,True,True,0,0.0024539999994885875,1.6773616862815874,0.31435535684679994,0.10726793787934297,-0.019414602608158207,0.020871657299785226,8.035192932032519,0.035192932032518734,False,False,True
radial_major_axis,43,scalar_principal_sigma,False,False,0,0.00023049999981594738,,,0.10726793787934297,-0.019414602608158207,0.020871657299785226,,,False,False,False
radial_major_axis,43,anisotropic_chance,False,False,0,0.0030133000000205357,,,0.10726793787934297,-0.019414602608158207,0.020871657299785226,,,False,False,False
radial_major_axis,44,deterministic,True,True,0,0.0024539999994885875,1.6773616862815874,0.31435535684679994,0.10916268995416126,-0.020331802573567537,0.019737257033707666,8.252013343666286,0.25201334366628697,False,False,True
radial_major_axis,44,scalar_principal_sigma,False,False,0,0.00023049999981594738,,,0.10916268995416126,-0.020331802573567537,0.019737257033707666,,,False,False,False
radial_major_axis,44,anisotropic_chance,False,False,0,0.0030133000000205357,,,0.10916268995416126,-0.020331802573567537,0.019737257033707666,,,False,False,False
radial_major_axis,45,deterministic,True,True,0,0.0024539999994885875,1.6773616862815874,0.31435535684679994,0.10345672827074985,-0.012113798986572274,0.020285912302093517,2.5483222280951576,-5.451677771904842,False,True,False
radial_major_axis,45,scalar_principal_sigma,False,False,0,0.00023049999981594738,,,0.10345672827074985,-0.012113798986572274,0.020285912302093517,,,False,False,False
radial_major_axis,45,anisotropic_chance,False,False,0,0.0030133000000205357,,,0.10345672827074985,-0.012113798986572274,0.020285912302093517,,,False,False,False
radial_major_axis,46,deterministic,True,True,0,0.0024539999994885875,1.6773616862815874,0.31435535684679994,0.10559923133178041,-0.018937610312484716,0.021490347599260936,7.970139783735974,-0.029860216264025394,False,True,False
radial_major_axis,46,scalar_principal_sigma,False,False,0,0.00023049999981594738,,,0.10559923133178041,-0.018937610312484716,0.021490347599260936,,,False,False,False
radial_major_axis,46,anisotropic_chance,False,False,0,0.0030133000000205357,,,0.10559923133178041,-0.018937610312484716,0.021490347599260936,,,False,False,False
radial_major_axis,47,deterministic,True,True,0,0.0024539999994885875,1.6773616862815874,0.31435535684679994,0.10651118368201613,-0.014690773708147904,0.018822388041408115,3.1940369187672557,-4.805963081232744,False,True,False
radial_major_axis,47,scalar_principal_sigma,False,False,0,0.00023049999981594738,,,0.10651118368201613,-0.014690773708147904,0.018822388041408115,,,False,False,False
radial_major_axis,47,anisotropic_chance,False,False,0,0.0030133000000205357,,,0.10651118368201613,-0.014690773708147904,0.018822388041408115,,,False,False,False
radial_major_axis,48,deterministic,True,True,0,0.0024539999994885875,1.6773616862815874,0.31435535684679994,0.10823142482354374,-0.026223258663652816,0.016710207511592832,11.165924277828363,3.1659242778283634,False,False,True
radial_major_axis,48,scalar_principal_sigma,False,False,0,0.00023049999981594738,,,0.10823142482354374,-0.026223258663652816,0.016710207511592832,,,False,False,False
radial_major_axis,48,anisotropic_chance,False,False,0,0.0030133000000205357,,,0.10823142482354374,-0.026223258663652816,0.016710207511592832,,,False,False,False
radial_major_axis,49,deterministic,True,True,0,0.0024539999994885875,1.6773616862815874,0.31435535684679994,0.10899273518518673,-0.028692692470663455,0.024581258657723273,17.65751541100651,9.65751541100651,False,False,True
radial_major_axis,49,scalar_principal_sigma,False,False,0,0.00023049999981594738,,,0.10899273518518673,-0.028692692470663455,0.024581258657723273,,,False,False,False
radial_major_axis,49,anisotropic_chance,False,False,0,0.0030133000000205357,,,0.10899273518518673,-0.028692692470663455,0.024581258657723273,,,False,False,False
radial_major_axis,50,deterministic,True,True,0,0.0024539999994885875,1.6773616862815874,0.31435535684679994,0.1056425252394192,-0.015399484820448643,0.02203387400353785,5.996670433411852,-2.003329566588148,False,True,False
radial_major_axis,50,scalar_principal_sigma,False,False,0,0.00023049999981594738,,,0.1056425252394192,-0.015399484820448643,0.02203387400353785,,,False,False,False
radial_major_axis,50,anisotropic_chance,False,False,0,0.0030133000000205357,,,0.1056425252394192,-0.015399484820448643,0.02203387400353785,,,False,False,False
radial_major_axis,51,deterministic,True,True,0,0.0024539999994885875,1.6773616862815874,0.31435535684679994,0.1130991532591005,-0.03612243416757995,0.022968935968395842,23.57016262490446,15.570162624904459,False,False,True
radial_major_axis,51,scalar_principal_sigma,False,False,0,0.00023049999981594738,,,0.1130991532591005,-0.03612243416757995,0.022968935968395842,,,False,False,False
radial_major_axis,51,anisotropic_chance,False,False,0,0.0030133000000205357,,,0.1130991532591005,-0.03612243416757995,0.022968935968395842,,,False,False,False
radial_major_axis,52,deterministic,True,True,0,0.0024539999994885875,1.6773616862815874,0.31435535684679994,0.1034062470240975,-0.009567241191072424,0.0215211155822495,2.084557358120175,-5.915442641879825,False,True,False
radial_major_axis,52,scalar_principal_sigma,False,False,0,0.00023049999981594738,,,0.1034062470240975,-0.009567241191072424,0.0215211155822495,,,False,False,False
radial_major_axis,52,anisotropic_chance,False,False,0,0.0030133000000205357,,,0.1034062470240975,-0.009567241191072424,0.0215211155822495,,,False,False,False
radial_major_axis,53,deterministic,True,True,0,0.0024539999994885875,1.6773616862815874,0.31435535684679994,0.10990331559581379,-0.03485453240924136,0.025104913312319843,23.05738388427913,15.057383884279128,False,False,True
radial_major_axis,53,scalar_principal_sigma,False,False,0,0.00023049999981594738,,,0.10990331559581379,-0.03485453240924136,0.025104913312319843,,,False,False,False
radial_major_axis,53,anisotropic_chance,False,False,0,0.0030133000000205357,,,0.10990331559581379,-0.03485453240924136,0.025104913312319843,,,False,False,False
radial_major_axis,54,deterministic,True,True,0,0.0024539999994885875,1.6773616862815874,0.31435535684679994,0.10350836116586061,-0.012909679338023925,0.0201516590302503,2.9144741202409405,-5.08552587975906,False,True,False
radial_major_axis,54,scalar_principal_sigma,False,False,0,0.00023049999981594738,,,0.10350836116586061,-0.012909679338023925,0.0201516590302503,,,False,False,False
radial_major_axis,54,anisotropic_chance,False,False,0,0.0030133000000205357,,,0.10350836116586061,-0.012909679338023925,0.0201516590302503,,,False,False,False
radial_major_axis,55,deterministic,True,True,0,0.0024539999994885875,1.6773616862815874,0.31435535684679994,0.1030227177236969,-0.011398531051836506,0.02361721852774126,4.847288456773404,-3.152711543226596,False,True,False
radial_major_axis,55,scalar_principal_sigma,False,False,0,0.00023049999981594738,,,0.1030227177236969,-0.011398531051836506,0.02361721852774126,,,False,False,False
radial_major_axis,55,anisotropic_chance,False,False,0,0.0030133000000205357,,,0.1030227177236969,-0.011398531051836506,0.02361721852774126,,,False,False,False
radial_major_axis,56,deterministic,True,True,0,0.0024539999994885875,1.6773616862815874,0.31435535684679994,0.10437733512076396,-0.012112785708478534,0.023873825687041612,5.466716346760886,-2.5332836532391148,False,True,False
radial_major_axis,56,scalar_principal_sigma,False,False,0,0.00023049999981594738,,,0.10437733512076396,-0.012112785708478534,0.023873825687041612,,,False,False,False
radial_major_axis,56,anisotropic_chance,False,False,0,0.0030133000000205357,,,0.10437733512076396,-0.012112785708478534,0.023873825687041612,,,False,False,False
radial_major_axis,57,deterministic,True,True,0,0.0024539999994885875,1.6773616862815874,0.31435535684679994,0.10673632216736634,-0.024296004713553854,0.01962774352934945,10.951873144426157,2.9518731444261577,False,False,True
radial_major_axis,57,scalar_principal_sigma,False,False,0,0.00023049999981594738,,,0.10673632216736634,-0.024296004713553854,0.01962774352934945,,,False,False,False
radial_major_axis,57,anisotropic_chance,False,False,0,0.0030133000000205357,,,0.10673632216736634,-0.024296004713553854,0.01962774352934945,,,False,False,False
radial_major_axis,58,deterministic,True,True,0,0.0024539999994885875,1.6773616862815874,0.31435535684679994,0.11381219600135117,-0.03903896021982345,0.02041012914607823,25.085517013264308,17.085517013264308,False,False,True
radial_major_axis,58,scalar_principal_sigma,False,False,0,0.00023049999981594738,,,0.11381219600135117,-0.03903896021982345,0.02041012914607823,,,False,False,False
radial_major_axis,58,anisotropic_chance,False,False,0,0.0030133000000205357,,,0.11381219600135117,-0.03903896021982345,0.02041012914607823,,,False,False,False
radial_major_axis,59,deterministic,True,True,0,0.0024539999994885875,1.6773616862815874,0.31435535684679994,0.10762317713102507,-0.02463095156198429,0.02293339827542909,13.319995033584176,5.319995033584176,False,False,True
radial_major_axis,59,scalar_principal_sigma,False,False,0,0.00023049999981594738,,,0.10762317713102507,-0.02463095156198429,0.02293339827542909,,,False,False,False
radial_major_axis,59,anisotropic_chance,False,False,0,0.0030133000000205357,,,0.10762317713102507,-0.02463095156198429,0.02293339827542909,,,False,False,False
radial_major_axis,60,deterministic,True,True,0,0.0024539999994885875,1.6773616862815874,0.31435535684679994,0.1074560292307047,-0.021568213466644726,0.022608839193179783,10.798357424232787,2.7983574242327873,False,False,True
radial_major_axis,60,scalar_principal_sigma,False,False,0,0.00023049999981594738,,,0.1074560292307047,-0.021568213466644726,0.022608839193179783,,,False,False,False
radial_major_axis,60,anisotropic_chance,False,False,0,0.0030133000000205357,,,0.1074560292307047,-0.021568213466644726,0.022608839193179783,,,False,False,False
radial_major_axis,61,deterministic,True,True,0,0.0024539999994885875,1.6773616862815874,0.31435535684679994,0.10860501891770949,-0.02890816052805162,0.019039299963835663,14.668235711941971,6.66823571194197,False,False,True
radial_major_axis,61,scalar_principal_sigma,False,False,0,0.00023049999981594738,,,0.10860501891770949,-0.02890816052805162,0.019039299963835663,,,False,False,False
radial_major_axis,61,anisotropic_chance,False,False,0,0.0030133000000205357,,,0.10860501891770949,-0.02890816052805162,0.019039299963835663,,,False,False,False
radial_major_axis,62,deterministic,True,True,0,0.0024539999994885875,1.6773616862815874,0.31435535684679994,0.10984474751580554,-0.035991308728746535,0.02265718393456598,22.653652098108136,14.653652098108134,False,False,True
radial_major_axis,62,scalar_principal_sigma,False,False,0,0.00023049999981594738,,,0.10984474751580554,-0.035991308728746535,0.02265718393456598,,,False,False,False
radial_major_axis,62,anisotropic_chance,False,False,0,0.0030133000000205357,,,0.10984474751580554,-0.035991308728746535,0.02265718393456598,,,False,False,False
radial_major_axis,63,deterministic,True,True,0,0.0024539999994885875,1.6773616862815874,0.31435535684679994,0.10962907975041578,-0.03090468888749702,0.022917890580909196,18.563414018127418,10.563414018127414,False,False,True
radial_major_axis,63,scalar_principal_sigma,False,False,0,0.00023049999981594738,,,0.10962907975041578,-0.03090468888749702,0.022917890580909196,,,False,False,False
radial_major_axis,63,anisotropic_chance,False,False,0,0.0030133000000205357,,,0.10962907975041578,-0.03090468888749702,0.022917890580909196,,,False,False,False
radial_major_axis,64,deterministic,True,True,0,0.0024539999994885875,1.6773616862815874,0.31435535684679994,0.10696991114070944,-0.022637301965062584,0.022354420545093207,11.368693226621511,3.3686932266215104,False,False,True
radial_major_axis,64,scalar_principal_sigma,False,False,0,0.00023049999981594738,,,0.10696991114070944,-0.022637301965062584,0.022354420545093207,,,False,False,False
radial_major_axis,64,anisotropic_chance,False,False,0,0.0030133000000205357,,,0.10696991114070944,-0.022637301965062584,0.022354420545093207,,,False,False,False
radial_major_axis,65,deterministic,True,True,0,0.0024539999994885875,1.6773616862815874,0.31435535684679994,0.10110792941365392,-0.002740935807362257,0.02054556082179556,-2.697734197741044,-10.697734197741044,True,True,False
radial_major_axis,65,scalar_principal_sigma,False,False,0,0.00023049999981594738,,,0.10110792941365392,-0.002740935807362257,0.02054556082179556,,,False,False,False
radial_major_axis,65,anisotropic_chance,False,False,0,0.0030133000000205357,,,0.10110792941365392,-0.002740935807362257,0.02054556082179556,,,False,False,False
radial_major_axis,66,deterministic,True,True,0,0.0024539999994885875,1.6773616862815874,0.31435535684679994,0.10779798959572326,-0.022176737260072427,0.019488932293442642,9.302509389898665,1.302509389898664,False,False,True
radial_major_axis,66,scalar_principal_sigma,False,False,0,0.00023049999981594738,,,0.10779798959572326,-0.022176737260072427,0.019488932293442642,,,False,False,False
radial_major_axis,66,anisotropic_chance,False,False,0,0.0030133000000205357,,,0.10779798959572326,-0.022176737260072427,0.019488932293442642,,,False,False,False
radial_major_axis,67,deterministic,True,True,0,0.0024539999994885875,1.6773616862815874,0.31435535684679994,0.10722896374832475,-0.027396741347277206,0.026620020229828845,17.756122379813736,9.756122379813734,False,False,True
radial_major_axis,67,scalar_principal_sigma,False,False,0,0.00023049999981594738,,,0.10722896374832475,-0.027396741347277206,0.026620020229828845,,,False,False,False
radial_major_axis,67,anisotropic_chance,False,False,0,0.0030133000000205357,,,0.10722896374832475,-0.027396741347277206,0.026620020229828845,,,False,False,False
radial_major_axis,68,deterministic,True,True,0,0.0024539999994885875,1.6773616862815874,0.31435535684679994,0.10830903700270868,-0.015353774864852397,0.020146279535368912,4.801946958375913,-3.198053041624087,False,True,False
radial_major_axis,68,scalar_principal_sigma,False,False,0,0.00023049999981594738,,,0.10830903700270868,-0.015353774864852397,0.020146279535368912,,,False,False,False
radial_major_axis,68,anisotropic_chance,False,False,0,0.0030133000000205357,,,0.10830903700270868,-0.015353774864852397,0.020146279535368912,,,False,False,False
radial_major_axis,69,deterministic,True,True,0,0.0024539999994885875,1.6773616862815874,0.31435535684679994,0.10392681044665153,-0.01158773953119596,0.021572496308948898,3.3052676199238578,-4.694732380076142,False,True,False
radial_major_axis,69,scalar_principal_sigma,False,False,0,0.00023049999981594738,,,0.10392681044665153,-0.01158773953119596,0.021572496308948898,,,False,False,False
radial_major_axis,69,anisotropic_chance,False,False,0,0.0030133000000205357,,,0.10392681044665153,-0.01158773953119596,0.021572496308948898,,,False,False,False
radial_major_axis,70,deterministic,True,True,0,0.0024539999994885875,1.6773616862815874,0.31435535684679994,0.10682775665895969,-0.020227132719770096,0.02089032265716249,8.59385187487947,0.5938518748794687,False,False,True
radial_major_axis,70,scalar_principal_sigma,False,False,0,0.00023049999981594738,,,0.10682775665895969,-0.020227132719770096,0.02089032265716249,,,False,False,False
radial_major_axis,70,anisotropic_chance,False,False,0,0.0030133000000205357,,,0.10682775665895969,-0.020227132719770096,0.02089032265716249,,,False,False,False
radial_major_axis,71,deterministic,True,True,0,0.0024539999994885875,1.6773616862815874,0.31435535684679994,0.10644297505811996,-0.022022562363843024,0.02037246655536537,9.580490755109759,1.580490755109758,False,False,True
radial_major_axis,71,scalar_principal_sigma,False,False,0,0.00023049999981594738,,,0.10644297505811996,-0.022022562363843024,0.02037246655536537,,,False,False,False
radial_major_axis,71,anisotropic_chance,False,False,0,0.0030133000000205357,,,0.10644297505811996,-0.022022562363843024,0.02037246655536537,,,False,False,False
radial_major_axis,72,deterministic,True,True,0,0.0024539999994885875,1.6773616862815874,0.31435535684679994,0.11019132850796311,-0.03538658967770146,0.024115334435823404,23.015125154129823,15.015125154129823,False,False,True
radial_major_axis,72,scalar_principal_sigma,False,False,0,0.00023049999981594738,,,0.11019132850796311,-0.03538658967770146,0.024115334435823404,,,False,False,False
radial_major_axis,72,anisotropic_chance,False,False,0,0.0030133000000205357,,,0.11019132850796311,-0.03538658967770146,0.024115334435823404,,,False,False,False
radial_major_axis,73,deterministic,True,True,0,0.0024539999994885875,1.6773616862815874,0.31435535684679994,0.10609232463431725,-0.018896405896642324,0.024457654493414742,10.128989063693137,2.1289890636931372,False,False,True
radial_major_axis,73,scalar_principal_sigma,False,False,0,0.00023049999981594738,,,0.10609232463431725,-0.018896405896642324,0.024457654493414742,,,False,False,False
radial_major_axis,73,anisotropic_chance,False,False,0,0.0030133000000205357,,,0.10609232463431725,-0.018896405896642324,0.024457654493414742,,,False,False,False
radial_major_axis,74,deterministic,True,True,0,0.0024539999994885875,1.6773616862815874,0.31435535684679994,0.11217855820554004,-0.03675071456389314,0.018165993867724273,21.766057032706087,13.766057032706085,False,False,True
radial_major_axis,74,scalar_principal_sigma,False,False,0,0.00023049999981594738,,,0.11217855820554004,-0.03675071456389314,0.018165993867724273,,,False,False,False
radial_major_axis,74,anisotropic_chance,False,False,0,0.0030133000000205357,,,0.11217855820554004,-0.03675071456389314,0.018165993867724273,,,False,False,False
radial_major_axis,75,deterministic,True,True,0,0.0024539999994885875,1.6773616862815874,0.31435535684679994,0.10896011641288372,-0.025658287759144128,0.020108991373837516,12.61248996966864,4.61248996966864,False,False,True
radial_major_axis,75,scalar_principal_sigma,False,False,0,0.00023049999981594738,,,0.10896011641288372,-0.025658287759144128,0.020108991373837516,,,False,False,False
radial_major_axis,75,anisotropic_chance,False,False,0,0.0030133000000205357,,,0.10896011641288372,-0.025658287759144128,0.020108991373837516,,,False,False,False
radial_major_axis,76,deterministic,True,True,0,0.0024539999994885875,1.6773616862815874,0.31435535684679994,0.10360710563613479,-0.008068691301692587,0.0228416964307086,2.2859330832425226,-5.714066916757478,False,True,False
radial_major_axis,76,scalar_principal_sigma,False,False,0,0.00023049999981594738,,,0.10360710563613479,-0.008068691301692587,0.0228416964307086,,,False,False,False
radial_major_axis,76,anisotropic_chance,False,False,0,0.0030133000000205357,,,0.10360710563613479,-0.008068691301692587,0.0228416964307086,,,False,False,False
radial_major_axis,77,deterministic,True,True,0,0.0024539999994885875,1.6773616862815874,0.31435535684679994,0.09921667978035782,0.0016468597753161313,0.023073040092243143,-3.209355693797938,-11.209355693797939,True,True,False
radial_major_axis,77,scalar_principal_sigma,False,False,0,0.00023049999981594738,,,0.09921667978035782,0.0016468597753161313,0.023073040092243143,,,False,False,False
radial_major_axis,77,anisotropic_chance,False,False,0,0.0030133000000205357,,,0.09921667978035782,0.0016468597753161313,0.023073040092243143,,,False,False,False
radial_major_axis,78,deterministic,True,True,0,0.0024539999994885875,1.6773616862815874,0.31435535684679994,0.11377349663611594,-0.03517236012971549,0.01697738679234779,20.27003084573825,12.27003084573825,False,False,True
radial_major_axis,78,scalar_principal_sigma,False,False,0,0.00023049999981594738,,,0.11377349663611594,-0.03517236012971549,0.01697738679234779,,,False,False,False
radial_major_axis,78,anisotropic_chance,False,False,0,0.0030133000000205357,,,0.11377349663611594,-0.03517236012971549,0.01697738679234779,,,False,False,False
radial_major_axis,79,deterministic,True,True,0,0.0024539999994885875,1.6773616862815874,0.31435535684679994,0.1017969860809283,-0.0069268566374589835,0.02237449451030884,1.2333411524312592,-6.766658847568741,False,True,False
radial_major_axis,79,scalar_principal_sigma,False,False,0,0.00023049999981594738,,,0.1017969860809283,-0.0069268566374589835,0.02237449451030884,,,False,False,False
radial_major_axis,79,anisotropic_chance,False,False,0,0.0030133000000205357,,,0.1017969860809283,-0.0069268566374589835,0.02237449451030884,,,False,False,False
radial_major_axis,80,deterministic,True,True,0,0.0024539999994885875,1.6773616862815874,0.31435535684679994,0.10825429247968638,-0.02100534602199189,0.020417335937056157,9.042849030614143,1.0428490306141434,False,False,True
radial_major_axis,80,scalar_principal_sigma,False,False,0,0.00023049999981594738,,,0.10825429247968638,-0.02100534602199189,0.020417335937056157,,,False,False,False
radial_major_axis,80,anisotropic_chance,False,False,0,0.0030133000000205357,,,0.10825429247968638,-0.02100534602199189,0.020417335937056157,,,False,False,False
radial_major_axis,81,deterministic,True,True,0,0.0024539999994885875,1.6773616862815874,0.31435535684679994,0.10955880807461951,-0.02779392888810428,0.02031766752733668,14.571857782259048,6.571857782259048,False,False,True
radial_major_axis,81,scalar_principal_sigma,False,False,0,0.00023049999981594738,,,0.10955880807461951,-0.02779392888810428,0.02031766752733668,,,False,False,False
radial_major_axis,81,anisotropic_chance,False,False,0,0.0030133000000205357,,,0.10955880807461951,-0.02779392888810428,0.02031766752733668,,,False,False,False
radial_major_axis,82,deterministic,True,True,0,0.0024539999994885875,1.6773616862815874,0.31435535684679994,0.11158510789230182,-0.03678095567907215,0.021078055327186238,22.946988997177815,14.946988997177812,False,False,True
radial_major_axis,82,scalar_principal_sigma,False,False,0,0.00023049999981594738,,,0.11158510789230182,-0.03678095567907215,0.021078055327186238,,,False,False,False
radial_major_axis,82,anisotropic_chance,False,False,0,0.0030133000000205357,,,0.11158510789230182,-0.03678095567907215,0.021078055327186238,,,False,False,False
radial_major_axis,83,deterministic,True,True,0,0.0024539999994885875,1.6773616862815874,0.31435535684679994,0.10460143509035257,-0.016200554960692556,0.021721359743411,6.223064680833895,-1.7769353191661053,False,True,False
radial_major_axis,83,scalar_principal_sigma,False,False,0,0.00023049999981594738,,,0.10460143509035257,-0.016200554960692556,0.021721359743411,,,False,False,False
radial_major_axis,83,anisotropic_chance,False,False,0,0.0030133000000205357,,,0.10460143509035257,-0.016200554960692556,0.021721359743411,,,False,False,False
radial_major_axis,84,deterministic,True,True,0,0.0024539999994885875,1.6773616862815874,0.31435535684679994,0.1097676991091144,-0.027602285037225532,0.02204525942174553,15.410537660865009,7.410537660865009,False,False,True
radial_major_axis,84,scalar_principal_sigma,False,False,0,0.00023049999981594738,,,0.1097676991091144,-0.027602285037225532,0.02204525942174553,,,False,False,False
radial_major_axis,84,anisotropic_chance,False,False,0,0.0030133000000205357,,,0.1097676991091144,-0.027602285037225532,0.02204525942174553,,,False,False,False
radial_major_axis,85,deterministic,True,True,0,0.0024539999994885875,1.6773616862815874,0.31435535684679994,0.10893526126644658,-0.028094837052593004,0.021292334216937825,15.2585849477165,7.258584947716499,False,False,True
radial_major_axis,85,scalar_principal_sigma,False,False,0,0.00023049999981594738,,,0.10893526126644658,-0.028094837052593004,0.021292334216937825,,,False,False,False
radial_major_axis,85,anisotropic_chance,False,False,0,0.0030133000000205357,,,0.10893526126644658,-0.028094837052593004,0.021292334216937825,,,False,False,False
radial_major_axis,86,deterministic,True,True,0,0.0024539999994885875,1.6773616862815874,0.31435535684679994,0.10668852518917889,-0.021994795734093662,0.021609065109824556,10.372597062660644,2.3725970626606427,False,False,True
radial_major_axis,86,scalar_principal_sigma,False,False,0,0.00023049999981594738,,,0.10668852518917889,-0.021994795734093662,0.021609065109824556,,,False,False,False
radial_major_axis,86,anisotropic_chance,False,False,0,0.0030133000000205357,,,0.10668852518917889,-0.021994795734093662,0.021609065109824556,,,False,False,False
radial_major_axis,87,deterministic,True,True,0,0.0024539999994885875,1.6773616862815874,0.31435535684679994,0.10899904769307919,-0.03271409013805962,0.021266407110882415,19.043159520062776,11.043159520062773,False,False,True
radial_major_axis,87,scalar_principal_sigma,False,False,0,0.00023049999981594738,,,0.10899904769307919,-0.03271409013805962,0.021266407110882415,,,False,False,False
radial_major_axis,87,anisotropic_chance,False,False,0,0.0030133000000205357,,,0.10899904769307919,-0.03271409013805962,0.021266407110882415,,,False,False,False
radial_major_axis,88,deterministic,True,True,0,0.0024539999994885875,1.6773616862815874,0.31435535684679994,0.1025787517271812,-0.01084484537194866,0.022024896834092148,3.2252306426647315,-4.774769357335269,False,True,False
radial_major_axis,88,scalar_principal_sigma,False,False,0,0.00023049999981594738,,,0.1025787517271812,-0.01084484537194866,0.022024896834092148,,,False,False,False
radial_major_axis,88,anisotropic_chance,False,False,0,0.0030133000000205357,,,0.1025787517271812,-0.01084484537194866,0.022024896834092148,,,False,False,False
radial_major_axis,89,deterministic,True,True,0,0.0024539999994885875,1.6773616862815874,0.31435535684679994,0.10626544164933213,-0.0199726821033247,0.019219951428377034,7.258859522223335,-0.7411404777766649,False,True,False
radial_major_axis,89,scalar_principal_sigma,False,False,0,0.00023049999981594738,,,0.10626544164933213,-0.0199726821033247,0.019219951428377034,,,False,False,False
radial_major_axis,89,anisotropic_chance,False,False,0,0.0030133000000205357,,,0.10626544164933213,-0.0199726821033247,0.019219951428377034,,,False,False,False
radial_major_axis,90,deterministic,True,True,0,0.0024539999994885875,1.6773616862815874,0.31435535684679994,0.11174457902208354,-0.03245745815803035,0.022493548292256655,19.98099134960185,11.98099134960185,False,False,True
radial_major_axis,90,scalar_principal_sigma,False,False,0,0.00023049999981594738,,,0.11174457902208354,-0.03245745815803035,0.022493548292256655,,,False,False,False
radial_major_axis,90,anisotropic_chance,False,False,0,0.0030133000000205357,,,0.11174457902208354,-0.03245745815803035,0.022493548292256655,,,False,False,False
radial_major_axis,91,deterministic,True,True,0,0.0024539999994885875,1.6773616862815874,0.31435535684679994,0.10508376663509753,-0.021603374907581158,0.025671847040343997,12.792661472477677,4.792661472477677,False,False,True
radial_major_axis,91,scalar_principal_sigma,False,False,0,0.00023049999981594738,,,0.10508376663509753,-0.021603374907581158,0.025671847040343997,,,False,False,False
radial_major_axis,91,anisotropic_chance,False,False,0,0.0030133000000205357,,,0.10508376663509753,-0.021603374907581158,0.025671847040343997,,,False,False,False
radial_major_axis,92,deterministic,True,True,0,0.0024539999994885875,1.6773616862815874,0.31435535684679994,0.10819525032598779,-0.026088586456454458,0.01819123627110985,11.820786608206387,3.8207866082063857,False,False,True
radial_major_axis,92,scalar_principal_sigma,False,False,0,0.00023049999981594738,,,0.10819525032598779,-0.026088586456454458,0.01819123627110985,,,False,False,False
radial_major_axis,92,anisotropic_chance,False,False,0,0.0030133000000205357,,,0.10819525032598779,-0.026088586456454458,0.01819123627110985,,,False,False,False
radial_major_axis,93,deterministic,True,True,0,0.0024539999994885875,1.6773616862815874,0.31435535684679994,0.10947165430930565,-0.02104946330723755,0.016959827229729024,7.207004143963374,-0.7929958560366265,False,True,False
radial_major_axis,93,scalar_principal_sigma,False,False,0,0.00023049999981594738,,,0.10947165430930565,-0.02104946330723755,0.016959827229729024,,,False,False,False
radial_major_axis,93,anisotropic_chance,False,False,0,0.0030133000000205357,,,0.10947165430930565,-0.02104946330723755,0.016959827229729024,,,False,False,False
radial_major_axis,94,deterministic,True,True,0,0.0024539999994885875,1.6773616862815874,0.31435535684679994,0.11223537259505689,-0.03203710736865718,0.019624576054966873,18.304038050434915,10.304038050434913,False,False,True
radial_major_axis,94,scalar_principal_sigma,False,False,0,0.00023049999981594738,,,0.11223537259505689,-0.03203710736865718,0.019624576054966873,,,False,False,False
radial_major_axis,94,anisotropic_chance,False,False,0,0.0030133000000205357,,,0.11223537259505689,-0.03203710736865718,0.019624576054966873,,,False,False,False
radial_major_axis,95,deterministic,True,True,0,0.0024539999994885875,1.6773616862815874,0.31435535684679994,0.1100253204379929,-0.02848369385708467,0.019812823371033638,14.956892385189864,6.956892385189864,False,False,True
radial_major_axis,95,scalar_principal_sigma,False,False,0,0.00023049999981594738,,,0.1100253204379929,-0.02848369385708467,0.019812823371033638,,,False,False,False
radial_major_axis,95,anisotropic_chance,False,False,0,0.0030133000000205357,,,0.1100253204379929,-0.02848369385708467,0.019812823371033638,,,False,False,False
radial_major_axis,96,deterministic,True,True,0,0.0024539999994885875,1.6773616862815874,0.31435535684679994,0.10644298220407258,-0.023021657007672384,0.020305853568987488,10.31876140590275,2.3187614059027495,False,False,True
radial_major_axis,96,scalar_principal_sigma,False,False,0,0.00023049999981594738,,,0.10644298220407258,-0.023021657007672384,0.020305853568987488,,,False,False,False
radial_major_axis,96,anisotropic_chance,False,False,0,0.0030133000000205357,,,0.10644298220407258,-0.023021657007672384,0.020305853568987488,,,False,False,False
radial_major_axis,97,deterministic,True,True,0,0.0024539999994885875,1.6773616862815874,0.31435535684679994,0.10399257820027438,-0.011765820360177863,0.021345904229064624,3.2234734769722317,-4.776526523027768,False,True,False
radial_major_axis,97,scalar_principal_sigma,False,False,0,0.00023049999981594738,,,0.10399257820027438,-0.011765820360177863,0.021345904229064624,,,False,False,False
radial_major_axis,97,anisotropic_chance,False,False,0,0.0030133000000205357,,,0.10399257820027438,-0.011765820360177863,0.021345904229064624,,,False,False,False
radial_major_axis,98,deterministic,True,True,0,0.0024539999994885875,1.6773616862815874,0.31435535684679994,0.1076050167535052,-0.02660313213652111,0.01863382817872992,12.358394324198612,4.3583943241986125,False,False,True
radial_major_axis,98,scalar_principal_sigma,False,False,0,0.00023049999981594738,,,0.1076050167535052,-0.02660313213652111,0.01863382817872992,,,False,False,False
radial_major_axis,98,anisotropic_chance,False,False,0,0.0030133000000205357,,,0.1076050167535052,-0.02660313213652111,0.01863382817872992,,,False,False,False
radial_major_axis,99,deterministic,True,True,0,0.0024539999994885875,1.6773616862815874,0.31435535684679994,0.10934191832732812,-0.026573847381344332,0.01958171368682139,13.131538365513373,5.131538365513372,False,False,True
radial_major_axis,99,scalar_principal_sigma,False,False,0,0.00023049999981594738,,,0.10934191832732812,-0.026573847381344332,0.01958171368682139,,,False,False,False
radial_major_axis,99,anisotropic_chance,False,False,0,0.0030133000000205357,,,0.10934191832732812,-0.026573847381344332,0.01958171368682139,,,False,False,False
radial_major_axis,100,deterministic,True,True,0,0.0024539999994885875,1.6773616862815874,0.31435535684679994,0.10848225524406649,-0.022497329604194028,0.020228771031750702,10.099443904224565,2.0994439042245645,False,False,True
radial_major_axis,100,scalar_principal_sigma,False,False,0,0.00023049999981594738,,,0.10848225524406649,-0.022497329604194028,0.020228771031750702,,,False,False,False
radial_major_axis,100,anisotropic_chance,False,False,0,0.0030133000000205357,,,0.10848225524406649,-0.022497329604194028,0.020228771031750702,,,False,False,False
radial_major_axis,101,deterministic,True,True,0,0.0024539999994885875,1.6773616862815874,0.31435535684679994,0.10635688489975643,-0.01486839081190861,0.021405076588785647,5.234875187563001,-2.7651248124369987,False,True,False
radial_major_axis,101,scalar_principal_sigma,False,False,0,0.00023049999981594738,,,0.10635688489975643,-0.01486839081190861,0.021405076588785647,,,False,False,False
radial_major_axis,101,anisotropic_chance,False,False,0,0.0030133000000205357,,,0.10635688489975643,-0.01486839081190861,0.021405076588785647,,,False,False,False
radial_major_axis,102,deterministic,True,True,0,0.0024539999994885875,1.6773616862815874,0.31435535684679994,0.10490277676120244,-0.016128788345372208,0.02007189226441551,4.961420493124408,-3.0385795068755916,False,True,False
radial_major_axis,102,scalar_principal_sigma,False,False,0,0.00023049999981594738,,,0.10490277676120244,-0.016128788345372208,0.02007189226441551,,,False,False,False
radial_major_axis,102,anisotropic_chance,False,False,0,0.0030133000000205357,,,0.10490277676120244,-0.016128788345372208,0.02007189226441551,,,False,False,False
radial_major_axis,103,deterministic,True,True,0,0.0024539999994885875,1.6773616862815874,0.31435535684679994,0.109578567517143,-0.029118900397640042,0.020112163211720498,15.57144673809131,7.571446738091311,False,False,True
radial_major_axis,103,scalar_principal_sigma,False,False,0,0.00023049999981594738,,,0.109578567517143,-0.029118900397640042,0.020112163211720498,,,False,False,False
radial_major_axis,103,anisotropic_chance,False,False,0,0.0030133000000205357,,,0.109578567517143,-0.029118900397640042,0.020112163211720498,,,False,False,False
radial_major_axis,104,deterministic,True,True,0,0.0024539999994885875,1.6773616862815874,0.31435535684679994,0.1108826088511267,-0.033072417109259164,0.021771935672100635,19.970328317222688,11.970328317222686,False,False,True
radial_major_axis,104,scalar_principal_sigma,False,False,0,0.00023049999981594738,,,0.1108826088511267,-0.033072417109259164,0.021771935672100635,,,False,False,False
radial_major_axis,104,anisotropic_chance,False,False,0,0.0030133000000205357,,,0.1108826088511267,-0.033072417109259164,0.021771935672100635,,,False,False,False
radial_major_axis,105,deterministic,True,True,0,0.0024539999994885875,1.6773616862815874,0.31435535684679994,0.10161291961084097,-0.004361088189548133,0.02320131551857441,0.40532272905649014,-7.59467727094351,False,True,False
radial_major_axis,105,scalar_principal_sigma,False,False,0,0.00023049999981594738,,,0.10161291961084097,-0.004361088189548133,0.02320131551857441,,,False,False,False
radial_major_axis,105,anisotropic_chance,False,False,0,0.0030133000000205357,,,0.10161291961084097,-0.004361088189548133,0.02320131551857441,,,False,False,False
radial_major_axis,106,deterministic,True,True,0,0.0024539999994885875,1.6773616862815874,0.31435535684679994,0.10725801172492913,-0.020088215447662896,0.021338203776781417,8.839298424220125,0.8392984242201248,False,False,True
radial_major_axis,106,scalar_principal_sigma,False,False,0,0.00023049999981594738,,,0.10725801172492913,-0.020088215447662896,0.021338203776781417,,,False,False,False
radial_major_axis,106,anisotropic_chance,False,False,0,0.0030133000000205357,,,0.10725801172492913,-0.020088215447662896,0.021338203776781417,,,False,False,False
radial_major_axis,107,deterministic,True,True,0,0.0024539999994885875,1.6773616862815874,0.31435535684679994,0.1126549497397231,-0.03944546515241608,0.021185082777235076,25.52848811517189,17.52848811517189,False,False,True
radial_major_axis,107,scalar_principal_sigma,False,False,0,0.00023049999981594738,,,0.1126549497397231,-0.03944546515241608,0.021185082777235076,,,False,False,False
radial_major_axis,107,anisotropic_chance,False,False,0,0.0030133000000205357,,,0.1126549497397231,-0.03944546515241608,0.021185082777235076,,,False,False,False
radial_major_axis,108,deterministic,True,True,0,0.0024539999994885875,1.6773616862815874,0.31435535684679994,0.11031568972725847,-0.0314338634675388,0.020471614829263608,17.832378076092983,9.83237807609298,False,False,True
radial_major_axis,108,scalar_principal_sigma,False,False,0,0.00023049999981594738,,,0.11031568972725847,-0.0314338634675388,0.020471614829263608,,,False,False,False
radial_major_axis,108,anisotropic_chance,False,False,0,0.0030133000000205357,,,0.11031568972725847,-0.0314338634675388,0.020471614829263608,,,False,False,False
radial_major_axis,109,deterministic,True,True,0,0.0024539999994885875,1.6773616862815874,0.31435535684679994,0.10608158586132443,-0.019417075252141158,0.021647098536224176,8.454343747246977,0.45434374724697724,False,False,True
radial_major_axis,109,scalar_principal_sigma,False,False,0,0.00023049999981594738,,,0.10608158586132443,-0.019417075252141158,0.021647098536224176,,,False,False,False
radial_major_axis,109,anisotropic_chance,False,False,0,0.0030133000000205357,,,0.10608158586132443,-0.019417075252141158,0.021647098536224176,,,False,False,False
radial_major_axis,110,deterministic,True,True,0,0.0024539999994885875,1.6773616862815874,0.31435535684679994,0.10580187332638197,-0.015469452761371235,0.019715225844760223,4.306082912046332,-3.6939170879536682,False,True,False
radial_major_axis,110,scalar_principal_sigma,False,False,0,0.00023049999981594738,,,0.10580187332638197,-0.015469452761371235,0.019715225844760223,,,False,False,False
radial_major_axis,110,anisotropic_chance,False,False,0,0.0030133000000205357,,,0.10580187332638197,-0.015469452761371235,0.019715225844760223,,,False,False,False
radial_major_axis,111,deterministic,True,True,0,0.0024539999994885875,1.6773616862815874,0.31435535684679994,0.10768327205185366,-0.02102142039446773,0.020043254866741494,8.737251356887873,0.7372513568878729,False,False,True
radial_major_axis,111,scalar_principal_sigma,False,False,0,0.00023049999981594738,,,0.10768327205185366,-0.02102142039446773,0.020043254866741494,,,False,False,False
radial_major_axis,111,anisotropic_chance,False,False,0,0.0030133000000205357,,,0.10768327205185366,-0.02102142039446773,0.020043254866741494,,,False,False,False
radial_major_axis,112,deterministic,True,True,0,0.0024539999994885875,1.6773616862815874,0.31435535684679994,0.10178615870400994,-0.005411101394760514,0.023481779566086453,1.250884983253488,-6.749115016746512,False,True,False
radial_major_axis,112,scalar_principal_sigma,False,False,0,0.00023049999981594738,,,0.10178615870400994,-0.005411101394760514,0.023481779566086453,,,False,False,False
radial_major_axis,112,anisotropic_chance,False,False,0,0.0030133000000205357,,,0.10178615870400994,-0.005411101394760514,0.023481779566086453,,,False,False,False
radial_major_axis,113,deterministic,True,True,0,0.0024539999994885875,1.6773616862815874,0.31435535684679994,0.10870769138650982,-0.021825323046222898,0.017731815022302054,8.12679582676386,0.12679582676385948,False,False,True
radial_major_axis,113,scalar_principal_sigma,False,False,0,0.00023049999981594738,,,0.10870769138650982,-0.021825323046222898,0.017731815022302054,,,False,False,False
radial_major_axis,113,anisotropic_chance,False,False,0,0.0030133000000205357,,,0.10870769138650982,-0.021825323046222898,0.017731815022302054,,,False,False,False
radial_major_axis,114,deterministic,True,True,0,0.0024539999994885875,1.6773616862815874,0.31435535684679994,0.10922959756395097,-0.031697912390379224,0.026298811721494137,21.089992519464378,13.089992519464374,False,False,True
radial_major_axis,114,scalar_principal_sigma,False,False,0,0.00023049999981594738,,,0.10922959756395097,-0.031697912390379224,0.026298811721494137,,,False,False,False
radial_major_axis,114,anisotropic_chance,False,False,0,0.0030133000000205357,,,0.10922959756395097,-0.031697912390379224,0.026298811721494137,,,False,False,False
radial_major_axis,115,deterministic,True,True,0,0.0024539999994885875,1.6773616862815874,0.31435535684679994,0.10653180714018472,-0.02177345708248581,0.023722621304288184,11.616864923083293,3.616864923083293,False,False,True
radial_major_axis,115,scalar_principal_sigma,False,False,0,0.00023049999981594738,,,0.10653180714018472,-0.02177345708248581,0.023722621304288184,,,False,False,False
radial_major_axis,115,anisotropic_chance,False,False,0,0.0030133000000205357,,,0.10653180714018472,-0.02177345708248581,0.023722621304288184,,,False,False,False
radial_major_axis,116,deterministic,True,True,0,0.0024539999994885875,1.6773616862815874,0.31435535684679994,0.10533257753395062,-0.01369564534014505,0.016943125852494644,1.0472668522745736,-6.952733147725427,False,True,False
radial_major_axis,116,scalar_principal_sigma,False,False,0,0.00023049999981594738,,,0.10533257753395062,-0.01369564534014505,0.016943125852494644,,,False,False,False
radial_major_axis,116,anisotropic_chance,False,False,0,0.0030133000000205357,,,0.10533257753395062,-0.01369564534014505,0.016943125852494644,,,False,False,False
radial_major_axis,117,deterministic,True,True,0,0.0024539999994885875,1.6773616862815874,0.31435535684679994,0.10629084556031428,-0.02464571499062679,0.0216464154098521,12.399899780670212,4.399899780670213,False,False,True
radial_major_axis,117,scalar_principal_sigma,False,False,0,0.00023049999981594738,,,0.10629084556031428,-0.02464571499062679,0.0216464154098521,,,False,False,False
radial_major_axis,117,anisotropic_chance,False,False,0,0.0030133000000205357,,,0.10629084556031428,-0.02464571499062679,0.0216464154098521,,,False,False,False
radial_major_axis,118,deterministic,True,True,0,0.0024539999994885875,1.6773616862815874,0.31435535684679994,0.10175507500942702,-0.01032684158283999,0.023228114012325034,3.9140766425391025,-4.0859233574608975,False,True,False
radial_major_axis,118,scalar_principal_sigma,False,False,0,0.00023049999981594738,,,0.10175507500942702,-0.01032684158283999,0.023228114012325034,,,False,False,False
radial_major_axis,118,anisotropic_chance,False,False,0,0.0030133000000205357,,,0.10175507500942702,-0.01032684158283999,0.023228114012325034,,,False,False,False
radial_major_axis,119,deterministic,True,True,0,0.0024539999994885875,1.6773616862815874,0.31435535684679994,0.1098494242826561,-0.029927845950074264,0.020383558213837027,16.4354975941769,8.435497594176901,False,False,True
radial_major_axis,119,scalar_principal_sigma,False,False,0,0.00023049999981594738,,,0.1098494242826561,-0.029927845950074264,0.020383558213837027,,,False,False,False
radial_major_axis,119,anisotropic_chance,False,False,0,0.0030133000000205357,,,0.1098494242826561,-0.029927845950074264,0.020383558213837027,,,False,False,False
radial_major_axis,120,deterministic,True,True,0,0.0024539999994885875,1.6773616862815874,0.31435535684679994,0.10847098672431274,-0.02737471231102509,0.023312185406296333,15.786830662070942,7.7868306620709395,False,False,True
radial_major_axis,120,scalar_principal_sigma,False,False,0,0.00023049999981594738,,,0.10847098672431274,-0.02737471231102509,0.023312185406296333,,,False,False,False
radial_major_axis,120,anisotropic_chance,False,False,0,0.0030133000000205357,,,0.10847098672431274,-0.02737471231102509,0.023312185406296333,,,False,False,False
radial_major_axis,121,deterministic,True,True,0,0.0024539999994885875,1.6773616862815874,0.31435535684679994,0.10525676172564068,-0.016065042036934072,0.02470528380999647,8.484346975695392,0.48434697569539087,False,False,True
radial_major_axis,121,scalar_principal_sigma,False,False,0,0.00023049999981594738,,,0.10525676172564068,-0.016065042036934072,0.02470528380999647,,,False,False,False
radial_major_axis,121,anisotropic_chance,False,False,0,0.0030133000000205357,,,0.10525676172564068,-0.016065042036934072,0.02470528380999647,,,False,False,False
radial_major_axis,122,deterministic,True,True,0,0.0024539999994885875,1.6773616862815874,0.31435535684679994,0.10835908089468681,-0.027810257045187057,0.021528959522818,15.08154562889153,7.081545628891529,False,False,True
radial_major_axis,122,scalar_principal_sigma,False,False,0,0.00023049999981594738,,,0.10835908089468681,-0.027810257045187057,0.021528959522818,,,False,False,False
radial_major_axis,122,anisotropic_chance,False,False,0,0.0030133000000205357,,,0.10835908089468681,-0.027810257045187057,0.021528959522818,,,False,False,False
radial_major_axis,123,deterministic,True,True,0,0.0024539999994885875,1.6773616862815874,0.31435535684679994,0.10783992814831078,-0.028913730781650736,0.022647795316450337,16.555171864608518,8.555171864608516,False,False,True
radial_major_axis,123,scalar_principal_sigma,False,False,0,0.00023049999981594738,,,0.10783992814831078,-0.028913730781650736,0.022647795316450337,,,False,False,False
radial_major_axis,123,anisotropic_chance,False,False,0,0.0030133000000205357,,,0.10783992814831078,-0.028913730781650736,0.022647795316450337,,,False,False,False
radial_major_axis,124,deterministic,True,True,0,0.0024539999994885875,1.6773616862815874,0.31435535684679994,0.1082172620093218,-0.028268475445455823,0.02405479311939871,16.90866999300422,8.908669993004219,False,False,True
radial_major_axis,124,scalar_principal_sigma,False,False,0,0.00023049999981594738,,,0.1082172620093218,-0.028268475445455823,0.02405479311939871,,,False,False,False
radial_major_axis,124,anisotropic_chance,False,False,0,0.0030133000000205357,,,0.1082172620093218,-0.028268475445455823,0.02405479311939871,,,False,False,False
radial_major_axis,125,deterministic,True,True,0,0.0024539999994885875,1.6773616862815874,0.31435535684679994,0.10950395348060676,-0.029638983125773097,0.021123552145267722,16.526309773973075,8.526309773973074,False,False,True
radial_major_axis,125,scalar_principal_sigma,False,False,0,0.00023049999981594738,,,0.10950395348060676,-0.029638983125773097,0.021123552145267722,,,False,False,False
radial_major_axis,125,anisotropic_chance,False,False,0,0.0030133000000205357,,,0.10950395348060676,-0.029638983125773097,0.021123552145267722,,,False,False,False
radial_major_axis,126,deterministic,True,True,0,0.0024539999994885875,1.6773616862815874,0.31435535684679994,0.10782557915586113,-0.02744900289159831,0.01952005890868432,13.579186639742217,5.579186639742216,False,False,True
radial_major_axis,126,scalar_principal_sigma,False,False,0,0.00023049999981594738,,,0.10782557915586113,-0.02744900289159831,0.01952005890868432,,,False,False,False
radial_major_axis,126,anisotropic_chance,False,False,0,0.0030133000000205357,,,0.10782557915586113,-0.02744900289159831,0.01952005890868432,,,False,False,False
radial_major_axis,127,deterministic,True,True,0,0.0024539999994885875,1.6773616862815874,0.31435535684679994,0.10527613728101132,-0.020049997154716215,0.024243645188945232,10.697594454311384,2.697594454311383,False,False,True
radial_major_axis,127,scalar_principal_sigma,False,False,0,0.00023049999981594738,,,0.10527613728101132,-0.020049997154716215,0.024243645188945232,,,False,False,False
radial_major_axis,127,anisotropic_chance,False,False,0,0.0030133000000205357,,,0.10527613728101132,-0.020049997154716215,0.024243645188945232,,,False,False,False
radial_major_axis,128,deterministic,True,True,0,0.0024539999994885875,1.6773616862815874,0.31435535684679994,0.10080928887957001,-0.004772136637107717,0.01911295448268624,-2.6700743148453405,-10.67007431484534,True,True,False
radial_major_axis,128,scalar_principal_sigma,False,False,0,0.00023049999981594738,,,0.10080928887957001,-0.004772136637107717,0.01911295448268624,,,False,False,False
radial_major_axis,128,anisotropic_chance,False,False,0,0.0030133000000205357,,,0.10080928887957001,-0.004772136637107717,0.01911295448268624,,,False,False,False
radial_major_axis,129,deterministic,True,True,0,0.0024539999994885875,1.6773616862815874,0.31435535684679994,0.10686081532885522,-0.02245873397826892,0.019332980946102408,9.323086438876286,1.3230864388762853,False,False,True
radial_major_axis,129,scalar_principal_sigma,False,False,0,0.00023049999981594738,,,0.10686081532885522,-0.02245873397826892,0.019332980946102408,,,False,False,False
radial_major_axis,129,anisotropic_chance,False,False,0,0.0030133000000205357,,,0.10686081532885522,-0.02245873397826892,0.019332980946102408,,,False,False,False
radial_major_axis,130,deterministic,True,True,0,0.0024539999994885875,1.6773616862815874,0.31435535684679994,0.1082650620277634,-0.02223514211465009,0.01706376135234362,8.016241480422932,0.01624148042293251,False,False,True
radial_major_axis,130,scalar_principal_sigma,False,False,0,0.00023049999981594738,,,0.1082650620277634,-0.02223514211465009,0.01706376135234362,,,False,False,False
radial_major_axis,130,anisotropic_chance,False,False,0,0.0030133000000205357,,,0.1082650620277634,-0.02223514211465009,0.01706376135234362,,,False,False,False
radial_major_axis,131,deterministic,True,True,0,0.0024539999994885875,1.6773616862815874,0.31435535684679994,0.10721419410704815,-0.018372291967841528,0.01703136337119914,4.753911773285947,-3.246088226714053,False,True,False
radial_major_axis,131,scalar_principal_sigma,False,False,0,0.00023049999981594738,,,0.10721419410704815,-0.018372291967841528,0.01703136337119914,,,False,False,False
radial_major_axis,131,anisotropic_chance,False,False,0,0.0030133000000205357,,,0.10721419410704815,-0.018372291967841528,0.01703136337119914,,,False,False,False
radial_major_axis,132,deterministic,True,True,0,0.0024539999994885875,1.6773616862815874,0.31435535684679994,0.10797249004507076,-0.02240957666545715,0.021844358939515092,10.9793948356221,2.979394835622101,False,False,True
radial_major_axis,132,scalar_principal_sigma,False,False,0,0.00023049999981594738,,,0.10797249004507076,-0.02240957666545715,0.021844358939515092,,,False,False,False
radial_major_axis,132,anisotropic_chance,False,False,0,0.0030133000000205357,,,0.10797249004507076,-0.02240957666545715,0.021844358939515092,,,False,False,False
radial_major_axis,133,deterministic,True,True,0,0.0024539999994885875,1.6773616862815874,0.31435535684679994,0.11095062819838156,-0.03382268243159099,0.02072484280660774,20.110786581798447,12.110786581798447,False,False,True
radial_major_axis,133,scalar_principal_sigma,False,False,0,0.00023049999981594738,,,0.11095062819838156,-0.03382268243159099,0.02072484280660774,,,False,False,False
radial_major_axis,133,anisotropic_chance,False,False,0,0.0030133000000205357,,,0.11095062819838156,-0.03382268243159099,0.02072484280660774,,,False,False,False
radial_major_axis,134,deterministic,True,True,0,0.0024539999994885875,1.6773616862815874,0.31435535684679994,0.11259560498556415,-0.03456291596903241,0.019380261773812017,20.454411891870425,12.454411891870421,False,False,True
radial_major_axis,134,scalar_principal_sigma,False,False,0,0.00023049999981594738,,,0.11259560498556415,-0.03456291596903241,0.019380261773812017,,,False,False,False
radial_major_axis,134,anisotropic_chance,False,False,0,0.0030133000000205357,,,0.11259560498556415,-0.03456291596903241,0.019380261773812017,,,False,False,False
radial_major_axis,135,deterministic,True,True,0,0.0024539999994885875,1.6773616862815874,0.31435535684679994,0.11515746363160918,-0.04365653276939779,0.02280820136007028,30.45377819878709,22.45377819878709,False,False,True
radial_major_axis,135,scalar_principal_sigma,False,False,0,0.00023049999981594738,,,0.11515746363160918,-0.04365653276939779,0.02280820136007028,,,False,False,False
radial_major_axis,135,anisotropic_chance,False,False,0,0.0030133000000205357,,,0.11515746363160918,-0.04365653276939779,0.02280820136007028,,,False,False,False
radial_major_axis,136,deterministic,True,True,0,0.0024539999994885875,1.6773616862815874,0.31435535684679994,0.10730227999124203,-0.017235202565586055,0.021365818224556157,6.857496306462212,-1.1425036935377875,False,True,False
radial_major_axis,136,scalar_principal_sigma,False,False,0,0.00023049999981594738,,,0.10730227999124203,-0.017235202565586055,0.021365818224556157,,,False,False,False
radial_major_axis,136,anisotropic_chance,False,False,0,0.0030133000000205357,,,0.10730227999124203,-0.017235202565586055,0.021365818224556157,,,False,False,False
radial_major_axis,137,deterministic,True,True,0,0.0024539999994885875,1.6773616862815874,0.31435535684679994,0.11167099067247907,-0.034592433720480605,0.01999700679505813,20.570396320866344,12.570396320866344,False,False,True
radial_major_axis,137,scalar_principal_sigma,False,False,0,0.00023049999981594738,,,0.11167099067247907,-0.034592433720480605,0.01999700679505813,,,False,False,False
radial_major_axis,137,anisotropic_chance,False,False,0,0.0030133000000205357,,,0.11167099067247907,-0.034592433720480605,0.01999700679505813,,,False,False,False
radial_major_axis,138,deterministic,True,True,0,0.0024539999994885875,1.6773616862815874,0.31435535684679994,0.10362061744689052,-0.00832872806975603,0.019573750656160325,-0.22292505645246824,-8.222925056452468,True,True,False
radial_major_axis,138,scalar_principal_sigma,False,False,0,0.00023049999981594738,,,0.10362061744689052,-0.00832872806975603,0.019573750656160325,,,False,False,False
radial_major_axis,138,anisotropic_chance,False,False,0,0.0030133000000205357,,,0.10362061744689052,-0.00832872806975603,0.019573750656160325,,,False,False,False
radial_major_axis,139,deterministic,True,True,0,0.0024539999994885875,1.6773616862815874,0.31435535684679994,0.10820310800450346,-0.027533107573407403,0.023504320478295888,15.994804831330658,7.994804831330656,False,False,True
radial_major_axis,139,scalar_principal_sigma,False,False,0,0.00023049999981594738,,,0.10820310800450346,-0.027533107573407403,0.023504320478295888,,,False,False,False
radial_major_axis,139,anisotropic_chance,False,False,0,0.0030133000000205357,,,0.10820310800450346,-0.027533107573407403,0.023504320478295888,,,False,False,False
radial_major_axis,140,deterministic,True,True,0,0.0024539999994885875,1.6773616862815874,0.31435535684679994,0.11103752403319891,-0.024279959964171333,0.019049047174575746,11.296833854863602,3.2968338548636007,False,False,True
radial_major_axis,140,scalar_principal_sigma,False,False,0,0.00023049999981594738,,,0.11103752403319891,-0.024279959964171333,0.019049047174575746,,,False,False,False
radial_major_axis,140,anisotropic_chance,False,False,0,0.0030133000000205357,,,0.11103752403319891,-0.024279959964171333,0.019049047174575746,,,False,False,False
radial_major_axis,141,deterministic,True,True,0,0.0024539999994885875,1.6773616862815874,0.31435535684679994,0.11191175463561089,-0.0365956288799838,0.01915938001068273,21.990833837159414,13.99083383715941,False,False,True
radial_major_axis,141,scalar_principal_sigma,False,False,0,0.00023049999981594738,,,0.11191175463561089,-0.0365956288799838,0.01915938001068273,,,False,False,False
radial_major_axis,141,anisotropic_chance,False,False,0,0.0030133000000205357,,,0.11191175463561089,-0.0365956288799838,0.01915938001068273,,,False,False,False
radial_major_axis,142,deterministic,True,True,0,0.0024539999994885875,1.6773616862815874,0.31435535684679994,0.1116660054519,-0.03507178786813657,0.020892925548627584,21.397228993182125,13.397228993182122,False,False,True
radial_major_axis,142,scalar_principal_sigma,False,False,0,0.00023049999981594738,,,0.1116660054519,-0.03507178786813657,0.020892925548627584,,,False,False,False
radial_major_axis,142,anisotropic_chance,False,False,0,0.0030133000000205357,,,0.1116660054519,-0.03507178786813657,0.020892925548627584,,,False,False,False
radial_major_axis,143,deterministic,True,True,0,0.0024539999994885875,1.6773616862815874,0.31435535684679994,0.11130737045915241,-0.030337669192737813,0.019611176159736628,16.65684335792069,8.656843357920689,False,False,True
radial_major_axis,143,scalar_principal_sigma,False,False,0,0.00023049999981594738,,,0.11130737045915241,-0.030337669192737813,0.019611176159736628,,,False,False,False
radial_major_axis,143,anisotropic_chance,False,False,0,0.0030133000000205357,,,0.11130737045915241,-0.030337669192737813,0.019611176159736628,,,False,False,False
radial_major_axis,144,deterministic,True,True,0,0.0024539999994885875,1.6773616862815874,0.31435535684679994,0.11104992115267678,-0.031632407717064326,0.02493005651906135,20.512040139866258,12.512040139866258,False,False,True
radial_major_axis,144,scalar_principal_sigma,False,False,0,0.00023049999981594738,,,0.11104992115267678,-0.031632407717064326,0.02493005651906135,,,False,False,False
radial_major_axis,144,anisotropic_chance,False,False,0,0.0030133000000205357,,,0.11104992115267678,-0.031632407717064326,0.02493005651906135,,,False,False,False
radial_major_axis,145,deterministic,True,True,0,0.0024539999994885875,1.6773616862815874,0.31435535684679994,0.1041143143211677,-0.012593637670823516,0.02133024522864666,3.6790972072429042,-4.320902792757096,False,True,False
radial_major_axis,145,scalar_principal_sigma,False,False,0,0.00023049999981594738,,,0.1041143143211677,-0.012593637670823516,0.02133024522864666,,,False,False,False
radial_major_axis,145,anisotropic_chance,False,False,0,0.0030133000000205357,,,0.1041143143211677,-0.012593637670823516,0.02133024522864666,,,False,False,False
radial_major_axis,146,deterministic,True,True,0,0.0024539999994885875,1.6773616862815874,0.31435535684679994,0.10518334158783223,-0.020207502775373285,0.02127046775572122,8.71392339184912,0.7139233918491191,False,False,True
radial_major_axis,146,scalar_principal_sigma,False,False,0,0.00023049999981594738,,,0.10518334158783223,-0.020207502775373285,0.02127046775572122,,,False,False,False
radial_major_axis,146,anisotropic_chance,False,False,0,0.0030133000000205357,,,0.10518334158783223,-0.020207502775373285,0.02127046775572122,,,False,False,False
radial_major_axis,147,deterministic,True,True,0,0.0024539999994885875,1.6773616862815874,0.31435535684679994,0.10498136347037779,-0.01857742137334329,0.019667025374205102,6.4220727540639775,-1.5779272459360232,False,True,False
radial_major_axis,147,scalar_principal_sigma,False,False,0,0.00023049999981594738,,,0.10498136347037779,-0.01857742137334329,0.019667025374205102,,,False,False,False
radial_major_axis,147,anisotropic_chance,False,False,0,0.0030133000000205357,,,0.10498136347037779,-0.01857742137334329,0.019667025374205102,,,False,False,False
radial_major_axis,148,deterministic,True,True,0,0.0024539999994885875,1.6773616862815874,0.31435535684679994,0.10835881000386685,-0.030499646148978935,0.018850331699815974,15.816207369672902,7.816207369672901,False,False,True
radial_major_axis,148,scalar_principal_sigma,False,False,0,0.00023049999981594738,,,0.10835881000386685,-0.030499646148978935,0.018850331699815974,,,False,False,False
radial_major_axis,148,anisotropic_chance,False,False,0,0.0030133000000205357,,,0.10835881000386685,-0.030499646148978935,0.018850331699815974,,,False,False,False
radial_major_axis,149,deterministic,True,True,0,0.0024539999994885875,1.6773616862815874,0.31435535684679994,0.10832102811053915,-0.023939849547055244,0.019780383438463743,10.944973272665454,2.9449732726654543,False,False,True
radial_major_axis,149,scalar_principal_sigma,False,False,0,0.00023049999981594738,,,0.10832102811053915,-0.023939849547055244,0.019780383438463743,,,False,False,False
radial_major_axis,149,anisotropic_chance,False,False,0,0.0030133000000205357,,,0.10832102811053915,-0.023939849547055244,0.019780383438463743,,,False,False,False
radial_major_axis,150,deterministic,True,True,0,0.0024539999994885875,1.6773616862815874,0.31435535684679994,0.11067454471783487,-0.031388820998863726,0.020588322876989668,17.91380293554723,9.913802935547228,False,False,True
radial_major_axis,150,scalar_principal_sigma,False,False,0,0.00023049999981594738,,,0.11067454471783487,-0.031388820998863726,0.020588322876989668,,,False,False,False
radial_major_axis,150,anisotropic_chance,False,False,0,0.0030133000000205357,,,0.11067454471783487,-0.031388820998863726,0.020588322876989668,,,False,False,False
radial_major_axis,151,deterministic,True,True,0,0.0024539999994885875,1.6773616862815874,0.31435535684679994,0.10718886884228251,-0.017672146945649843,0.023441270852264103,8.666664297523168,0.6666642975231684,False,False,True
radial_major_axis,151,scalar_principal_sigma,False,False,0,0.00023049999981594738,,,0.10718886884228251,-0.017672146945649843,0.023441270852264103,,,False,False,False
radial_major_axis,151,anisotropic_chance,False,False,0,0.0030133000000205357,,,0.10718886884228251,-0.017672146945649843,0.023441270852264103,,,False,False,False
radial_major_axis,152,deterministic,True,True,0,0.0024539999994885875,1.6773616862815874,0.31435535684679994,0.10476527600247822,-0.018823928403462163,0.02468018802415205,10.180290442997249,2.18029044299725,False,False,True
radial_major_axis,152,scalar_principal_sigma,False,False,0,0.00023049999981594738,,,0.10476527600247822,-0.018823928403462163,0.02468018802415205,,,False,False,False
radial_major_axis,152,anisotropic_chance,False,False,0,0.0030133000000205357,,,0.10476527600247822,-0.018823928403462163,0.02468018802415205,,,False,False,False
radial_major_axis,153,deterministic,True,True,0,0.0024539999994885875,1.6773616862815874,0.31435535684679994,0.11378093871917383,-0.04322118170340705,0.018345760249657873,27.934157180424393,19.934157180424393,False,False,True
radial_major_axis,153,scalar_principal_sigma,False,False,0,0.00023049999981594738,,,0.11378093871917383,-0.04322118170340705,0.018345760249657873,,,False,False,False
radial_major_axis,153,anisotropic_chance,False,False,0,0.0030133000000205357,,,0.11378093871917383,-0.04322118170340705,0.018345760249657873,,,False,False,False
radial_major_axis,154,deterministic,True,True,0,0.0024539999994885875,1.6773616862815874,0.31435535684679994,0.10113391280519966,-0.0009002599130476588,0.019096807972403602,-4.935202882795137,-12.935202882795137,True,True,False
radial_major_axis,154,scalar_principal_sigma,False,False,0,0.00023049999981594738,,,0.10113391280519966,-0.0009002599130476588,0.019096807972403602,,,False,False,False
radial_major_axis,154,anisotropic_chance,False,False,0,0.0030133000000205357,,,0.10113391280519966,-0.0009002599130476588,0.019096807972403602,,,False,False,False
radial_major_axis,155,deterministic,True,True,0,0.0024539999994885875,1.6773616862815874,0.31435535684679994,0.10313386922006346,-0.012446925388050731,0.024502302923202348,6.1727172665382595,-1.8272827334617405,False,True,False
radial_major_axis,155,scalar_principal_sigma,False,False,0,0.00023049999981594738,,,0.10313386922006346,-0.012446925388050731,0.024502302923202348,,,False,False,False
radial_major_axis,155,anisotropic_chance,False,False,0,0.0030133000000205357,,,0.10313386922006346,-0.012446925388050731,0.024502302923202348,,,False,False,False
radial_major_axis,156,deterministic,True,True,0,0.0024539999994885875,1.6773616862815874,0.31435535684679994,0.11344916357048088,-0.039507188576612104,0.020528326168470574,25.471727464319624,17.471727464319624,False,False,True
radial_major_axis,156,scalar_principal_sigma,False,False,0,0.00023049999981594738,,,0.11344916357048088,-0.039507188576612104,0.020528326168470574,,,False,False,False
radial_major_axis,156,anisotropic_chance,False,False,0,0.0030133000000205357,,,0.11344916357048088,-0.039507188576612104,0.020528326168470574,,,False,False,False
radial_major_axis,157,deterministic,True,True,0,0.0024539999994885875,1.6773616862815874,0.31435535684679994,0.1053249442204543,-0.01782088740499873,0.023383444380671674,8.567584726160268,0.5675847261602686,False,False,True
radial_major_axis,157,scalar_principal_sigma,False,False,0,0.00023049999981594738,,,0.1053249442204543,-0.01782088740499873,0.023383444380671674,,,False,False,False
radial_major_axis,157,anisotropic_chance,False,False,0,0.0030133000000205357,,,0.1053249442204543,-0.01782088740499873,0.023383444380671674,,,False,False,False
radial_major_axis,158,deterministic,True,True,0,0.0024539999994885875,1.6773616862815874,0.31435535684679994,0.10805067073567304,-0.014706082498282268,0.020185378593885948,4.3574044101515765,-3.642595589848424,False,True,False
radial_major_axis,158,scalar_principal_sigma,False,False,0,0.00023049999981594738,,,0.10805067073567304,-0.014706082498282268,0.020185378593885948,,,False,False,False
radial_major_axis,158,anisotropic_chance,False,False,0,0.0030133000000205357,,,0.10805067073567304,-0.014706082498282268,0.020185378593885948,,,False,False,False
radial_major_axis,159,deterministic,True,True,0,0.0024539999994885875,1.6773616862815874,0.31435535684679994,0.10527266173957343,-0.009425685607901494,0.019118403272150385,0.04411089142442905,-7.955889108575571,False,True,False
radial_major_axis,159,scalar_principal_sigma,False,False,0,0.00023049999981594738,,,0.10527266173957343,-0.009425685607901494,0.019118403272150385,,,False,False,False
radial_major_axis,159,anisotropic_chance,False,False,0,0.0030133000000205357,,,0.10527266173957343,-0.009425685607901494,0.019118403272150385,,,False,False,False
radial_major_axis,160,deterministic,True,True,0,0.0024539999994885875,1.6773616862815874,0.31435535684679994,0.10760210719649164,-0.0309178704133665,0.021373934663468857,17.347774742778878,9.347774742778874,False,False,True
radial_major_axis,160,scalar_principal_sigma,False,False,0,0.00023049999981594738,,,0.10760210719649164,-0.0309178704133665,0.021373934663468857,,,False,False,False
radial_major_axis,160,anisotropic_chance,False,False,0,0.0030133000000205357,,,0.10760210719649164,-0.0309178704133665,0.021373934663468857,,,False,False,False
radial_major_axis,161,deterministic,True,True,0,0.0024539999994885875,1.6773616862815874,0.31435535684679994,0.10766387894252098,-0.017663388665188344,0.0214949241934036,7.288755831854796,-0.7112441681452041,False,True,False
radial_major_axis,161,scalar_principal_sigma,False,False,0,0.00023049999981594738,,,0.10766387894252098,-0.017663388665188344,0.0214949241934036,,,False,False,False
radial_major_axis,161,anisotropic_chance,False,False,0,0.0030133000000205357,,,0.10766387894252098,-0.017663388665188344,0.0214949241934036,,,False,False,False
radial_major_axis,162,deterministic,True,True,0,0.0024539999994885875,1.6773616862815874,0.31435535684679994,0.10263077142280845,-0.011063238357856282,0.023144773570589493,4.268323896149331,-3.731676103850669,False,True,False
radial_major_axis,162,scalar_principal_sigma,False,False,0,0.00023049999981594738,,,0.10263077142280845,-0.011063238357856282,0.023144773570589493,,,False,False,False
radial_major_axis,162,anisotropic_chance,False,False,0,0.0030133000000205357,,,0.10263077142280845,-0.011063238357856282,0.023144773570589493,,,False,False,False
radial_major_axis,163,deterministic,True,True,0,0.0024539999994885875,1.6773616862815874,0.31435535684679994,0.10938691673478787,-0.024692672167383158,0.02073414740599379,12.266851925476765,4.266851925476765,False,False,True
radial_major_axis,163,scalar_principal_sigma,False,False,0,0.00023049999981594738,,,0.10938691673478787,-0.024692672167383158,0.02073414740599379,,,False,False,False
radial_major_axis,163,anisotropic_chance,False,False,0,0.0030133000000205357,,,0.10938691673478787,-0.024692672167383158,0.02073414740599379,,,False,False,False
radial_major_axis,164,deterministic,True,True,0,0.0024539999994885875,1.6773616862815874,0.31435535684679994,0.10698289186825745,-0.02656429498101136,0.018226243755407337,11.96389704075485,3.96389704075485,False,False,True
radial_major_axis,164,scalar_principal_sigma,False,False,0,0.00023049999981594738,,,0.10698289186825745,-0.02656429498101136,0.018226243755407337,,,False,False,False
radial_major_axis,164,anisotropic_chance,False,False,0,0.0030133000000205357,,,0.10698289186825745,-0.02656429498101136,0.018226243755407337,,,False,False,False
radial_major_axis,165,deterministic,True,True,0,0.0024539999994885875,1.6773616862815874,0.31435535684679994,0.11026604810106201,-0.03895120765698457,0.02196441920498546,24.880540892225614,16.88054089222561,False,False,True
radial_major_axis,165,scalar_principal_sigma,False,False,0,0.00023049999981594738,,,0.11026604810106201,-0.03895120765698457,0.02196441920498546,,,False,False,False
radial_major_axis,165,anisotropic_chance,False,False,0,0.0030133000000205357,,,0.11026604810106201,-0.03895120765698457,0.02196441920498546,,,False,False,False
radial_major_axis,166,deterministic,True,True,0,0.0024539999994885875,1.6773616862815874,0.31435535684679994,0.10942240486354372,-0.028395365150871515,0.02186147489865932,15.89297844703514,7.892978447035138,False,False,True
radial_major_axis,166,scalar_principal_sigma,False,False,0,0.00023049999981594738,,,0.10942240486354372,-0.028395365150871515,0.02186147489865932,,,False,False,False
radial_major_axis,166,anisotropic_chance,False,False,0,0.0030133000000205357,,,0.10942240486354372,-0.028395365150871515,0.02186147489865932,,,False,False,False
radial_major_axis,167,deterministic,True,True,0,0.0024539999994885875,1.6773616862815874,0.31435535684679994,0.10885224430862586,-0.027810697753784978,0.01825685700593381,13.409840471311702,5.4098404713117025,False,False,True
radial_major_axis,167,scalar_principal_sigma,False,False,0,0.00023049999981594738,,,0.10885224430862586,-0.027810697753784978,0.01825685700593381,,,False,False,False
radial_major_axis,167,anisotropic_chance,False,False,0,0.0030133000000205357,,,0.10885224430862586,-0.027810697753784978,0.01825685700593381,,,False,False,False
radial_major_axis,168,deterministic,True,True,0,0.0024539999994885875,1.6773616862815874,0.31435535684679994,0.1037347267279591,-0.01151977318956472,0.02002242990325705,1.9901232242666347,-6.009876775733366,False,True,False
radial_major_axis,168,scalar_principal_sigma,False,False,0,0.00023049999981594738,,,0.1037347267279591,-0.01151977318956472,0.02002242990325705,,,False,False,False
radial_major_axis,168,anisotropic_chance,False,False,0,0.0030133000000205357,,,0.1037347267279591,-0.01151977318956472,0.02002242990325705,,,False,False,False
radial_major_axis,169,deterministic,True,True,0,0.0024539999994885875,1.6773616862815874,0.31435535684679994,0.1076531356371955,-0.019007605173993563,0.020597990155165436,7.603621308880456,-0.3963786911195446,False,True,False
radial_major_axis,169,scalar_principal_sigma,False,False,0,0.00023049999981594738,,,0.1076531356371955,-0.019007605173993563,0.020597990155165436,,,False,False,False
radial_major_axis,169,anisotropic_chance,False,False,0,0.0030133000000205357,,,0.1076531356371955,-0.019007605173993563,0.020597990155165436,,,False,False,False
radial_major_axis,170,deterministic,True,True,0,0.0024539999994885875,1.6773616862815874,0.31435535684679994,0.11193220724292084,-0.036239398455589426,0.022273026836382544,23.10439549088126,15.104395490881258,False,False,True
radial_major_axis,170,scalar_principal_sigma,False,False,0,0.00023049999981594738,,,0.11193220724292084,-0.036239398455589426,0.022273026836382544,,,False,False,False
radial_major_axis,170,anisotropic_chance,False,False,0,0.0030133000000205357,,,0.11193220724292084,-0.036239398455589426,0.022273026836382544,,,False,False,False
radial_major_axis,171,deterministic,True,True,0,0.0024539999994885875,1.6773616862815874,0.31435535684679994,0.11016993876249298,-0.029302384482624545,0.021145799062319788,16.365536351355097,8.365536351355097,False,False,True
radial_major_axis,171,scalar_principal_sigma,False,False,0,0.00023049999981594738,,,0.11016993876249298,-0.029302384482624545,0.021145799062319788,,,False,False,False
radial_major_axis,171,anisotropic_chance,False,False,0,0.0030133000000205357,,,0.11016993876249298,-0.029302384482624545,0.021145799062319788,,,False,False,False
radial_major_axis,172,deterministic,True,True,0,0.0024539999994885875,1.6773616862815874,0.31435535684679994,0.10478188455474213,-0.01674973072248512,0.022933436517609814,7.5061016277051715,-0.4938983722948282,False,True,False
radial_major_axis,172,scalar_principal_sigma,False,False,0,0.00023049999981594738,,,0.10478188455474213,-0.01674973072248512,0.022933436517609814,,,False,False,False
radial_major_axis,172,anisotropic_chance,False,False,0,0.0030133000000205357,,,0.10478188455474213,-0.01674973072248512,0.022933436517609814,,,False,False,False
radial_major_axis,173,deterministic,True,True,0,0.0024539999994885875,1.6773616862815874,0.31435535684679994,0.10936605718471043,-0.027661753858206885,0.02354763880109203,16.277382431465615,8.277382431465611,False,False,True
radial_major_axis,173,scalar_principal_sigma,False,False,0,0.00023049999981594738,,,0.10936605718471043,-0.027661753858206885,0.02354763880109203,,,False,False,False
radial_major_axis,173,anisotropic_chance,False,False,0,0.0030133000000205357,,,0.10936605718471043,-0.027661753858206885,0.02354763880109203,,,False,False,False
radial_major_axis,174,deterministic,True,True,0,0.0024539999994885875,1.6773616862815874,0.31435535684679994,0.10993347870636569,-0.03198760437525898,0.021775685756440052,18.901417200381402,10.9014172003814,False,False,True
radial_major_axis,174,scalar_principal_sigma,False,False,0,0.00023049999981594738,,,0.10993347870636569,-0.03198760437525898,0.021775685756440052,,,False,False,False
radial_major_axis,174,anisotropic_chance,False,False,0,0.0030133000000205357,,,0.10993347870636569,-0.03198760437525898,0.021775685756440052,,,False,False,False
radial_major_axis,175,deterministic,True,True,0,0.0024539999994885875,1.6773616862815874,0.31435535684679994,0.10758973034310544,-0.022937125567213393,0.019663828316408716,9.981448189021759,1.9814481890217586,False,False,True
radial_major_axis,175,scalar_principal_sigma,False,False,0,0.00023049999981594738,,,0.10758973034310544,-0.022937125567213393,0.019663828316408716,,,False,False,False
radial_major_axis,175,anisotropic_chance,False,False,0,0.0030133000000205357,,,0.10758973034310544,-0.022937125567213393,0.019663828316408716,,,False,False,False
radial_major_axis,176,deterministic,True,True,0,0.0024539999994885875,1.6773616862815874,0.31435535684679994,0.11157436692119166,-0.03433191187410656,0.02314411641276086,21.851426944398366,13.851426944398364,False,False,True
radial_major_axis,176,scalar_principal_sigma,False,False,0,0.00023049999981594738,,,0.11157436692119166,-0.03433191187410656,0.02314411641276086,,,False,False,False
radial_major_axis,176,anisotropic_chance,False,False,0,0.0030133000000205357,,,0.11157436692119166,-0.03433191187410656,0.02314411641276086,,,False,False,False
radial_major_axis,177,deterministic,True,True,0,0.0024539999994885875,1.6773616862815874,0.31435535684679994,0.11008147018285835,-0.023609005060878523,0.020733757286687412,11.542374254008529,3.5423742540085286,False,False,True
radial_major_axis,177,scalar_principal_sigma,False,False,0,0.00023049999981594738,,,0.11008147018285835,-0.023609005060878523,0.020733757286687412,,,False,False,False
radial_major_axis,177,anisotropic_chance,False,False,0,0.0030133000000205357,,,0.11008147018285835,-0.023609005060878523,0.020733757286687412,,,False,False,False
radial_major_axis,178,deterministic,True,True,0,0.0024539999994885875,1.6773616862815874,0.31435535684679994,0.11116134558994221,-0.035599740118927845,0.020374758459052865,21.509386189147328,13.509386189147326,False,False,True
radial_major_axis,178,scalar_principal_sigma,False,False,0,0.00023049999981594738,,,0.11116134558994221,-0.035599740118927845,0.020374758459052865,,,False,False,False
radial_major_axis,178,anisotropic_chance,False,False,0,0.0030133000000205357,,,0.11116134558994221,-0.035599740118927845,0.020374758459052865,,,False,False,False
radial_major_axis,179,deterministic,True,True,0,0.0024539999994885875,1.6773616862815874,0.31435535684679994,0.10437240859763944,-0.02007767503760361,0.024831902189800678,11.119116536226727,3.119116536226726,False,False,True
radial_major_axis,179,scalar_principal_sigma,False,False,0,0.00023049999981594738,,,0.10437240859763944,-0.02007767503760361,0.024831902189800678,,,False,False,False
radial_major_axis,179,anisotropic_chance,False,False,0,0.0030133000000205357,,,0.10437240859763944,-0.02007767503760361,0.024831902189800678,,,False,False,False
radial_major_axis,180,deterministic,True,True,0,0.0024539999994885875,1.6773616862815874,0.31435535684679994,0.10486830490467401,-0.013458686688013921,0.01964697647140094,2.881911218304811,-5.11808878169519,False,True,False
radial_major_axis,180,scalar_principal_sigma,False,False,0,0.00023049999981594738,,,0.10486830490467401,-0.013458686688013921,0.01964697647140094,,,False,False,False
radial_major_axis,180,anisotropic_chance,False,False,0,0.0030133000000205357,,,0.10486830490467401,-0.013458686688013921,0.01964697647140094,,,False,False,False
radial_major_axis,181,deterministic,True,True,0,0.0024539999994885875,1.6773616862815874,0.31435535684679994,0.10551629274246618,-0.0193048958384072,0.020487562313447054,7.538706523628933,-0.4612934763710674,False,True,False
radial_major_axis,181,scalar_principal_sigma,False,False,0,0.00023049999981594738,,,0.10551629274246618,-0.0193048958384072,0.020487562313447054,,,False,False,False
radial_major_axis,181,anisotropic_chance,False,False,0,0.0030133000000205357,,,0.10551629274246618,-0.0193048958384072,0.020487562313447054,,,False,False,False
radial_major_axis,182,deterministic,True,True,0,0.0024539999994885875,1.6773616862815874,0.31435535684679994,0.11140981222089529,-0.03700673170440843,0.022109881846623464,23.592924120647314,15.59292412064731,False,False,True
radial_major_axis,182,scalar_principal_sigma,False,False,0,0.00023049999981594738,,,0.11140981222089529,-0.03700673170440843,0.022109881846623464,,,False,False,False
radial_major_axis,182,anisotropic_chance,False,False,0,0.0030133000000205357,,,0.11140981222089529,-0.03700673170440843,0.022109881846623464,,,False,False,False
radial_major_axis,183,deterministic,True,True,0,0.0024539999994885875,1.6773616862815874,0.31435535684679994,0.10805751397552663,-0.024310677646539155,0.021606631215113296,12.295954089254913,4.295954089254912,False,False,True
radial_major_axis,183,scalar_principal_sigma,False,False,0,0.00023049999981594738,,,0.10805751397552663,-0.024310677646539155,0.021606631215113296,,,False,False,False
radial_major_axis,183,anisotropic_chance,False,False,0,0.0030133000000205357,,,0.10805751397552663,-0.024310677646539155,0.021606631215113296,,,False,False,False
radial_major_axis,184,deterministic,True,True,0,0.0024539999994885875,1.6773616862815874,0.31435535684679994,0.10833239968024799,-0.029982558636068884,0.02284331251375822,17.594210038670997,9.594210038670994,False,False,True
radial_major_axis,184,scalar_principal_sigma,False,False,0,0.00023049999981594738,,,0.10833239968024799,-0.029982558636068884,0.02284331251375822,,,False,False,False
radial_major_axis,184,anisotropic_chance,False,False,0,0.0030133000000205357,,,0.10833239968024799,-0.029982558636068884,0.02284331251375822,,,False,False,False
radial_major_axis,185,deterministic,True,True,0,0.0024539999994885875,1.6773616862815874,0.31435535684679994,0.10993147368891329,-0.02844109491964739,0.02198065767890261,16.077542347683938,8.077542347683936,False,False,True
radial_major_axis,185,scalar_principal_sigma,False,False,0,0.00023049999981594738,,,0.10993147368891329,-0.02844109491964739,0.02198065767890261,,,False,False,False
radial_major_axis,185,anisotropic_chance,False,False,0,0.0030133000000205357,,,0.10993147368891329,-0.02844109491964739,0.02198065767890261,,,False,False,False
radial_major_axis,186,deterministic,True,True,0,0.0024539999994885875,1.6773616862815874,0.31435535684679994,0.10803465174128389,-0.021357802064102555,0.01830807609665756,7.982286321279825,-0.01771367872017461,False,True,False
radial_major_axis,186,scalar_principal_sigma,False,False,0,0.00023049999981594738,,,0.10803465174128389,-0.021357802064102555,0.01830807609665756,,,False,False,False
radial_major_axis,186,anisotropic_chance,False,False,0,0.0030133000000205357,,,0.10803465174128389,-0.021357802064102555,0.01830807609665756,,,False,False,False
radial_major_axis,187,deterministic,True,True,0,0.0024539999994885875,1.6773616862815874,0.31435535684679994,0.11000671629250039,-0.03127359785045207,0.0187835137019602,16.828463892446383,8.828463892446381,False,False,True
radial_major_axis,187,scalar_principal_sigma,False,False,0,0.00023049999981594738,,,0.11000671629250039,-0.03127359785045207,0.0187835137019602,,,False,False,False
radial_major_axis,187,anisotropic_chance,False,False,0,0.0030133000000205357,,,0.11000671629250039,-0.03127359785045207,0.0187835137019602,,,False,False,False
radial_major_axis,188,deterministic,True,True,0,0.0024539999994885875,1.6773616862815874,0.31435535684679994,0.11419810666371495,-0.038733936376946033,0.02165382193120427,25.43749195804462,17.43749195804462,False,False,True
radial_major_axis,188,scalar_principal_sigma,False,False,0,0.00023049999981594738,,,0.11419810666371495,-0.038733936376946033,0.02165382193120427,,,False,False,False
radial_major_axis,188,anisotropic_chance,False,False,0,0.0030133000000205357,,,0.11419810666371495,-0.038733936376946033,0.02165382193120427,,,False,False,False
radial_major_axis,189,deterministic,True,True,0,0.0024539999994885875,1.6773616862815874,0.31435535684679994,0.10618972341164062,-0.020830536680794768,0.020977149208610973,9.04237755175207,1.04237755175207,False,False,True
radial_major_axis,189,scalar_principal_sigma,False,False,0,0.00023049999981594738,,,0.10618972341164062,-0.020830536680794768,0.020977149208610973,,,False,False,False
radial_major_axis,189,anisotropic_chance,False,False,0,0.0030133000000205357,,,0.10618972341164062,-0.020830536680794768,0.020977149208610973,,,False,False,False
radial_major_axis,190,deterministic,True,True,0,0.0024539999994885875,1.6773616862815874,0.31435535684679994,0.11145466220189436,-0.03450188591748064,0.02209324576772085,21.444791899911415,13.444791899911412,False,False,True
radial_major_axis,190,scalar_principal_sigma,False,False,0,0.00023049999981594738,,,0.11145466220189436,-0.03450188591748064,0.02209324576772085,,,False,False,False
radial_major_axis,190,anisotropic_chance,False,False,0,0.0030133000000205357,,,0.11145466220189436,-0.03450188591748064,0.02209324576772085,,,False,False,False
radial_major_axis,191,deterministic,True,True,0,0.0024539999994885875,1.6773616862815874,0.31435535684679994,0.10840475710541046,-0.02519498744247394,0.020831924575890934,12.574644258291938,4.574644258291937,False,False,True
radial_major_axis,191,scalar_principal_sigma,False,False,0,0.00023049999981594738,,,0.10840475710541046,-0.02519498744247394,0.020831924575890934,,,False,False,False
radial_major_axis,191,anisotropic_chance,False,False,0,0.0030133000000205357,,,0.10840475710541046,-0.02519498744247394,0.020831924575890934,,,False,False,False
radial_major_axis,192,deterministic,True,True,0,0.0024539999994885875,1.6773616862815874,0.31435535684679994,0.10606394380497501,-0.019769772925701975,0.02131431768636248,8.477516907531875,0.47751690753187503,False,False,True
radial_major_axis,192,scalar_principal_sigma,False,False,0,0.00023049999981594738,,,0.10606394380497501,-0.019769772925701975,0.02131431768636248,,,False,False,False
radial_major_axis,192,anisotropic_chance,False,False,0,0.0030133000000205357,,,0.10606394380497501,-0.019769772925701975,0.02131431768636248,,,False,False,False
radial_major_axis,193,deterministic,True,True,0,0.0024539999994885875,1.6773616862815874,0.31435535684679994,0.10986931038014552,-0.0310613660383594,0.020905668630448588,17.662906742571067,9.662906742571064,False,False,True
radial_major_axis,193,scalar_principal_sigma,False,False,0,0.00023049999981594738,,,0.10986931038014552,-0.0310613660383594,0.020905668630448588,,,False,False,False
radial_major_axis,193,anisotropic_chance,False,False,0,0.0030133000000205357,,,0.10986931038014552,-0.0310613660383594,0.020905668630448588,,,False,False,False
radial_major_axis,194,deterministic,True,True,0,0.0024539999994885875,1.6773616862815874,0.31435535684679994,0.10486922060380713,-0.014494821561950666,0.02184234181581607,5.242419012096036,-2.7575809879039643,False,True,False
radial_major_axis,194,scalar_principal_sigma,False,False,0,0.00023049999981594738,,,0.10486922060380713,-0.014494821561950666,0.02184234181581607,,,False,False,False
radial_major_axis,194,anisotropic_chance,False,False,0,0.0030133000000205357,,,0.10486922060380713,-0.014494821561950666,0.02184234181581607,,,False,False,False
radial_major_axis,195,deterministic,True,True,0,0.0024539999994885875,1.6773616862815874,0.31435535684679994,0.11411165725283587,-0.04488246088111138,0.022964875269052817,31.354175203981217,23.354175203981217,False,False,True
radial_major_axis,195,scalar_principal_sigma,False,False,0,0.00023049999981594738,,,0.11411165725283587,-0.04488246088111138,0.022964875269052817,,,False,False,False
radial_major_axis,195,anisotropic_chance,False,False,0,0.0030133000000205357,,,0.11411165725283587,-0.04488246088111138,0.022964875269052817,,,False,False,False
radial_major_axis,196,deterministic,True,True,0,0.0024539999994885875,1.6773616862815874,0.31435535684679994,0.10698398435998976,-0.019472822642333906,0.020112033546776258,7.535156755032248,-0.4648432449677522,False,True,False
radial_major_axis,196,scalar_principal_sigma,False,False,0,0.00023049999981594738,,,0.10698398435998976,-0.019472822642333906,0.020112033546776258,,,False,False,False
radial_major_axis,196,anisotropic_chance,False,False,0,0.0030133000000205357,,,0.10698398435998976,-0.019472822642333906,0.020112033546776258,,,False,False,False
radial_major_axis,197,deterministic,True,True,0,0.0024539999994885875,1.6773616862815874,0.31435535684679994,0.10667563895453097,-0.023196877894684928,0.023202937302195782,12.3184865982685,4.318486598268499,False,False,True
radial_major_axis,197,scalar_principal_sigma,False,False,0,0.00023049999981594738,,,0.10667563895453097,-0.023196877894684928,0.023202937302195782,,,False,False,False
radial_major_axis,197,anisotropic_chance,False,False,0,0.0030133000000205357,,,0.10667563895453097,-0.023196877894684928,0.023202937302195782,,,False,False,False
radial_major_axis,198,deterministic,True,True,0,0.0024539999994885875,1.6773616862815874,0.31435535684679994,0.10889663483894044,-0.02871299816974647,0.024234284230792442,17.451528733888207,9.451528733888207,False,False,True
radial_major_axis,198,scalar_principal_sigma,False,False,0,0.00023049999981594738,,,0.10889663483894044,-0.02871299816974647,0.024234284230792442,,,False,False,False
radial_major_axis,198,anisotropic_chance,False,False,0,0.0030133000000205357,,,0.10889663483894044,-0.02871299816974647,0.024234284230792442,,,False,False,False
radial_major_axis,199,deterministic,True,True,0,0.0024539999994885875,1.6773616862815874,0.31435535684679994,0.10656990474394733,-0.01861233677947715,0.01949303579024331,6.443837542931983,-1.556162457068017,False,True,False
radial_major_axis,199,scalar_principal_sigma,False,False,0,0.00023049999981594738,,,0.10656990474394733,-0.01861233677947715,0.01949303579024331,,,False,False,False
radial_major_axis,199,anisotropic_chance,False,False,0,0.0030133000000205357,,,0.10656990474394733,-0.01861233677947715,0.01949303579024331,,,False,False,False
radial_major_axis,200,deterministic,True,True,0,0.0024539999994885875,1.6773616862815874,0.31435535684679994,0.1086847087608352,-0.019737499208634754,0.01953082372854109,7.590818775060715,-0.4091812249392857,False,True,False
radial_major_axis,200,scalar_principal_sigma,False,False,0,0.00023049999981594738,,,0.1086847087608352,-0.019737499208634754,0.01953082372854109,,,False,False,False
radial_major_axis,200,anisotropic_chance,False,False,0,0.0030133000000205357,,,0.1086847087608352,-0.019737499208634754,0.01953082372854109,,,False,False,False
radial_major_axis,201,deterministic,True,True,0,0.0024539999994885875,1.6773616862815874,0.31435535684679994,0.11151015441760644,-0.0339958193901404,0.021548615467265605,20.756392394615553,12.756392394615553,False,False,True
radial_major_axis,201,scalar_principal_sigma,False,False,0,0.00023049999981594738,,,0.11151015441760644,-0.0339958193901404,0.021548615467265605,,,False,False,False
radial_major_axis,201,anisotropic_chance,False,False,0,0.0030133000000205357,,,0.11151015441760644,-0.0339958193901404,0.021548615467265605,,,False,False,False
radial_major_axis,202,deterministic,True,True,0,0.0024539999994885875,1.6773616862815874,0.31435535684679994,0.11169327153060277,-0.029294304777702302,0.01753827947454818,14.863046498677367,6.863046498677366,False,False,True
radial_major_axis,202,scalar_principal_sigma,False,False,0,0.00023049999981594738,,,0.11169327153060277,-0.029294304777702302,0.01753827947454818,,,False,False,False
radial_major_axis,202,anisotropic_chance,False,False,0,0.0030133000000205357,,,0.11169327153060277,-0.029294304777702302,0.01753827947454818,,,False,False,False
radial_major_axis,203,deterministic,True,True,0,0.0024539999994885875,1.6773616862815874,0.31435535684679994,0.1104717638725521,-0.02841650164107942,0.02063976770161499,15.415939134016904,7.415939134016903,False,False,True
radial_major_axis,203,scalar_principal_sigma,False,False,0,0.00023049999981594738,,,0.1104717638725521,-0.02841650164107942,0.02063976770161499,,,False,False,False
radial_major_axis,203,anisotropic_chance,False,False,0,0.0030133000000205357,,,0.1104717638725521,-0.02841650164107942,0.02063976770161499,,,False,False,False
radial_major_axis,204,deterministic,True,True,0,0.0024539999994885875,1.6773616862815874,0.31435535684679994,0.10380268360591056,-0.011810435571363865,0.022615435903630007,4.27123231871134,-3.72876768128866,False,True,False
radial_major_axis,204,scalar_principal_sigma,False,False,0,0.00023049999981594738,,,0.10380268360591056,-0.011810435571363865,0.022615435903630007,,,False,False,False
radial_major_axis,204,anisotropic_chance,False,False,0,0.0030133000000205357,,,0.10380268360591056,-0.011810435571363865,0.022615435903630007,,,False,False,False
radial_major_axis,205,deterministic,True,True,0,0.0024539999994885875,1.6773616862815874,0.31435535684679994,0.10930552741506801,-0.023185261509399476,0.021265543199699324,11.400520231110008,3.4005202311100087,False,False,True
radial_major_axis,205,scalar_principal_sigma,False,False,0,0.00023049999981594738,,,0.10930552741506801,-0.023185261509399476,0.021265543199699324,,,False,False,False
radial_major_axis,205,anisotropic_chance,False,False,0,0.0030133000000205357,,,0.10930552741506801,-0.023185261509399476,0.021265543199699324,,,False,False,False
radial_major_axis,206,deterministic,True,True,0,0.0024539999994885875,1.6773616862815874,0.31435535684679994,0.10739113181202911,-0.021255706695149375,0.025468193294200844,12.572230261207489,4.572230261207488,False,False,True
radial_major_axis,206,scalar_principal_sigma,False,False,0,0.00023049999981594738,,,0.10739113181202911,-0.021255706695149375,0.025468193294200844,,,False,False,False
radial_major_axis,206,anisotropic_chance,False,False,0,0.0030133000000205357,,,0.10739113181202911,-0.021255706695149375,0.025468193294200844,,,False,False,False
radial_major_axis,207,deterministic,True,True,0,0.0024539999994885875,1.6773616862815874,0.31435535684679994,0.10751457570187048,-0.02055813476889759,0.020507411306362154,8.664871832708496,0.664871832708495,False,False,True
radial_major_axis,207,scalar_principal_sigma,False,False,0,0.00023049999981594738,,,0.10751457570187048,-0.02055813476889759,0.020507411306362154,,,False,False,False
radial_major_axis,207,anisotropic_chance,False,False,0,0.0030133000000205357,,,0.10751457570187048,-0.02055813476889759,0.020507411306362154,,,False,False,False
radial_major_axis,208,deterministic,True,True,0,0.0024539999994885875,1.6773616862815874,0.31435535684679994,0.1038094180203166,-0.014646000738307007,0.019352342918475884,3.40659839595389,-4.59340160404611,False,True,False
radial_major_axis,208,scalar_principal_sigma,False,False,0,0.00023049999981594738,,,0.1038094180203166,-0.014646000738307007,0.019352342918475884,,,False,False,False
radial_major_axis,208,anisotropic_chance,False,False,0,0.0030133000000205357,,,0.1038094180203166,-0.014646000738307007,0.019352342918475884,,,False,False,False
radial_major_axis,209,deterministic,True,True,0,0.0024539999994885875,1.6773616862815874,0.31435535684679994,0.10837644285580086,-0.02069820571366266,0.018418564844211963,7.581142429922415,-0.41885757007758573,False,True,False
radial_major_axis,209,scalar_principal_sigma,False,False,0,0.00023049999981594738,,,0.10837644285580086,-0.02069820571366266,0.018418564844211963,,,False,False,False
radial_major_axis,209,anisotropic_chance,False,False,0,0.0030133000000205357,,,0.10837644285580086,-0.02069820571366266,0.018418564844211963,,,False,False,False
radial_major_axis,210,deterministic,True,True,0,0.0024539999994885875,1.6773616862815874,0.31435535684679994,0.10612872130783832,-0.018399372066605607,0.019235491036433603,6.0737461112047395,-1.9262538887952607,False,True,False
radial_major_axis,210,scalar_principal_sigma,False,False,0,0.00023049999981594738,,,0.10612872130783832,-0.018399372066605607,0.019235491036433603,,,False,False,False
radial_major_axis,210,anisotropic_chance,False,False,0,0.0030133000000205357,,,0.10612872130783832,-0.018399372066605607,0.019235491036433603,,,False,False,False
radial_major_axis,211,deterministic,True,True,0,0.0024539999994885875,1.6773616862815874,0.31435535684679994,0.10183855187502168,-0.009140806283490704,0.020600235699766295,1.0839774462187233,-6.916022553781277,False,True,False
radial_major_axis,211,scalar_principal_sigma,False,False,0,0.00023049999981594738,,,0.10183855187502168,-0.009140806283490704,0.020600235699766295,,,False,False,False
radial_major_axis,211,anisotropic_chance,False,False,0,0.0030133000000205357,,,0.10183855187502168,-0.009140806283490704,0.020600235699766295,,,False,False,False
radial_major_axis,212,deterministic,True,True,0,0.0024539999994885875,1.6773616862815874,0.31435535684679994,0.10607965687743298,-0.01790482855510174,0.023357580438325677,8.651237904631017,0.6512379046310166,False,False,True
radial_major_axis,212,scalar_principal_sigma,False,False,0,0.00023049999981594738,,,0.10607965687743298,-0.01790482855510174,0.023357580438325677,,,False,False,False
radial_major_axis,212,anisotropic_chance,False,False,0,0.0030133000000205357,,,0.10607965687743298,-0.01790482855510174,0.023357580438325677,,,False,False,False
radial_major_axis,213,deterministic,True,True,0,0.0024539999994885875,1.6773616862815874,0.31435535684679994,0.10560307141183102,-0.019981834808670204,0.022633839605827148,9.514234857286302,1.5142348572863025,False,False,True
radial_major_axis,213,scalar_principal_sigma,False,False,0,0.00023049999981594738,,,0.10560307141183102,-0.019981834808670204,0.022633839605827148,,,False,False,False
radial_major_axis,213,anisotropic_chance,False,False,0,0.0030133000000205357,,,0.10560307141183102,-0.019981834808670204,0.022633839605827148,,,False,False,False
radial_major_axis,214,deterministic,True,True,0,0.0024539999994885875,1.6773616862815874,0.31435535684679994,0.1065839983238315,-0.02164086623661575,0.022493073490478174,10.685799671026464,2.6857996710264644,False,False,True
radial_major_axis,214,scalar_principal_sigma,False,False,0,0.00023049999981594738,,,0.1065839983238315,-0.02164086623661575,0.022493073490478174,,,False,False,False
radial_major_axis,214,anisotropic_chance,False,False,0,0.0030133000000205357,,,0.1065839983238315,-0.02164086623661575,0.022493073490478174,,,False,False,False
radial_major_axis,215,deterministic,True,True,0,0.0024539999994885875,1.6773616862815874,0.31435535684679994,0.1077562531269029,-0.024441550524618282,0.021798028989279364,12.478816551645787,4.478816551645786,False,False,True
radial_major_axis,215,scalar_principal_sigma,False,False,0,0.00023049999981594738,,,0.1077562531269029,-0.024441550524618282,0.021798028989279364,,,False,False,False
radial_major_axis,215,anisotropic_chance,False,False,0,0.0030133000000205357,,,0.1077562531269029,-0.024441550524618282,0.021798028989279364,,,False,False,False
radial_major_axis,216,deterministic,True,True,0,0.0024539999994885875,1.6773616862815874,0.31435535684679994,0.10697728643691233,-0.01859544234140582,0.019345239833889423,6.3767198000664935,-1.6232801999335067,False,True,False
radial_major_axis,216,scalar_principal_sigma,False,False,0,0.00023049999981594738,,,0.10697728643691233,-0.01859544234140582,0.019345239833889423,,,False,False,False
radial_major_axis,216,anisotropic_chance,False,False,0,0.0030133000000205357,,,0.10697728643691233,-0.01859544234140582,0.019345239833889423,,,False,False,False
radial_major_axis,217,deterministic,True,True,0,0.0024539999994885875,1.6773616862815874,0.31435535684679994,0.10419370471930588,-0.010857301700801963,0.01851814842417568,0.3826989633341337,-7.617301036665866,False,True,False
radial_major_axis,217,scalar_principal_sigma,False,False,0,0.00023049999981594738,,,0.10419370471930588,-0.010857301700801963,0.01851814842417568,,,False,False,False
radial_major_axis,217,anisotropic_chance,False,False,0,0.0030133000000205357,,,0.10419370471930588,-0.010857301700801963,0.01851814842417568,,,False,False,False
radial_major_axis,218,deterministic,True,True,0,0.0024539999994885875,1.6773616862815874,0.31435535684679994,0.10942029031189308,-0.031126052505634688,0.02239803838054836,18.43331346972848,10.433313469728477,False,False,True
radial_major_axis,218,scalar_principal_sigma,False,False,0,0.00023049999981594738,,,0.10942029031189308,-0.031126052505634688,0.02239803838054836,,,False,False,False
radial_major_axis,218,anisotropic_chance,False,False,0,0.0030133000000205357,,,0.10942029031189308,-0.031126052505634688,0.02239803838054836,,,False,False,False
radial_major_axis,219,deterministic,True,True,0,0.0024539999994885875,1.6773616862815874,0.31435535684679994,0.10237061095929396,-0.0010997650734784203,0.018176620712375552,-5.578096625949312,-13.578096625949312,True,True,False
radial_major_axis,219,scalar_principal_sigma,False,False,0,0.00023049999981594738,,,0.10237061095929396,-0.0010997650734784203,0.018176620712375552,,,False,False,False
radial_major_axis,219,anisotropic_chance,False,False,0,0.0030133000000205357,,,0.10237061095929396,-0.0010997650734784203,0.018176620712375552,,,False,False,False
radial_major_axis,220,deterministic,True,True,0,0.0024539999994885875,1.6773616862815874,0.31435535684679994,0.11071966814720698,-0.031100522770710237,0.01998518254857651,17.378127612690975,9.378127612690973,False,False,True
radial_major_axis,220,scalar_principal_sigma,False,False,0,0.00023049999981594738,,,0.11071966814720698,-0.031100522770710237,0.01998518254857651,,,False,False,False
radial_major_axis,220,anisotropic_chance,False,False,0,0.0030133000000205357,,,0.11071966814720698,-0.031100522770710237,0.01998518254857651,,,False,False,False
radial_major_axis,221,deterministic,True,True,0,0.0024539999994885875,1.6773616862815874,0.31435535684679994,0.10657207346935342,-0.015640563228671897,0.020256931250020874,4.890297773563287,-3.109702226436714,False,True,False
radial_major_axis,221,scalar_principal_sigma,False,False,0,0.00023049999981594738,,,0.10657207346935342,-0.015640563228671897,0.020256931250020874,,,False,False,False
radial_major_axis,221,anisotropic_chance,False,False,0,0.0030133000000205357,,,0.10657207346935342,-0.015640563228671897,0.020256931250020874,,,False,False,False
radial_major_axis,222,deterministic,True,True,0,0.0024539999994885875,1.6773616862815874,0.31435535684679994,0.11072021785685443,-0.032375469076517026,0.017825048970401346,17.48150776178263,9.481507761782629,False,False,True
radial_major_axis,222,scalar_principal_sigma,False,False,0,0.00023049999981594738,,,0.11072021785685443,-0.032375469076517026,0.017825048970401346,,,False,False,False
radial_major_axis,222,anisotropic_chance,False,False,0,0.0030133000000205357,,,0.11072021785685443,-0.032375469076517026,0.017825048970401346,,,False,False,False
radial_major_axis,223,deterministic,True,True,0,0.0024539999994885875,1.6773616862815874,0.31435535684679994,0.11246043716931037,-0.04095395705710435,0.021278368361222103,26.804372741427496,18.804372741427496,False,False,True
radial_major_axis,223,scalar_principal_sigma,False,False,0,0.00023049999981594738,,,0.11246043716931037,-0.04095395705710435,0.021278368361222103,,,False,False,False
radial_major_axis,223,anisotropic_chance,False,False,0,0.0030133000000205357,,,0.11246043716931037,-0.04095395705710435,0.021278368361222103,,,False,False,False
radial_major_axis,224,deterministic,True,True,0,0.0024539999994885875,1.6773616862815874,0.31435535684679994,0.10456079554169455,-0.00899654576223511,0.01909809100203664,-0.2292673477247067,-8.229267347724706,True,True,False
radial_major_axis,224,scalar_principal_sigma,False,False,0,0.00023049999981594738,,,0.10456079554169455,-0.00899654576223511,0.01909809100203664,,,False,False,False
radial_major_axis,224,anisotropic_chance,False,False,0,0.0030133000000205357,,,0.10456079554169455,-0.00899654576223511,0.01909809100203664,,,False,False,False
radial_major_axis,225,deterministic,True,True,0,0.0024539999994885875,1.6773616862815874,0.31435535684679994,0.10670223945200925,-0.021592619349026163,0.02160979023612871,10.072659257465295,2.0726592574652947,False,False,True
radial_major_axis,225,scalar_principal_sigma,False,False,0,0.00023049999981594738,,,0.10670223945200925,-0.021592619349026163,0.02160979023612871,,,False,False,False
radial_major_axis,225,anisotropic_chance,False,False,0,0.0030133000000205357,,,0.10670223945200925,-0.021592619349026163,0.02160979023612871,,,False,False,False
radial_major_axis,226,deterministic,True,True,0,0.0024539999994885875,1.6773616862815874,0.31435535684679994,0.10697701055291363,-0.02214512744927444,0.0234959038050537,11.76919707641078,3.7691970764107805,False,False,True
radial_major_axis,226,scalar_principal_sigma,False,False,0,0.00023049999981594738,,,0.10697701055291363,-0.02214512744927444,0.0234959038050537,,,False,False,False
radial_major_axis,226,anisotropic_chance,False,False,0,0.0030133000000205357,,,0.10697701055291363,-0.02214512744927444,0.0234959038050537,,,False,False,False
radial_major_axis,227,deterministic,True,True,0,0.0024539999994885875,1.6773616862815874,0.31435535684679994,0.10987338734394723,-0.030878747636224925,0.018491848106682213,16.32196778876873,8.32196778876873,False,False,True
radial_major_axis,227,scalar_principal_sigma,False,False,0,0.00023049999981594738,,,0.10987338734394723,-0.030878747636224925,0.018491848106682213,,,False,False,False
radial_major_axis,227,anisotropic_chance,False,False,0,0.0030133000000205357,,,0.10987338734394723,-0.030878747636224925,0.018491848106682213,,,False,False,False
radial_major_axis,228,deterministic,True,True,0,0.0024539999994885875,1.6773616862815874,0.31435535684679994,0.10500475777482836,-0.02031519265216779,0.020700645245525964,8.403856965325437,0.40385696532543697,False,False,True
radial_major_axis,228,scalar_principal_sigma,False,False,0,0.00023049999981594738,,,0.10500475777482836,-0.02031519265216779,0.020700645245525964,,,False,False,False
radial_major_axis,228,anisotropic_chance,False,False,0,0.0030133000000205357,,,0.10500475777482836,-0.02031519265216779,0.020700645245525964,,,False,False,False
radial_major_axis,229,deterministic,True,True,0,0.0024539999994885875,1.6773616862815874,0.31435535684679994,0.11125905570693755,-0.035658342482823735,0.02158556392121548,22.156902528980996,14.156902528980995,False,False,True
radial_major_axis,229,scalar_principal_sigma,False,False,0,0.00023049999981594738,,,0.11125905570693755,-0.035658342482823735,0.02158556392121548,,,False,False,False
radial_major_axis,229,anisotropic_chance,False,False,0,0.0030133000000205357,,,0.11125905570693755,-0.035658342482823735,0.02158556392121548,,,False,False,False
radial_major_axis,230,deterministic,True,True,0,0.0024539999994885875,1.6773616862815874,0.31435535684679994,0.10911504243821749,-0.02858893349737577,0.01907610886972492,14.522564678883658,6.522564678883658,False,False,True
radial_major_axis,230,scalar_principal_sigma,False,False,0,0.00023049999981594738,,,0.10911504243821749,-0.02858893349737577,0.01907610886972492,,,False,False,False
radial_major_axis,230,anisotropic_chance,False,False,0,0.0030133000000205357,,,0.10911504243821749,-0.02858893349737577,0.01907610886972492,,,False,False,False
radial_major_axis,231,deterministic,True,True,0,0.0024539999994885875,1.6773616862815874,0.31435535684679994,0.10888361387145491,-0.02709736121559585,0.018869974593188826,13.120427815301397,5.120427815301398,False,False,True
radial_major_axis,231,scalar_principal_sigma,False,False,0,0.00023049999981594738,,,0.10888361387145491,-0.02709736121559585,0.018869974593188826,,,False,False,False
radial_major_axis,231,anisotropic_chance,False,False,0,0.0030133000000205357,,,0.10888361387145491,-0.02709736121559585,0.018869974593188826,,,False,False,False
radial_major_axis,232,deterministic,True,True,0,0.0024539999994885875,1.6773616862815874,0.31435535684679994,0.10075003123228282,4.490334777075555e-05,0.01890848297058794,-5.642283822405111,-13.64228382240511,True,True,False
radial_major_axis,232,scalar_principal_sigma,False,False,0,0.00023049999981594738,,,0.10075003123228282,4.490334777075555e-05,0.01890848297058794,,,False,False,False
radial_major_axis,232,anisotropic_chance,False,False,0,0.0030133000000205357,,,0.10075003123228282,4.490334777075555e-05,0.01890848297058794,,,False,False,False
radial_major_axis,233,deterministic,True,True,0,0.0024539999994885875,1.6773616862815874,0.31435535684679994,0.10459644544131912,-0.018554013170963973,0.019979115413192826,6.603118809665352,-1.3968811903346483,False,True,False
radial_major_axis,233,scalar_principal_sigma,False,False,0,0.00023049999981594738,,,0.10459644544131912,-0.018554013170963973,0.019979115413192826,,,False,False,False
radial_major_axis,233,anisotropic_chance,False,False,0,0.0030133000000205357,,,0.10459644544131912,-0.018554013170963973,0.019979115413192826,,,False,False,False
radial_major_axis,234,deterministic,True,True,0,0.0024539999994885875,1.6773616862815874,0.31435535684679994,0.10744723861067611,-0.023749363439704935,0.024000108284322884,13.331092046115758,5.331092046115758,False,False,True
radial_major_axis,234,scalar_principal_sigma,False,False,0,0.00023049999981594738,,,0.10744723861067611,-0.023749363439704935,0.024000108284322884,,,False,False,False
radial_major_axis,234,anisotropic_chance,False,False,0,0.0030133000000205357,,,0.10744723861067611,-0.023749363439704935,0.024000108284322884,,,False,False,False
radial_major_axis,235,deterministic,True,True,0,0.0024539999994885875,1.6773616862815874,0.31435535684679994,0.10886271657909197,-0.030467261289668212,0.023473967816287668,18.41059013926475,10.410590139264748,False,False,True
radial_major_axis,235,scalar_principal_sigma,False,False,0,0.00023049999981594738,,,0.10886271657909197,-0.030467261289668212,0.023473967816287668,,,False,False,False
radial_major_axis,235,anisotropic_chance,False,False,0,0.0030133000000205357,,,0.10886271657909197,-0.030467261289668212,0.023473967816287668,,,False,False,False
radial_major_axis,236,deterministic,True,True,0,0.0024539999994885875,1.6773616862815874,0.31435535684679994,0.10699656927483518,-0.022178851371490463,0.02076882833082951,10.002770293236573,2.002770293236573,False,False,True
radial_major_axis,236,scalar_principal_sigma,False,False,0,0.00023049999981594738,,,0.10699656927483518,-0.022178851371490463,0.02076882833082951,,,False,False,False
radial_major_axis,236,anisotropic_chance,False,False,0,0.0030133000000205357,,,0.10699656927483518,-0.022178851371490463,0.02076882833082951,,,False,False,False
radial_major_axis,237,deterministic,True,True,0,0.0024539999994885875,1.6773616862815874,0.31435535684679994,0.1081561052672197,-0.024766723903458687,0.02015367653111884,11.80289225025649,3.8028922502564897,False,False,True
radial_major_axis,237,scalar_principal_sigma,False,False,0,0.00023049999981594738,,,0.1081561052672197,-0.024766723903458687,0.02015367653111884,,,False,False,False
radial_major_axis,237,anisotropic_chance,False,False,0,0.0030133000000205357,,,0.1081561052672197,-0.024766723903458687,0.02015367653111884,,,False,False,False
radial_major_axis,238,deterministic,True,True,0,0.0024539999994885875,1.6773616862815874,0.31435535684679994,0.10342946316994586,-0.014946643990956727,0.02558782954872647,8.517909497118113,0.5179094971181127,False,False,True
radial_major_axis,238,scalar_principal_sigma,False,False,0,0.00023049999981594738,,,0.10342946316994586,-0.014946643990956727,0.02558782954872647,,,False,False,False
radial_major_axis,238,anisotropic_chance,False,False,0,0.0030133000000205357,,,0.10342946316994586,-0.014946643990956727,0.02558782954872647,,,False,False,False
radial_major_axis,239,deterministic,True,True,0,0.0024539999994885875,1.6773616862815874,0.31435535684679994,0.10701330980272533,-0.023685451392203072,0.021115576941930638,11.388202086371352,3.3882020863713525,False,False,True
radial_major_axis,239,scalar_principal_sigma,False,False,0,0.00023049999981594738,,,0.10701330980272533,-0.023685451392203072,0.021115576941930638,,,False,False,False
radial_major_axis,239,anisotropic_chance,False,False,0,0.0030133000000205357,,,0.10701330980272533,-0.023685451392203072,0.021115576941930638,,,False,False,False
radial_major_axis,240,deterministic,True,True,0,0.0024539999994885875,1.6773616862815874,0.31435535684679994,0.10901820614142899,-0.02748648342030067,0.023301800938496438,15.941691113828808,7.941691113828806,False,False,True
radial_major_axis,240,scalar_principal_sigma,False,False,0,0.00023049999981594738,,,0.10901820614142899,-0.02748648342030067,0.023301800938496438,,,False,False,False
radial_major_axis,240,anisotropic_chance,False,False,0,0.0030133000000205357,,,0.10901820614142899,-0.02748648342030067,0.023301800938496438,,,False,False,False
radial_major_axis,241,deterministic,True,True,0,0.0024539999994885875,1.6773616862815874,0.31435535684679994,0.11124827063474366,-0.03359953292203939,0.01865716413372953,19.02536772395968,11.025367723959677,False,False,True
radial_major_axis,241,scalar_principal_sigma,False,False,0,0.00023049999981594738,,,0.11124827063474366,-0.03359953292203939,0.01865716413372953,,,False,False,False
radial_major_axis,241,anisotropic_chance,False,False,0,0.0030133000000205357,,,0.11124827063474366,-0.03359953292203939,0.01865716413372953,,,False,False,False
radial_major_axis,242,deterministic,True,True,0,0.0024539999994885875,1.6773616862815874,0.31435535684679994,0.10703490091621376,-0.021330922154691827,0.022802892787362028,10.712240424727339,2.7122404247273395,False,False,True
radial_major_axis,242,scalar_principal_sigma,False,False,0,0.00023049999981594738,,,0.10703490091621376,-0.021330922154691827,0.022802892787362028,,,False,False,False
radial_major_axis,242,anisotropic_chance,False,False,0,0.0030133000000205357,,,0.10703490091621376,-0.021330922154691827,0.022802892787362028,,,False,False,False
radial_major_axis,243,deterministic,True,True,0,0.0024539999994885875,1.6773616862815874,0.31435535684679994,0.11040470974448259,-0.030837010512070925,0.018288893123967406,16.289102718891037,8.289102718891035,False,False,True
radial_major_axis,243,scalar_principal_sigma,False,False,0,0.00023049999981594738,,,0.11040470974448259,-0.030837010512070925,0.018288893123967406,,,False,False,False
radial_major_axis,243,anisotropic_chance,False,False,0,0.0030133000000205357,,,0.11040470974448259,-0.030837010512070925,0.018288893123967406,,,False,False,False
radial_major_axis,244,deterministic,True,True,0,0.0024539999994885875,1.6773616862815874,0.31435535684679994,0.1076347741883243,-0.02551345096534141,0.0212805821771366,12.997590589104128,4.997590589104128,False,False,True
radial_major_axis,244,scalar_principal_sigma,False,False,0,0.00023049999981594738,,,0.1076347741883243,-0.02551345096534141,0.0212805821771366,,,False,False,False
radial_major_axis,244,anisotropic_chance,False,False,0,0.0030133000000205357,,,0.1076347741883243,-0.02551345096534141,0.0212805821771366,,,False,False,False
radial_major_axis,245,deterministic,True,True,0,0.0024539999994885875,1.6773616862815874,0.31435535684679994,0.10812259570047517,-0.02850112053112363,0.02298861847973914,16.450364311993162,8.45036431199316,False,False,True
radial_major_axis,245,scalar_principal_sigma,False,False,0,0.00023049999981594738,,,0.10812259570047517,-0.02850112053112363,0.02298861847973914,,,False,False,False
radial_major_axis,245,anisotropic_chance,False,False,0,0.0030133000000205357,,,0.10812259570047517,-0.02850112053112363,0.02298861847973914,,,False,False,False
radial_major_axis,246,deterministic,True,True,0,0.0024539999994885875,1.6773616862815874,0.31435535684679994,0.1108404391716082,-0.031848976928349086,0.0187293384804228,17.450074518536084,9.450074518536082,False,False,True
radial_major_axis,246,scalar_principal_sigma,False,False,0,0.00023049999981594738,,,0.1108404391716082,-0.031848976928349086,0.0187293384804228,,,False,False,False
radial_major_axis,246,anisotropic_chance,False,False,0,0.0030133000000205357,,,0.1108404391716082,-0.031848976928349086,0.0187293384804228,,,False,False,False
radial_major_axis,247,deterministic,True,True,0,0.0024539999994885875,1.6773616862815874,0.31435535684679994,0.10825968801363064,-0.021499765149182885,0.01905470413264767,8.574051797714988,0.5740517977149886,False,False,True
radial_major_axis,247,scalar_principal_sigma,False,False,0,0.00023049999981594738,,,0.10825968801363064,-0.021499765149182885,0.01905470413264767,,,False,False,False
radial_major_axis,247,anisotropic_chance,False,False,0,0.0030133000000205357,,,0.10825968801363064,-0.021499765149182885,0.01905470413264767,,,False,False,False
radial_major_axis,248,deterministic,True,True,0,0.0024539999994885875,1.6773616862815874,0.31435535684679994,0.1043730500859531,-0.017681811982560802,0.020823227689533326,6.562231471149633,-1.437768528850367,False,True,False
radial_major_axis,248,scalar_principal_sigma,False,False,0,0.00023049999981594738,,,0.1043730500859531,-0.017681811982560802,0.020823227689533326,,,False,False,False
radial_major_axis,248,anisotropic_chance,False,False,0,0.0030133000000205357,,,0.1043730500859531,-0.017681811982560802,0.020823227689533326,,,False,False,False
radial_major_axis,249,deterministic,True,True,0,0.0024539999994885875,1.6773616862815874,0.31435535684679994,0.10624527284687761,-0.0216002457863487,0.02159380718695647,10.028888915225366,2.0288889152253655,False,False,True
radial_major_axis,249,scalar_principal_sigma,False,False,0,0.00023049999981594738,,,0.10624527284687761,-0.0216002457863487,0.02159380718695647,,,False,False,False
radial_major_axis,249,anisotropic_chance,False,False,0,0.0030133000000205357,,,0.10624527284687761,-0.0216002457863487,0.02159380718695647,,,False,False,False
radial_major_axis,250,deterministic,True,True,0,0.0024539999994885875,1.6773616862815874,0.31435535684679994,0.10618566038547654,-0.01586422386282338,0.020465446806402006,5.155610236244278,-2.8443897637557227,False,True,False
radial_major_axis,250,scalar_principal_sigma,False,False,0,0.00023049999981594738,,,0.10618566038547654,-0.01586422386282338,0.020465446806402006,,,False,False,False
radial_major_axis,250,anisotropic_chance,False,False,0,0.0030133000000205357,,,0.10618566038547654,-0.01586422386282338,0.020465446806402006,,,False,False,False
radial_major_axis,251,deterministic,True,True,0,0.0024539999994885875,1.6773616862815874,0.31435535684679994,0.10574354785762877,-0.016100533605904667,0.022202335540928517,6.579364217787474,-1.4206357822125255,False,True,False
radial_major_axis,251,scalar_principal_sigma,False,False,0,0.00023049999981594738,,,0.10574354785762877,-0.016100533605904667,0.022202335540928517,,,False,False,False
radial_major_axis,251,anisotropic_chance,False,False,0,0.0030133000000205357,,,0.10574354785762877,-0.016100533605904667,0.022202335540928517,,,False,False,False
radial_major_axis,252,deterministic,True,True,0,0.0024539999994885875,1.6773616862815874,0.31435535684679994,0.10959384573601881,-0.03320021209238781,0.019713818588722083,18.786060402295483,10.78606040229548,False,False,True
radial_major_axis,252,scalar_principal_sigma,False,False,0,0.00023049999981594738,,,0.10959384573601881,-0.03320021209238781,0.019713818588722083,,,False,False,False
radial_major_axis,252,anisotropic_chance,False,False,0,0.0030133000000205357,,,0.10959384573601881,-0.03320021209238781,0.019713818588722083,,,False,False,False
radial_major_axis,253,deterministic,True,True,0,0.0024539999994885875,1.6773616862815874,0.31435535684679994,0.10853492980418251,-0.03038477775076762,0.02419964373328339,18.71929669000276,10.719296690002757,False,False,True
radial_major_axis,253,scalar_principal_sigma,False,False,0,0.00023049999981594738,,,0.10853492980418251,-0.03038477775076762,0.02419964373328339,,,False,False,False
radial_major_axis,253,anisotropic_chance,False,False,0,0.0030133000000205357,,,0.10853492980418251,-0.03038477775076762,0.02419964373328339,,,False,False,False
radial_major_axis,254,deterministic,True,True,0,0.0024539999994885875,1.6773616862815874,0.31435535684679994,0.10575272075115574,-0.018900056858827056,0.023712959041681875,9.554842927179138,1.554842927179138,False,False,True
radial_major_axis,254,scalar_principal_sigma,False,False,0,0.00023049999981594738,,,0.10575272075115574,-0.018900056858827056,0.023712959041681875,,,False,False,False
radial_major_axis,254,anisotropic_chance,False,False,0,0.0030133000000205357,,,0.10575272075115574,-0.018900056858827056,0.023712959041681875,,,False,False,False
radial_major_axis,255,deterministic,True,True,0,0.0024539999994885875,1.6773616862815874,0.31435535684679994,0.10847070059485944,-0.02546712483219218,0.020846758378377062,12.810070832512537,4.810070832512536,False,False,True
radial_major_axis,255,scalar_principal_sigma,False,False,0,0.00023049999981594738,,,0.10847070059485944,-0.02546712483219218,0.020846758378377062,,,False,False,False
radial_major_axis,255,anisotropic_chance,False,False,0,0.0030133000000205357,,,0.10847070059485944,-0.02546712483219218,0.020846758378377062,,,False,False,False
radial_major_axis,256,deterministic,True,True,0,0.0024539999994885875,1.6773616862815874,0.31435535684679994,0.11268992379143816,-0.03769081135645733,0.022554509244144833,24.629413446572595,16.629413446572595,False,False,True
radial_major_axis,256,scalar_principal_sigma,False,False,0,0.00023049999981594738,,,0.11268992379143816,-0.03769081135645733,0.022554509244144833,,,False,False,False
radial_major_axis,256,anisotropic_chance,False,False,0,0.0030133000000205357,,,0.11268992379143816,-0.03769081135645733,0.022554509244144833,,,False,False,False
radial_major_axis,257,deterministic,True,True,0,0.0024539999994885875,1.6773616862815874,0.31435535684679994,0.11039433980010664,-0.03203610623320387,0.023404822789869887,19.878439660979645,11.878439660979641,False,False,True
radial_major_axis,257,scalar_principal_sigma,False,False,0,0.00023049999981594738,,,0.11039433980010664,-0.03203610623320387,0.023404822789869887,,,False,False,False
radial_major_axis,257,anisotropic_chance,False,False,0,0.0030133000000205357,,,0.11039433980010664,-0.03203610623320387,0.023404822789869887,,,False,False,False
radial_major_axis,258,deterministic,True,True,0,0.0024539999994885875,1.6773616862815874,0.31435535684679994,0.10549976421111411,-0.020516362503374748,0.021169995773987912,8.890262168303904,0.8902621683039031,False,False,True
radial_major_axis,258,scalar_principal_sigma,False,False,0,0.00023049999981594738,,,0.10549976421111411,-0.020516362503374748,0.021169995773987912,,,False,False,False
radial_major_axis,258,anisotropic_chance,False,False,0,0.0030133000000205357,,,0.10549976421111411,-0.020516362503374748,0.021169995773987912,,,False,False,False
radial_major_axis,259,deterministic,True,True,0,0.0024539999994885875,1.6773616862815874,0.31435535684679994,0.10733847539900875,-0.022320811198661375,0.024334960055371405,12.508130017834468,4.508130017834468,False,False,True
radial_major_axis,259,scalar_principal_sigma,False,False,0,0.00023049999981594738,,,0.10733847539900875,-0.022320811198661375,0.024334960055371405,,,False,False,False
radial_major_axis,259,anisotropic_chance,False,False,0,0.0030133000000205357,,,0.10733847539900875,-0.022320811198661375,0.024334960055371405,,,False,False,False
radial_major_axis,260,deterministic,True,True,0,0.0024539999994885875,1.6773616862815874,0.31435535684679994,0.1122681242870267,-0.02652722728900725,0.016347949010171822,12.083218983349282,4.083218983349282,False,False,True
radial_major_axis,260,scalar_principal_sigma,False,False,0,0.00023049999981594738,,,0.1122681242870267,-0.02652722728900725,0.016347949010171822,,,False,False,False
radial_major_axis,260,anisotropic_chance,False,False,0,0.0030133000000205357,,,0.1122681242870267,-0.02652722728900725,0.016347949010171822,,,False,False,False
radial_major_axis,261,deterministic,True,True,0,0.0024539999994885875,1.6773616862815874,0.31435535684679994,0.09815001925565575,0.0048699363412592,0.019468646284609537,-8.026323646656092,-16.026323646656092,True,True,False
radial_major_axis,261,scalar_principal_sigma,False,False,0,0.00023049999981594738,,,0.09815001925565575,0.0048699363412592,0.019468646284609537,,,False,False,False
radial_major_axis,261,anisotropic_chance,False,False,0,0.0030133000000205357,,,0.09815001925565575,0.0048699363412592,0.019468646284609537,,,False,False,False
radial_major_axis,262,deterministic,True,True,0,0.0024539999994885875,1.6773616862815874,0.31435535684679994,0.10611499084820139,-0.020332545813746675,0.01967647501357912,7.813596143746086,-0.18640385625391492,False,True,False
radial_major_axis,262,scalar_principal_sigma,False,False,0,0.00023049999981594738,,,0.10611499084820139,-0.020332545813746675,0.01967647501357912,,,False,False,False
radial_major_axis,262,anisotropic_chance,False,False,0,0.0030133000000205357,,,0.10611499084820139,-0.020332545813746675,0.01967647501357912,,,False,False,False
radial_major_axis,263,deterministic,True,True,0,0.0024539999994885875,1.6773616862815874,0.31435535684679994,0.1097068999026625,-0.022663828007440594,0.021042654008593436,10.934890650025263,2.9348906500252636,False,False,True
radial_major_axis,263,scalar_principal_sigma,False,False,0,0.00023049999981594738,,,0.1097068999026625,-0.022663828007440594,0.021042654008593436,,,False,False,False
radial_major_axis,263,anisotropic_chance,False,False,0,0.0030133000000205357,,,0.1097068999026625,-0.022663828007440594,0.021042654008593436,,,False,False,False
radial_major_axis,264,deterministic,True,True,0,0.0024539999994885875,1.6773616862815874,0.31435535684679994,0.10694140132368973,-0.019415820893996818,0.022121470693375556,8.862725735109324,0.862725735109324,False,False,True
radial_major_axis,264,scalar_principal_sigma,False,False,0,0.00023049999981594738,,,0.10694140132368973,-0.019415820893996818,0.022121470693375556,,,False,False,False
radial_major_axis,264,anisotropic_chance,False,False,0,0.0030133000000205357,,,0.10694140132368973,-0.019415820893996818,0.022121470693375556,,,False,False,False
radial_major_axis,265,deterministic,True,True,0,0.0024539999994885875,1.6773616862815874,0.31435535684679994,0.10538541367799731,-0.017236440628795043,0.02097025281005446,6.397263113017774,-1.602736886982226,False,True,False
radial_major_axis,265,scalar_principal_sigma,False,False,0,0.00023049999981594738,,,0.10538541367799731,-0.017236440628795043,0.02097025281005446,,,False,False,False
radial_major_axis,265,anisotropic_chance,False,False,0,0.0030133000000205357,,,0.10538541367799731,-0.017236440628795043,0.02097025281005446,,,False,False,False
radial_major_axis,266,deterministic,True,True,0,0.0024539999994885875,1.6773616862815874,0.31435535684679994,0.11190824267729614,-0.03630287036262085,0.022474234390468646,23.251063395056857,15.251063395056855,False,False,True
radial_major_axis,266,scalar_principal_sigma,False,False,0,0.00023049999981594738,,,0.11190824267729614,-0.03630287036262085,0.022474234390468646,,,False,False,False
radial_major_axis,266,anisotropic_chance,False,False,0,0.0030133000000205357,,,0.11190824267729614,-0.03630287036262085,0.022474234390468646,,,False,False,False
radial_major_axis,267,deterministic,True,True,0,0.0024539999994885875,1.6773616862815874,0.31435535684679994,0.10741217315720963,-0.021466190616988904,0.018740133034932438,8.242420359775336,0.24242035977533638,False,False,True
radial_major_axis,267,scalar_principal_sigma,False,False,0,0.00023049999981594738,,,0.10741217315720963,-0.021466190616988904,0.018740133034932438,,,False,False,False
radial_major_axis,267,anisotropic_chance,False,False,0,0.0030133000000205357,,,0.10741217315720963,-0.021466190616988904,0.018740133034932438,,,False,False,False
radial_major_axis,268,deterministic,True,True,0,0.0024539999994885875,1.6773616862815874,0.31435535684679994,0.10241268928226363,-0.010418483800923205,0.020196173122789655,1.499672385378346,-6.500327614621654,False,True,False
radial_major_axis,268,scalar_principal_sigma,False,False,0,0.00023049999981594738,,,0.10241268928226363,-0.010418483800923205,0.020196173122789655,,,False,False,False
radial_major_axis,268,anisotropic_chance,False,False,0,0.0030133000000205357,,,0.10241268928226363,-0.010418483800923205,0.020196173122789655,,,False,False,False
radial_major_axis,269,deterministic,True,True,0,0.0024539999994885875,1.6773616862815874,0.31435535684679994,0.10421652741315889,-0.01539078088816702,0.021125944780535023,5.235527176007877,-2.7644728239921235,False,True,False
radial_major_axis,269,scalar_principal_sigma,False,False,0,0.00023049999981594738,,,0.10421652741315889,-0.01539078088816702,0.021125944780535023,,,False,False,False
radial_major_axis,269,anisotropic_chance,False,False,0,0.0030133000000205357,,,0.10421652741315889,-0.01539078088816702,0.021125944780535023,,,False,False,False
radial_major_axis,270,deterministic,True,True,0,0.0024539999994885875,1.6773616862815874,0.31435535684679994,0.10583765349463296,-0.019268537370361345,0.02400575263063352,10.023976765602157,2.0239767656021566,False,False,True
radial_major_axis,270,scalar_principal_sigma,False,False,0,0.00023049999981594738,,,0.10583765349463296,-0.019268537370361345,0.02400575263063352,,,False,False,False
radial_major_axis,270,anisotropic_chance,False,False,0,0.0030133000000205357,,,0.10583765349463296,-0.019268537370361345,0.02400575263063352,,,False,False,False
radial_major_axis,271,deterministic,True,True,0,0.0024539999994885875,1.6773616862815874,0.31435535684679994,0.10513212823187071,-0.020277866783056528,0.019868353169801064,7.83461734800806,-0.16538265199193997,False,True,False
radial_major_axis,271,scalar_principal_sigma,False,False,0,0.00023049999981594738,,,0.10513212823187071,-0.020277866783056528,0.019868353169801064,,,False,False,False
radial_major_axis,271,anisotropic_chance,False,False,0,0.0030133000000205357,,,0.10513212823187071,-0.020277866783056528,0.019868353169801064,,,False,False,False
radial_major_axis,272,deterministic,True,True,0,0.0024539999994885875,1.6773616862815874,0.31435535684679994,0.11107625213225708,-0.03548037789135137,0.020454084067227245,21.42534774918909,13.425347749189088,False,False,True
radial_major_axis,272,scalar_principal_sigma,False,False,0,0.00023049999981594738,,,0.11107625213225708,-0.03548037789135137,0.020454084067227245,,,False,False,False
radial_major_axis,272,anisotropic_chance,False,False,0,0.0030133000000205357,,,0.11107625213225708,-0.03548037789135137,0.020454084067227245,,,False,False,False
radial_major_axis,273,deterministic,True,True,0,0.0024539999994885875,1.6773616862815874,0.31435535684679994,0.10330076565623005,-0.00879807607747429,0.018700072528415004,-0.6681970900621493,-8.668197090062149,True,True,False
radial_major_axis,273,scalar_principal_sigma,False,False,0,0.00023049999981594738,,,0.10330076565623005,-0.00879807607747429,0.018700072528415004,,,False,False,False
radial_major_axis,273,anisotropic_chance,False,False,0,0.0030133000000205357,,,0.10330076565623005,-0.00879807607747429,0.018700072528415004,,,False,False,False
radial_major_axis,274,deterministic,True,True,0,0.0024539999994885875,1.6773616862815874,0.31435535684679994,0.1092465981085855,-0.030089032881733785,0.01918619426290719,15.864068232274189,7.864068232274186,False,False,True
radial_major_axis,274,scalar_principal_sigma,False,False,0,0.00023049999981594738,,,0.1092465981085855,-0.030089032881733785,0.01918619426290719,,,False,False,False
radial_major_axis,274,anisotropic_chance,False,False,0,0.0030133000000205357,,,0.1092465981085855,-0.030089032881733785,0.01918619426290719,,,False,False,False
radial_major_axis,275,deterministic,True,True,0,0.0024539999994885875,1.6773616862815874,0.31435535684679994,0.1153957599963151,-0.04498085452420011,0.02485539175757273,32.5486681805613,24.548668180561297,False,False,True
radial_major_axis,275,scalar_principal_sigma,False,False,0,0.00023049999981594738,,,0.1153957599963151,-0.04498085452420011,0.02485539175757273,,,False,False,False
radial_major_axis,275,anisotropic_chance,False,False,0,0.0030133000000205357,,,0.1153957599963151,-0.04498085452420011,0.02485539175757273,,,False,False,False
radial_major_axis,276,deterministic,True,True,0,0.0024539999994885875,1.6773616862815874,0.31435535684679994,0.1115444807445584,-0.03762196289650445,0.019035793591312605,22.71554146408912,14.715541464089117,False,False,True
radial_major_axis,276,scalar_principal_sigma,False,False,0,0.00023049999981594738,,,0.1115444807445584,-0.03762196289650445,0.019035793591312605,,,False,False,False
radial_major_axis,276,anisotropic_chance,False,False,0,0.0030133000000205357,,,0.1115444807445584,-0.03762196289650445,0.019035793591312605,,,False,False,False
radial_major_axis,277,deterministic,True,True,0,0.0024539999994885875,1.6773616862815874,0.31435535684679994,0.11127956824455455,-0.03488964936297228,0.023892810087205996,22.653889390366437,14.653889390366436,False,False,True
radial_major_axis,277,scalar_principal_sigma,False,False,0,0.00023049999981594738,,,0.11127956824455455,-0.03488964936297228,0.023892810087205996,,,False,False,False
radial_major_axis,277,anisotropic_chance,False,False,0,0.0030133000000205357,,,0.11127956824455455,-0.03488964936297228,0.023892810087205996,,,False,False,False
radial_major_axis,278,deterministic,True,True,0,0.0024539999994885875,1.6773616862815874,0.31435535684679994,0.10919317012330822,-0.023512622435614423,0.020052731116688524,10.900374871618267,2.9003748716182662,False,False,True
radial_major_axis,278,scalar_principal_sigma,False,False,0,0.00023049999981594738,,,0.10919317012330822,-0.023512622435614423,0.020052731116688524,,,False,False,False
radial_major_axis,278,anisotropic_chance,False,False,0,0.0030133000000205357,,,0.10919317012330822,-0.023512622435614423,0.020052731116688524,,,False,False,False
radial_major_axis,279,deterministic,True,True,0,0.0024539999994885875,1.6773616862815874,0.31435535684679994,0.10419203886813326,-0.01401726375353444,0.023148185654455936,5.9862600753875,-2.0137399246125,False,True,False
radial_major_axis,279,scalar_principal_sigma,False,False,0,0.00023049999981594738,,,0.10419203886813326,-0.01401726375353444,0.023148185654455936,,,False,False,False
radial_major_axis,279,anisotropic_chance,False,False,0,0.0030133000000205357,,,0.10419203886813326,-0.01401726375353444,0.023148185654455936,,,False,False,False
radial_major_axis,280,deterministic,True,True,0,0.0024539999994885875,1.6773616862815874,0.31435535684679994,0.10481960456256213,-0.015491324262583804,0.019939527384160688,4.428419977339627,-3.571580022660373,False,True,False
radial_major_axis,280,scalar_principal_sigma,False,False,0,0.00023049999981594738,,,0.10481960456256213,-0.015491324262583804,0.019939527384160688,,,False,False,False
radial_major_axis,280,anisotropic_chance,False,False,0,0.0030133000000205357,,,0.10481960456256213,-0.015491324262583804,0.019939527384160688,,,False,False,False
radial_major_axis,281,deterministic,True,True,0,0.0024539999994885875,1.6773616862815874,0.31435535684679994,0.10504315175792533,-0.013253514431821661,0.020789979460576227,3.660821140695729,-4.339178859304271,False,True,False
radial_major_axis,281,scalar_principal_sigma,False,False,0,0.00023049999981594738,,,0.10504315175792533,-0.013253514431821661,0.020789979460576227,,,False,False,False
radial_major_axis,281,anisotropic_chance,False,False,0,0.0030133000000205357,,,0.10504315175792533,-0.013253514431821661,0.020789979460576227,,,False,False,False
radial_major_axis,282,deterministic,True,True,0,0.0024539999994885875,1.6773616862815874,0.31435535684679994,0.10767311451293893,-0.022957586136267565,0.01769327018741875,8.873979858454181,0.8739798584541815,False,False,True
radial_major_axis,282,scalar_principal_sigma,False,False,0,0.00023049999981594738,,,0.10767311451293893,-0.022957586136267565,0.01769327018741875,,,False,False,False
radial_major_axis,282,anisotropic_chance,False,False,0,0.0030133000000205357,,,0.10767311451293893,-0.022957586136267565,0.01769327018741875,,,False,False,False
radial_major_axis,283,deterministic,True,True,0,0.0024539999994885875,1.6773616862815874,0.31435535684679994,0.10553868609293798,-0.019615342505570232,0.019477237605473662,7.099761392410664,-0.9002386075893358,False,True,False
radial_major_axis,283,scalar_principal_sigma,False,False,0,0.00023049999981594738,,,0.10553868609293798,-0.019615342505570232,0.019477237605473662,,,False,False,False
radial_major_axis,283,anisotropic_chance,False,False,0,0.0030133000000205357,,,0.10553868609293798,-0.019615342505570232,0.019477237605473662,,,False,False,False
radial_major_axis,284,deterministic,True,True,0,0.0024539999994885875,1.6773616862815874,0.31435535684679994,0.10413924577697832,-0.0212399836568073,0.022962463867615454,10.552258369492659,2.552258369492659,False,False,True
radial_major_axis,284,scalar_principal_sigma,False,False,0,0.00023049999981594738,,,0.10413924577697832,-0.0212399836568073,0.022962463867615454,,,False,False,False
radial_major_axis,284,anisotropic_chance,False,False,0,0.0030133000000205357,,,0.10413924577697832,-0.0212399836568073,0.022962463867615454,,,False,False,False
radial_major_axis,285,deterministic,True,True,0,0.0024539999994885875,1.6773616862815874,0.31435535684679994,0.10810884339038229,-0.029791621010495244,0.023987855934530334,18.06987554963959,10.069875549639589,False,False,True
radial_major_axis,285,scalar_principal_sigma,False,False,0,0.00023049999981594738,,,0.10810884339038229,-0.029791621010495244,0.023987855934530334,,,False,False,False
radial_major_axis,285,anisotropic_chance,False,False,0,0.0030133000000205357,,,0.10810884339038229,-0.029791621010495244,0.023987855934530334,,,False,False,False
radial_major_axis,286,deterministic,True,True,0,0.0024539999994885875,1.6773616862815874,0.31435535684679994,0.11188146184396072,-0.035645368529332186,0.02137662757304291,22.15899760497507,14.158997604975069,False,False,True
radial_major_axis,286,scalar_principal_sigma,False,False,0,0.00023049999981594738,,,0.11188146184396072,-0.035645368529332186,0.02137662757304291,,,False,False,False
radial_major_axis,286,anisotropic_chance,False,False,0,0.0030133000000205357,,,0.11188146184396072,-0.035645368529332186,0.02137662757304291,,,False,False,False
radial_major_axis,287,deterministic,True,True,0,0.0024539999994885875,1.6773616862815874,0.31435535684679994,0.10850078898411002,-0.02609114103935652,0.02104599053485303,13.430911623805475,5.430911623805474,False,False,True
radial_major_axis,287,scalar_principal_sigma,False,False,0,0.00023049999981594738,,,0.10850078898411002,-0.02609114103935652,0.02104599053485303,,,False,False,False
radial_major_axis,287,anisotropic_chance,False,False,0,0.0030133000000205357,,,0.10850078898411002,-0.02609114103935652,0.02104599053485303,,,False,False,False
radial_major_axis,288,deterministic,True,True,0,0.0024539999994885875,1.6773616862815874,0.31435535684679994,0.11822973179819958,-0.05433248560413904,0.020078898627888912,39.72482427695699,31.724824276956983,False,False,True
radial_major_axis,288,scalar_principal_sigma,False,False,0,0.00023049999981594738,,,0.11822973179819958,-0.05433248560413904,0.020078898627888912,,,False,False,False
radial_major_axis,288,anisotropic_chance,False,False,0,0.0030133000000205357,,,0.11822973179819958,-0.05433248560413904,0.020078898627888912,,,False,False,False
radial_major_axis,289,deterministic,True,True,0,0.0024539999994885875,1.6773616862815874,0.31435535684679994,0.1115347408518834,-0.03556967862823636,0.020076587657515032,21.434978782866107,13.434978782866104,False,False,True
radial_major_axis,289,scalar_principal_sigma,False,False,0,0.00023049999981594738,,,0.1115347408518834,-0.03556967862823636,0.020076587657515032,,,False,False,False
radial_major_axis,289,anisotropic_chance,False,False,0,0.0030133000000205357,,,0.1115347408518834,-0.03556967862823636,0.020076587657515032,,,False,False,False
radial_major_axis,290,deterministic,True,True,0,0.0024539999994885875,1.6773616862815874,0.31435535684679994,0.10603277387609568,-0.015127139185624921,0.01738549899601676,2.425518428032762,-5.5744815719672385,False,True,False
radial_major_axis,290,scalar_principal_sigma,False,False,0,0.00023049999981594738,,,0.10603277387609568,-0.015127139185624921,0.01738549899601676,,,False,False,False
radial_major_axis,290,anisotropic_chance,False,False,0,0.0030133000000205357,,,0.10603277387609568,-0.015127139185624921,0.01738549899601676,,,False,False,False
radial_major_axis,291,deterministic,True,True,0,0.0024539999994885875,1.6773616862815874,0.31435535684679994,0.11091707778150332,-0.031147159079315742,0.021825171044801025,18.38719190457377,10.387191904573765,False,False,True
radial_major_axis,291,scalar_principal_sigma,False,False,0,0.00023049999981594738,,,0.11091707778150332,-0.031147159079315742,0.021825171044801025,,,False,False,False
radial_major_axis,291,anisotropic_chance,False,False,0,0.0030133000000205357,,,0.11091707778150332,-0.031147159079315742,0.021825171044801025,,,False,False,False
radial_major_axis,292,deterministic,True,True,0,0.0024539999994885875,1.6773616862815874,0.31435535684679994,0.11190789324831513,-0.0283428856592348,0.01962088996720616,15.113678102909338,7.113678102909337,False,False,True
radial_major_axis,292,scalar_principal_sigma,False,False,0,0.00023049999981594738,,,0.11190789324831513,-0.0283428856592348,0.01962088996720616,,,False,False,False
radial_major_axis,292,anisotropic_chance,False,False,0,0.0030133000000205357,,,0.11190789324831513,-0.0283428856592348,0.01962088996720616,,,False,False,False
radial_major_axis,293,deterministic,True,True,0,0.0024539999994885875,1.6773616862815874,0.31435535684679994,0.1121107412136449,-0.03513800474329799,0.02524444748822391,23.723779529458344,15.723779529458346,False,False,True
radial_major_axis,293,scalar_principal_sigma,False,False,0,0.00023049999981594738,,,0.1121107412136449,-0.03513800474329799,0.02524444748822391,,,False,False,False
radial_major_axis,293,anisotropic_chance,False,False,0,0.0030133000000205357,,,0.1121107412136449,-0.03513800474329799,0.02524444748822391,,,False,False,False
radial_major_axis,294,deterministic,True,True,0,0.0024539999994885875,1.6773616862815874,0.31435535684679994,0.10456759469692108,-0.020038039220370393,0.02159108294945305,8.786769799920739,0.7867697999207387,False,False,True
radial_major_axis,294,scalar_principal_sigma,False,False,0,0.00023049999981594738,,,0.10456759469692108,-0.020038039220370393,0.02159108294945305,,,False,False,False
radial_major_axis,294,anisotropic_chance,False,False,0,0.0030133000000205357,,,0.10456759469692108,-0.020038039220370393,0.02159108294945305,,,False,False,False
radial_major_axis,295,deterministic,True,True,0,0.0024539999994885875,1.6773616862815874,0.31435535684679994,0.10372775750150769,-0.013139003304988153,0.018023645440427692,1.412682555303491,-6.5873174446965095,False,True,False
radial_major_axis,295,scalar_principal_sigma,False,False,0,0.00023049999981594738,,,0.10372775750150769,-0.013139003304988153,0.018023645440427692,,,False,False,False
radial_major_axis,295,anisotropic_chance,False,False,0,0.0030133000000205357,,,0.10372775750150769,-0.013139003304988153,0.018023645440427692,,,False,False,False
radial_major_axis,296,deterministic,True,True,0,0.0024539999994885875,1.6773616862815874,0.31435535684679994,0.10681340471824406,-0.02251162764384303,0.024676567491538123,12.83056657608001,4.83056657608001,False,False,True
radial_major_axis,296,scalar_principal_sigma,False,False,0,0.00023049999981594738,,,0.10681340471824406,-0.02251162764384303,0.024676567491538123,,,False,False,False
radial_major_axis,296,anisotropic_chance,False,False,0,0.0030133000000205357,,,0.10681340471824406,-0.02251162764384303,0.024676567491538123,,,False,False,False
radial_major_axis,297,deterministic,True,True,0,0.0024539999994885875,1.6773616862815874,0.31435535684679994,0.1105830511869598,-0.030382104027722,0.018470990150332427,16.01077177159474,8.010771771594738,False,False,True
radial_major_axis,297,scalar_principal_sigma,False,False,0,0.00023049999981594738,,,0.1105830511869598,-0.030382104027722,0.018470990150332427,,,False,False,False
radial_major_axis,297,anisotropic_chance,False,False,0,0.0030133000000205357,,,0.1105830511869598,-0.030382104027722,0.018470990150332427,,,False,False,False
radial_major_axis,298,deterministic,True,True,0,0.0024539999994885875,1.6773616862815874,0.31435535684679994,0.10971065980275575,-0.03556479535111811,0.02076704898965886,21.313377387188797,13.313377387188794,False,False,True
radial_major_axis,298,scalar_principal_sigma,False,False,0,0.00023049999981594738,,,0.10971065980275575,-0.03556479535111811,0.02076704898965886,,,False,False,False
radial_major_axis,298,anisotropic_chance,False,False,0,0.0030133000000205357,,,0.10971065980275575,-0.03556479535111811,0.02076704898965886,,,False,False,False
radial_major_axis,299,deterministic,True,True,0,0.0024539999994885875,1.6773616862815874,0.31435535684679994,0.10962235117976579,-0.03355772507848884,0.023118486393366326,20.870932253658296,12.870932253658296,False,False,True
radial_major_axis,299,scalar_principal_sigma,False,False,0,0.00023049999981594738,,,0.10962235117976579,-0.03355772507848884,0.023118486393366326,,,False,False,False
radial_major_axis,299,anisotropic_chance,False,False,0,0.0030133000000205357,,,0.10962235117976579,-0.03355772507848884,0.023118486393366326,,,False,False,False
