scenario_id,scenario_name,repetition,initial_seed,final_seed,movement_weight,generic_candidate_index,task_candidate_index,different_candidate,generic_camera_movement,task_camera_movement,generic_localisation_error,task_localisation_error,generic_predicted_sigma,task_predicted_sigma,generic_scene_information,task_generic_scene_information,generic_task_scene_information,task_task_scene_information,generic_alignment,task_alignment,generic_score,task_score
0,baseline,0,20261000,30261000,0.0,23,17,True,0.09404347753675714,0.2870141008899879,0.03971398609357748,0.004233758360161918,0.026062729543903332,0.003170134643112564,0.9958614059552722,0.9907807385957408,0.9924848920438344,0.983259110707565,0.9888736951741227,0.999124266970088,0.9958614059552722,1.9823833776776532
0,baseline,0,20261000,30261000,0.025,11,23,True,0.07304428217894189,0.09404347753675714,0.03970895470881244,0.03971398609357748,0.02605721640779876,0.026062729543903332,0.9948635495203483,0.9958614059552722,0.9906729243194906,0.9924848920438344,0.9865232998845183,0.9888736951741227,0.9905539767329775,1.9757281726002127
0,baseline,0,20261000,30261000,0.05,0,23,True,0.004529219444194223,0.09404347753675714,0.03970910747123983,0.03971398609357748,0.026057383797114673,0.026062729543903332,0.9871157593007586,0.9958614059552722,0.9766040208965723,0.9924848920438344,0.9425007657542485,0.9888736951741227,0.9871157593007586,1.9700977579824683
0,baseline,0,20261000,30261000,0.075,0,23,True,0.004529219444194223,0.09404347753675714,0.03970910747123983,0.03971398609357748,0.026057383797114673,0.026062729543903332,0.9871157593007586,0.9958614059552722,0.9766040208965723,0.9924848920438344,0.9425007657542485,0.9888736951741227,0.9871157593007586,1.9644673433647242
0,baseline,0,20261000,30261000,0.1,0,11,True,0.004529219444194223,0.07304428217894189,0.03970910747123983,0.03970895470881244,0.026057383797114673,0.02605721640779876,0.9871157593007586,0.9948635495203483,0.9766040208965723,0.9906729243194906,0.9425007657542485,0.9865232998845183,0.9871157593007586,1.9599579330545258
0,baseline,0,20261000,30261000,0.15,0,11,True,0.004529219444194223,0.07304428217894189,0.03970910747123983,0.03970895470881244,0.026057383797114673,0.02605721640779876,0.9871157593007586,0.9948635495203483,0.9766040208965723,0.9906729243194906,0.9425007657542485,0.9865232998845183,0.9871157593007586,1.9513387874797843
0,baseline,0,20261000,30261000,0.2,0,11,True,0.004529219444194223,0.07304428217894189,0.03970910747123983,0.03970895470881244,0.026057383797114673,0.02605721640779876,0.9871157593007586,0.9948635495203483,0.9766040208965723,0.9906729243194906,0.9425007657542485,0.9865232998845183,0.9871157593007586,1.9427196419050425
0,baseline,0,20261000,30261000,0.25,0,11,True,0.004529219444194223,0.07304428217894189,0.03970910747123983,0.03970895470881244,0.026057383797114673,0.02605721640779876,0.9871157593007586,0.9948635495203483,0.9766040208965723,0.9906729243194906,0.9425007657542485,0.9865232998845183,0.9871157593007586,1.934100496330301
0,baseline,0,20261000,30261000,0.5,0,0,False,0.004529219444194223,0.004529219444194223,0.03970910747123983,0.03970910747123983,0.026057383797114673,0.026057383797114673,0.9871157593007586,0.9871157593007586,0.9766040208965723,0.9766040208965723,0.9425007657542485,0.9425007657542485,0.9871157593007586,1.9191047866508208
0,baseline,0,20261000,30261000,1.0,0,0,False,0.004529219444194223,0.004529219444194223,0.03970910747123983,0.03970910747123983,0.026057383797114673,0.026057383797114673,0.9871157593007586,0.9871157593007586,0.9766040208965723,0.9766040208965723,0.9425007657542485,0.9425007657542485,0.9871157593007586,1.9191047866508208
0,baseline,1,20261001,30261001,0.0,23,59,True,0.0896561099598198,0.11505757290132436,0.07258734130913566,0.007493560606599152,0.026021623644606497,0.0032986269964664864,0.9698216448014962,0.75,0.9436782490471324,0.9665740609652249,0.9969485701190639,0.998736533935227,0.9698216448014962,1.965310594900452
0,baseline,1,20261001,30261001,0.025,23,59,True,0.0896561099598198,0.11505757290132436,0.07258734130913566,0.007493560606599152,0.026021623644606497,0.0032986269964664864,0.9698216448014962,0.75,0.9436782490471324,0.9665740609652249,0.9969485701190639,0.998736533935227,0.9643099590454184,1.9582027007554574
0,baseline,1,20261001,30261001,0.05,23,59,True,0.0896561099598198,0.11505757290132436,0.07258734130913566,0.007493560606599152,0.026021623644606497,0.0032986269964664864,0.9698216448014962,0.75,0.9436782490471324,0.9665740609652249,0.9969485701190639,0.998736533935227,0.9587982732893404,1.951094806610463
0,baseline,1,20261001,30261001,0.075,23,59,True,0.0896561099598198,0.11505757290132436,0.07258734130913566,0.007493560606599152,0.026021623644606497,0.0032986269964664864,0.9698216448014962,0.75,0.9436782490471324,0.9665740609652249,0.9969485701190639,0.998736533935227,0.9532865875332626,1.9439869124654685
0,baseline,1,20261001,30261001,0.1,23,59,True,0.0896561099598198,0.11505757290132436,0.07258734130913566,0.007493560606599152,0.026021623644606497,0.0032986269964664864,0.9698216448014962,0.75,0.9436782490471324,0.9665740609652249,0.9969485701190639,0.998736533935227,0.9477749017771846,1.936879018320474
0,baseline,1,20261001,30261001,0.15,23,59,True,0.0896561099598198,0.11505757290132436,0.07258734130913566,0.007493560606599152,0.026021623644606497,0.0032986269964664864,0.9698216448014962,0.75,0.9436782490471324,0.9665740609652249,0.9969485701190639,0.998736533935227,0.9367515302650289,1.9226632300304853
0,baseline,1,20261001,30261001,0.2,23,59,True,0.0896561099598198,0.11505757290132436,0.07258734130913566,0.007493560606599152,0.026021623644606497,0.0032986269964664864,0.9698216448014962,0.75,0.9436782490471324,0.9665740609652249,0.9969485701190639,0.998736533935227,0.9257281587528731,1.9084474417404964
0,baseline,1,20261001,30261001,0.25,23,59,True,0.0896561099598198,0.11505757290132436,0.07258734130913566,0.007493560606599152,0.026021623644606497,0.0032986269964664864,0.9698216448014962,0.75,0.9436782490471324,0.9665740609652249,0.9969485701190639,0.998736533935227,0.9147047872407172,1.8942316534505075
0,baseline,1,20261001,30261001,0.5,23,23,False,0.0896561099598198,0.0896561099598198,0.07258734130913566,0.07258734130913566,0.026021623644606497,0.026021623644606497,0.9698216448014962,0.9698216448014962,0.9436782490471324,0.9436782490471324,0.9969485701190639,0.9969485701190639,0.8595879296799382,1.8303931040446382
0,baseline,1,20261001,30261001,1.0,0,23,True,0.0019452055125237344,0.0896561099598198,0.07259241636263582,0.07258734130913566,0.026025153622157814,0.026021623644606497,0.7550328962681508,0.9698216448014962,0.5428188144357666,0.9436782490471324,0.9664088902726675,0.9969485701190639,0.7550328962681508,1.7201593889230802
0,baseline,2,20261002,30261002,0.0,3,3,False,0.20096909579708905,0.20096909579708905,0.0031053944822485883,0.0031053944822485883,0.003036941492440329,0.003036941492440329,0.983315294253607,0.983315294253607,0.9989391613270608,0.9989391613270608,0.9999570225582417,0.9999570225582417,0.983315294253607,1.9988961838853025
0,baseline,2,20261002,30261002,0.025,3,1,True,0.20096909579708905,0.07488177769786852,0.0031053944822485883,0.0031650950983752937,0.003036941492440329,0.0033178069370034657,0.983315294253607,0.9715408752257546,0.9989391613270608,0.9981905260651631,0.9999570225582417,0.9973662520353549,0.9708524062254228,1.991002736666459
0,baseline,2,20261002,30261002,0.05,1,1,False,0.07488177769786852,0.07488177769786852,0.0031650950983752937,0.0031650950983752937,0.0033178069370034657,0.0033178069370034657,0.9715408752257546,0.9715408752257546,0.9981905260651631,0.9981905260651631,0.9973662520353549,0.9973662520353549,0.962432792357637,1.9864486952324003
0,baseline,2,20261002,30261002,0.075,1,1,False,0.07488177769786852,0.07488177769786852,0.0031650950983752937,0.0031650950983752937,0.0033178069370034657,0.0033178069370034657,0.9715408752257546,0.9715408752257546,0.9981905260651631,0.9981905260651631,0.9973662520353549,0.9973662520353549,0.9578787509235782,1.9818946537983415
0,baseline,2,20261002,30261002,0.1,1,1,False,0.07488177769786852,0.07488177769786852,0.0031650950983752937,0.0031650950983752937,0.0033178069370034657,0.0033178069370034657,0.9715408752257546,0.9715408752257546,0.9981905260651631,0.9981905260651631,0.9973662520353549,0.9973662520353549,0.9533247094895194,1.9773406123642827
0,baseline,2,20261002,30261002,0.15,1,1,False,0.07488177769786852,0.07488177769786852,0.0031650950983752937,0.0031650950983752937,0.0033178069370034657,0.0033178069370034657,0.9715408752257546,0.9715408752257546,0.9981905260651631,0.9981905260651631,0.9973662520353549,0.9973662520353549,0.9442166266214017,1.9682325294961651
0,baseline,2,20261002,30261002,0.2,1,0,True,0.07488177769786852,0.0022786662201824547,0.0031650950983752937,0.009073628813706101,0.0033178069370034657,0.026024868284029085,0.9715408752257546,0.49999999999999983,0.9981905260651631,0.9682092483660191,0.9973662520353549,0.9947745596044723,0.9351085437532841,1.9629838079704913
0,baseline,2,20261002,30261002,0.25,1,0,True,0.07488177769786852,0.0022786662201824547,0.0031650950983752937,0.009073628813706101,0.0033178069370034657,0.026024868284029085,0.9715408752257546,0.49999999999999983,0.9981905260651631,0.9682092483660191,0.9973662520353549,0.9947745596044723,0.9260004608851665,1.9629838079704913
0,baseline,2,20261002,30261002,0.5,1,0,True,0.07488177769786852,0.0022786662201824547,0.0031650950983752937,0.009073628813706101,0.0033178069370034657,0.026024868284029085,0.9715408752257546,0.49999999999999983,0.9981905260651631,0.9682092483660191,0.9973662520353549,0.9947745596044723,0.8804600465445784,1.9629838079704913
0,baseline,2,20261002,30261002,1.0,1,0,True,0.07488177769786852,0.0022786662201824547,0.0031650950983752937,0.009073628813706101,0.0033178069370034657,0.026024868284029085,0.9715408752257546,0.49999999999999983,0.9981905260651631,0.9682092483660191,0.9973662520353549,0.9947745596044723,0.7893792178634023,1.9629838079704913
0,baseline,3,20261003,30261003,0.0,16,16,False,0.25638546979469357,0.25638546979469357,0.0036045805366647574,0.0036045805366647574,0.002935428023032388,0.002935428023032388,0.986710882225116,0.986710882225116,0.9919935341892145,0.9919935341892145,0.9988371386541463,0.9988371386541463,0.986710882225116,1.990830672843361
0,baseline,3,20261003,30261003,0.025,15,15,False,0.21103210068297112,0.21103210068297112,0.0037284223769732143,0.0037284223769732143,0.003026147370277857,0.003026147370277857,0.9859558234344569,0.9859558234344569,0.99153862420234,0.99153862420234,0.9983091640242654,0.9983091640242654,0.9728080167126698,1.9766999815048185
0,baseline,3,20261003,30261003,0.05,2,15,True,0.14004930496243145,0.21103210068297112,0.003951299807516861,0.0037284223769732143,0.0031909873258566352,0.003026147370277857,0.9783758713672588,0.9859558234344569,0.9869718329298514,0.99153862420234,0.9849433129709935,0.9983091640242654,0.9610060898279215,1.9635521747830313
0,baseline,3,20261003,30261003,0.075,2,15,True,0.14004930496243145,0.21103210068297112,0.003951299807516861,0.0037284223769732143,0.0031909873258566352,0.003026147370277857,0.9783758713672588,0.9859558234344569,0.9869718329298514,0.99153862420234,0.9849433129709935,0.9983091640242654,0.9523211990582529,1.9504043680612444
0,baseline,3,20261003,30261003,0.1,2,15,True,0.14004930496243145,0.21103210068297112,0.003951299807516861,0.0037284223769732143,0.0031909873258566352,0.003026147370277857,0.9783758713672588,0.9859558234344569,0.9869718329298514,0.99153862420234,0.9849433129709935,0.9983091640242654,0.9436363082885842,1.9372565613394572
0,baseline,3,20261003,30261003,0.15,2,2,False,0.14004930496243145,0.14004930496243145,0.003951299807516861,0.003951299807516861,0.0031909873258566352,0.0031909873258566352,0.9783758713672588,0.9783758713672588,0.9869718329298514,0.9869718329298514,0.9849433129709935,0.9849433129709935,0.9262665267492469,1.919805801282833
0,baseline,3,20261003,30261003,0.2,2,2,False,0.14004930496243145,0.14004930496243145,0.003951299807516861,0.003951299807516861,0.0031909873258566352,0.0031909873258566352,0.9783758713672588,0.9783758713672588,0.9869718329298514,0.9869718329298514,0.9849433129709935,0.9849433129709935,0.9088967452099096,1.9024360197434957
0,baseline,3,20261003,30261003,0.25,2,2,False,0.14004930496243145,0.14004930496243145,0.003951299807516861,0.003951299807516861,0.0031909873258566352,0.0031909873258566352,0.9783758713672588,0.9783758713672588,0.9869718329298514,0.9869718329298514,0.9849433129709935,0.9849433129709935,0.8915269636705723,1.8850662382041583
0,baseline,3,20261003,30261003,0.5,2,2,False,0.14004930496243145,0.14004930496243145,0.003951299807516861,0.003951299807516861,0.0031909873258566352,0.0031909873258566352,0.9783758713672588,0.9783758713672588,0.9869718329298514,0.9869718329298514,0.9849433129709935,0.9849433129709935,0.8046780559738859,1.7982173305074718
0,baseline,3,20261003,30261003,1.0,2,0,True,0.14004930496243145,0.0019158886102888521,0.003951299807516861,0.03503017470134893,0.0031909873258566352,0.026027115625183138,0.9783758713672588,0.49999999999999983,0.9869718329298514,0.6987585652255456,0.9849433129709935,0.9336164921428931,0.6309802405805129,1.6323750573684386
0,baseline,4,20261004,30261004,0.0,4,4,False,0.2451604228744055,0.2451604228744055,0.0050884209209631805,0.0050884209209631805,0.002927369516259678,0.002927369516259678,0.9864434735096044,0.9864434735096044,0.9998987535461807,0.9998987535461807,0.9999958097325748,0.9999958097325748,0.9864434735096044,1.9998945632787555
0,baseline,4,20261004,30261004,0.025,4,0,True,0.2451604228744055,0.004296342500936543,0.0050884209209631805,0.04123827236808175,0.002927369516259678,0.02605814512197452,0.9864434735096044,0.5,0.9998987535461807,0.9962657671236448,0.9999958097325748,0.998840421876247,0.9712494196141074,1.9951061889998918
0,baseline,4,20261004,30261004,0.05,2,0,True,0.14079665866240043,0.004296342500936543,0.005567457487357,0.04123827236808175,0.0032347382249846967,0.02605814512197452,0.9749093066078415,0.5,0.9998126110156887,0.9962657671236448,0.9996904295190299,0.998840421876247,0.9576880326238265,1.9951061889998918
0,baseline,4,20261004,30261004,0.075,2,0,True,0.14079665866240043,0.004296342500936543,0.005567457487357,0.04123827236808175,0.0032347382249846967,0.02605814512197452,0.9749093066078415,0.5,0.9998126110156887,0.9962657671236448,0.9996904295190299,0.998840421876247,0.949077395631819,1.9951061889998918
0,baseline,4,20261004,30261004,0.1,2,0,True,0.14079665866240043,0.004296342500936543,0.005567457487357,0.04123827236808175,0.0032347382249846967,0.02605814512197452,0.9749093066078415,0.5,0.9998126110156887,0.9962657671236448,0.9996904295190299,0.998840421876247,0.9404667586398116,1.9951061889998918
0,baseline,4,20261004,30261004,0.15,2,0,True,0.14079665866240043,0.004296342500936543,0.005567457487357,0.04123827236808175,0.0032347382249846967,0.02605814512197452,0.9749093066078415,0.5,0.9998126110156887,0.9962657671236448,0.9996904295190299,0.998840421876247,0.9232454846557966,1.9951061889998918
0,baseline,4,20261004,30261004,0.2,2,0,True,0.14079665866240043,0.004296342500936543,0.005567457487357,0.04123827236808175,0.0032347382249846967,0.02605814512197452,0.9749093066078415,0.5,0.9998126110156887,0.9962657671236448,0.9996904295190299,0.998840421876247,0.9060242106717816,1.9951061889998918
0,baseline,4,20261004,30261004,0.25,2,0,True,0.14079665866240043,0.004296342500936543,0.005567457487357,0.04123827236808175,0.0032347382249846967,0.02605814512197452,0.9749093066078415,0.5,0.9998126110156887,0.9962657671236448,0.9996904295190299,0.998840421876247,0.8888029366877667,1.9951061889998918
0,baseline,4,20261004,30261004,0.5,2,0,True,0.14079665866240043,0.004296342500936543,0.005567457487357,0.04123827236808175,0.0032347382249846967,0.02605814512197452,0.9749093066078415,0.5,0.9998126110156887,0.9962657671236448,0.9996904295190299,0.998840421876247,0.8026965667676919,1.9951061889998918
0,baseline,4,20261004,30261004,1.0,2,0,True,0.14079665866240043,0.004296342500936543,0.005567457487357,0.04123827236808175,0.0032347382249846967,0.02605814512197452,0.9749093066078415,0.5,0.9998126110156887,0.9962657671236448,0.9996904295190299,0.998840421876247,0.6304838269275422,1.9951061889998918
1,lateral_positive,0,20261100,30261100,0.0,22,16,True,0.2796878485849221,0.0920060231566557,0.00568109894665114,0.005503251068614081,0.0030029977071312423,0.0029093567236077363,0.988440400328195,0.9876881217474158,0.9794361860025768,0.9780979288614473,0.9623986551031894,0.9985723544508311,0.988440400328195,1.9766702833122785
1,lateral_positive,0,20261100,30261100,0.025,3,16,True,0.006566750379000604,0.0920060231566557,0.005656118358340198,0.005503251068614081,0.00298958445309228,0.0029093567236077363,0.9850733645651145,0.9876881217474158,0.9734464372984288,0.9780979288614473,0.9928968487947113,0.9985723544508311,0.9850733645651145,1.9711621598489075
1,lateral_positive,0,20261100,30261100,0.05,3,4,True,0.006566750379000604,0.07200667733595244,0.005656118358340198,0.0054892602542908325,0.00298958445309228,0.0029019320112759497,0.9850733645651145,0.9870008512843746,0.9734464372984288,0.9768753171474472,0.9928968487947113,0.99793931097621,0.9850733645651145,1.9663770282847426
1,lateral_positive,0,20261100,30261100,0.075,3,3,False,0.006566750379000604,0.006566750379000604,0.005656118358340198,0.005656118358340198,0.00298958445309228,0.00298958445309228,0.9850733645651145,0.9850733645651145,0.9734464372984288,0.9734464372984288,0.9928968487947113,0.9928968487947113,0.9850733645651145,1.96634328609314
1,lateral_positive,0,20261100,30261100,0.1,3,3,False,0.006566750379000604,0.006566750379000604,0.005656118358340198,0.005656118358340198,0.00298958445309228,0.00298958445309228,0.9850733645651145,0.9850733645651145,0.9734464372984288,0.9734464372984288,0.9928968487947113,0.9928968487947113,0.9850733645651145,1.96634328609314
1,lateral_positive,0,20261100,30261100,0.15,3,3,False,0.006566750379000604,0.006566750379000604,0.005656118358340198,0.005656118358340198,0.00298958445309228,0.00298958445309228,0.9850733645651145,0.9850733645651145,0.9734464372984288,0.9734464372984288,0.9928968487947113,0.9928968487947113,0.9850733645651145,1.96634328609314
1,lateral_positive,0,20261100,30261100,0.2,3,3,False,0.006566750379000604,0.006566750379000604,0.005656118358340198,0.005656118358340198,0.00298958445309228,0.00298958445309228,0.9850733645651145,0.9850733645651145,0.9734464372984288,0.9734464372984288,0.9928968487947113,0.9928968487947113,0.9850733645651145,1.96634328609314
1,lateral_positive,0,20261100,30261100,0.25,3,3,False,0.006566750379000604,0.006566750379000604,0.005656118358340198,0.005656118358340198,0.00298958445309228,0.00298958445309228,0.9850733645651145,0.9850733645651145,0.9734464372984288,0.9734464372984288,0.9928968487947113,0.9928968487947113,0.9850733645651145,1.96634328609314
1,lateral_positive,0,20261100,30261100,0.5,3,3,False,0.006566750379000604,0.006566750379000604,0.005656118358340198,0.005656118358340198,0.00298958445309228,0.00298958445309228,0.9850733645651145,0.9850733645651145,0.9734464372984288,0.9734464372984288,0.9928968487947113,0.9928968487947113,0.9850733645651145,1.96634328609314
1,lateral_positive,0,20261100,30261100,1.0,3,3,False,0.006566750379000604,0.006566750379000604,0.005656118358340198,0.005656118358340198,0.00298958445309228,0.00298958445309228,0.9850733645651145,0.9850733645651145,0.9734464372984288,0.9734464372984288,0.9928968487947113,0.9928968487947113,0.9850733645651145,1.96634328609314
1,lateral_positive,1,20261101,30261101,0.0,22,16,True,0.2811437918020977,0.0953406575869509,0.005304518478790559,0.005274206954684628,0.0029469127223802375,0.0029304054311414546,0.987586583644769,0.987498769957558,0.9779741533668227,0.9778183404341493,0.9611016602911632,0.9987015634951851,0.987586583644769,1.9765199039293344
1,lateral_positive,1,20261101,30261101,0.025,3,4,True,0.005958865695152405,0.07566906491056098,0.005447362490478653,0.005281561663849617,0.0030328294121557816,0.0029350115441751055,0.984572130826576,0.9872887599226285,0.9726254344036913,0.9774457074144862,0.99148830344664,0.9985231214964918,0.984572130826576,1.9715098358126575
1,lateral_positive,1,20261101,30261101,0.05,3,4,True,0.005958865695152405,0.07566906491056098,0.005447362490478653,0.005281561663849617,0.0030328294121557816,0.0029350115441751055,0.984572130826576,0.9872887599226285,0.9726254344036913,0.9774457074144862,0.99148830344664,0.9985231214964918,0.984572130826576,1.967050842714337
1,lateral_positive,1,20261101,30261101,0.075,3,3,False,0.005958865695152405,0.005958865695152405,0.005447362490478653,0.005447362490478653,0.0030328294121557816,0.0030328294121557816,0.984572130826576,0.984572130826576,0.9726254344036913,0.9726254344036913,0.99148830344664,0.99148830344664,0.984572130826576,1.9641137378503313
1,lateral_positive,1,20261101,30261101,0.1,3,3,False,0.005958865695152405,0.005958865695152405,0.005447362490478653,0.005447362490478653,0.0030328294121557816,0.0030328294121557816,0.984572130826576,0.984572130826576,0.9726254344036913,0.9726254344036913,0.99148830344664,0.99148830344664,0.984572130826576,1.9641137378503313
1,lateral_positive,1,20261101,30261101,0.15,3,3,False,0.005958865695152405,0.005958865695152405,0.005447362490478653,0.005447362490478653,0.0030328294121557816,0.0030328294121557816,0.984572130826576,0.984572130826576,0.9726254344036913,0.9726254344036913,0.99148830344664,0.99148830344664,0.984572130826576,1.9641137378503313
1,lateral_positive,1,20261101,30261101,0.2,3,3,False,0.005958865695152405,0.005958865695152405,0.005447362490478653,0.005447362490478653,0.0030328294121557816,0.0030328294121557816,0.984572130826576,0.984572130826576,0.9726254344036913,0.9726254344036913,0.99148830344664,0.99148830344664,0.984572130826576,1.9641137378503313
1,lateral_positive,1,20261101,30261101,0.25,3,3,False,0.005958865695152405,0.005958865695152405,0.005447362490478653,0.005447362490478653,0.0030328294121557816,0.0030328294121557816,0.984572130826576,0.984572130826576,0.9726254344036913,0.9726254344036913,0.99148830344664,0.99148830344664,0.984572130826576,1.9641137378503313
1,lateral_positive,1,20261101,30261101,0.5,3,3,False,0.005958865695152405,0.005958865695152405,0.005447362490478653,0.005447362490478653,0.0030328294121557816,0.0030328294121557816,0.984572130826576,0.984572130826576,0.9726254344036913,0.9726254344036913,0.99148830344664,0.99148830344664,0.984572130826576,1.9641137378503313
1,lateral_positive,1,20261101,30261101,1.0,3,3,False,0.005958865695152405,0.005958865695152405,0.005447362490478653,0.005447362490478653,0.0030328294121557816,0.0030328294121557816,0.984572130826576,0.984572130826576,0.9726254344036913,0.9726254344036913,0.99148830344664,0.99148830344664,0.984572130826576,1.9641137378503313
1,lateral_positive,2,20261102,30261102,0.0,4,4,False,0.06885294172484133,0.06885294172484133,0.0034627499304207277,0.0034627499304207277,0.0029195966614583894,0.0029195966614583894,0.9881672998009169,0.9881672998009169,0.9803214326967495,0.9803214326967495,0.99779324021862,0.99779324021862,0.9881672998009169,1.9781146729153696
1,lateral_positive,2,20261102,30261102,0.025,3,3,False,0.00813575277320917,0.00813575277320917,0.003546872109599526,0.003546872109599526,0.003000382590150458,0.003000382590150458,0.9874016102626764,0.9874016102626764,0.9790480400764558,0.9790480400764558,0.9963438265868778,0.9963438265868778,0.9874016102626764,1.9753918666633337
1,lateral_positive,2,20261102,30261102,0.05,3,3,False,0.00813575277320917,0.00813575277320917,0.003546872109599526,0.003546872109599526,0.003000382590150458,0.003000382590150458,0.9874016102626764,0.9874016102626764,0.9790480400764558,0.9790480400764558,0.9963438265868778,0.9963438265868778,0.9874016102626764,1.9753918666633337
1,lateral_positive,2,20261102,30261102,0.075,3,3,False,0.00813575277320917,0.00813575277320917,0.003546872109599526,0.003546872109599526,0.003000382590150458,0.003000382590150458,0.9874016102626764,0.9874016102626764,0.9790480400764558,0.9790480400764558,0.9963438265868778,0.9963438265868778,0.9874016102626764,1.9753918666633337
1,lateral_positive,2,20261102,30261102,0.1,3,3,False,0.00813575277320917,0.00813575277320917,0.003546872109599526,0.003546872109599526,0.003000382590150458,0.003000382590150458,0.9874016102626764,0.9874016102626764,0.9790480400764558,0.9790480400764558,0.9963438265868778,0.9963438265868778,0.9874016102626764,1.9753918666633337
1,lateral_positive,2,20261102,30261102,0.15,3,3,False,0.00813575277320917,0.00813575277320917,0.003546872109599526,0.003546872109599526,0.003000382590150458,0.003000382590150458,0.9874016102626764,0.9874016102626764,0.9790480400764558,0.9790480400764558,0.9963438265868778,0.9963438265868778,0.9874016102626764,1.9753918666633337
1,lateral_positive,2,20261102,30261102,0.2,3,3,False,0.00813575277320917,0.00813575277320917,0.003546872109599526,0.003546872109599526,0.003000382590150458,0.003000382590150458,0.9874016102626764,0.9874016102626764,0.9790480400764558,0.9790480400764558,0.9963438265868778,0.9963438265868778,0.9874016102626764,1.9753918666633337
1,lateral_positive,2,20261102,30261102,0.25,3,3,False,0.00813575277320917,0.00813575277320917,0.003546872109599526,0.003546872109599526,0.003000382590150458,0.003000382590150458,0.9874016102626764,0.9874016102626764,0.9790480400764558,0.9790480400764558,0.9963438265868778,0.9963438265868778,0.9874016102626764,1.9753918666633337
1,lateral_positive,2,20261102,30261102,0.5,3,3,False,0.00813575277320917,0.00813575277320917,0.003546872109599526,0.003546872109599526,0.003000382590150458,0.003000382590150458,0.9874016102626764,0.9874016102626764,0.9790480400764558,0.9790480400764558,0.9963438265868778,0.9963438265868778,0.9874016102626764,1.9753918666633337
1,lateral_positive,2,20261102,30261102,1.0,3,3,False,0.00813575277320917,0.00813575277320917,0.003546872109599526,0.003546872109599526,0.003000382590150458,0.003000382590150458,0.9874016102626764,0.9874016102626764,0.9790480400764558,0.9790480400764558,0.9963438265868778,0.9963438265868778,0.9874016102626764,1.9753918666633337
1,lateral_positive,3,20261103,30261103,0.0,16,16,False,0.08621421620294058,0.08621421620294058,0.003630165288789736,0.003630165288789736,0.003051832215713087,0.003051832215713087,0.9873315637577122,0.9873315637577122,0.9776428383401761,0.9776428383401761,0.9981101774457238,0.9981101774457238,0.9873315637577122,1.9757530157858998
1,lateral_positive,3,20261103,30261103,0.025,3,4,True,0.013079002255237,0.06776352509629152,0.0036535985506323723,0.0035554431845819822,0.0030621005753158023,0.0030016952718958066,0.9850845722946173,0.9873150098894101,0.973677364588888,0.9776136241970373,0.9924582431563812,0.9980943112039367,0.9850845722946173,1.9720550910735546
1,lateral_positive,3,20261103,30261103,0.05,3,4,True,0.013079002255237,0.06776352509629152,0.0036535985506323723,0.0035554431845819822,0.0030621005753158023,0.0030016952718958066,0.9850845722946173,0.9873150098894101,0.973677364588888,0.9776136241970373,0.9924582431563812,0.9980943112039367,0.9850845722946173,1.9684022467461355
1,lateral_positive,3,20261103,30261103,0.075,3,3,False,0.013079002255237,0.013079002255237,0.0036535985506323723,0.0036535985506323723,0.0030621005753158023,0.0030621005753158023,0.9850845722946173,0.9850845722946173,0.973677364588888,0.973677364588888,0.9924582431563812,0.9924582431563812,0.9850845722946173,1.9661356077452692
1,lateral_positive,3,20261103,30261103,0.1,3,3,False,0.013079002255237,0.013079002255237,0.0036535985506323723,0.0036535985506323723,0.0030621005753158023,0.0030621005753158023,0.9850845722946173,0.9850845722946173,0.973677364588888,0.973677364588888,0.9924582431563812,0.9924582431563812,0.9850845722946173,1.9661356077452692
1,lateral_positive,3,20261103,30261103,0.15,3,3,False,0.013079002255237,0.013079002255237,0.0036535985506323723,0.0036535985506323723,0.0030621005753158023,0.0030621005753158023,0.9850845722946173,0.9850845722946173,0.973677364588888,0.973677364588888,0.9924582431563812,0.9924582431563812,0.9850845722946173,1.9661356077452692
1,lateral_positive,3,20261103,30261103,0.2,3,3,False,0.013079002255237,0.013079002255237,0.0036535985506323723,0.0036535985506323723,0.0030621005753158023,0.0030621005753158023,0.9850845722946173,0.9850845722946173,0.973677364588888,0.973677364588888,0.9924582431563812,0.9924582431563812,0.9850845722946173,1.9661356077452692
1,lateral_positive,3,20261103,30261103,0.25,3,3,False,0.013079002255237,0.013079002255237,0.0036535985506323723,0.0036535985506323723,0.0030621005753158023,0.0030621005753158023,0.9850845722946173,0.9850845722946173,0.973677364588888,0.973677364588888,0.9924582431563812,0.9924582431563812,0.9850845722946173,1.9661356077452692
1,lateral_positive,3,20261103,30261103,0.5,3,3,False,0.013079002255237,0.013079002255237,0.0036535985506323723,0.0036535985506323723,0.0030621005753158023,0.0030621005753158023,0.9850845722946173,0.9850845722946173,0.973677364588888,0.973677364588888,0.9924582431563812,0.9924582431563812,0.9850845722946173,1.9661356077452692
1,lateral_positive,3,20261103,30261103,1.0,3,3,False,0.013079002255237,0.013079002255237,0.0036535985506323723,0.0036535985506323723,0.0030621005753158023,0.0030621005753158023,0.9850845722946173,0.9850845722946173,0.973677364588888,0.973677364588888,0.9924582431563812,0.9924582431563812,0.9850845722946173,1.9661356077452692
1,lateral_positive,4,20261104,30261104,0.0,16,16,False,0.08913877509574486,0.08913877509574486,0.004296962813550639,0.004296962813550639,0.002982087579740191,0.002982087579740191,0.988213223747276,0.988213223747276,0.9794777765344834,0.9794777765344834,0.9965389411383867,0.9965389411383867,0.988213223747276,1.97601671767287
1,lateral_positive,4,20261104,30261104,0.025,3,3,False,0.011330916697424255,0.011330916697424255,0.00440913877016309,0.00440913877016309,0.003034906873407046,0.003034906873407046,0.9876606166552391,0.9876606166552391,0.9785156197930424,0.9785156197930424,0.9956259814031299,0.9956259814031299,0.9876606166552391,1.9741416011961723
1,lateral_positive,4,20261104,30261104,0.05,3,3,False,0.011330916697424255,0.011330916697424255,0.00440913877016309,0.00440913877016309,0.003034906873407046,0.003034906873407046,0.9876606166552391,0.9876606166552391,0.9785156197930424,0.9785156197930424,0.9956259814031299,0.9956259814031299,0.9876606166552391,1.9741416011961723
1,lateral_positive,4,20261104,30261104,0.075,3,3,False,0.011330916697424255,0.011330916697424255,0.00440913877016309,0.00440913877016309,0.003034906873407046,0.003034906873407046,0.9876606166552391,0.9876606166552391,0.9785156197930424,0.9785156197930424,0.9956259814031299,0.9956259814031299,0.9876606166552391,1.9741416011961723
1,lateral_positive,4,20261104,30261104,0.1,3,3,False,0.011330916697424255,0.011330916697424255,0.00440913877016309,0.00440913877016309,0.003034906873407046,0.003034906873407046,0.9876606166552391,0.9876606166552391,0.9785156197930424,0.9785156197930424,0.9956259814031299,0.9956259814031299,0.9876606166552391,1.9741416011961723
1,lateral_positive,4,20261104,30261104,0.15,3,3,False,0.011330916697424255,0.011330916697424255,0.00440913877016309,0.00440913877016309,0.003034906873407046,0.003034906873407046,0.9876606166552391,0.9876606166552391,0.9785156197930424,0.9785156197930424,0.9956259814031299,0.9956259814031299,0.9876606166552391,1.9741416011961723
1,lateral_positive,4,20261104,30261104,0.2,3,3,False,0.011330916697424255,0.011330916697424255,0.00440913877016309,0.00440913877016309,0.003034906873407046,0.003034906873407046,0.9876606166552391,0.9876606166552391,0.9785156197930424,0.9785156197930424,0.9956259814031299,0.9956259814031299,0.9876606166552391,1.9741416011961723
1,lateral_positive,4,20261104,30261104,0.25,3,3,False,0.011330916697424255,0.011330916697424255,0.00440913877016309,0.00440913877016309,0.003034906873407046,0.003034906873407046,0.9876606166552391,0.9876606166552391,0.9785156197930424,0.9785156197930424,0.9956259814031299,0.9956259814031299,0.9876606166552391,1.9741416011961723
1,lateral_positive,4,20261104,30261104,0.5,3,3,False,0.011330916697424255,0.011330916697424255,0.00440913877016309,0.00440913877016309,0.003034906873407046,0.003034906873407046,0.9876606166552391,0.9876606166552391,0.9785156197930424,0.9785156197930424,0.9956259814031299,0.9956259814031299,0.9876606166552391,1.9741416011961723
1,lateral_positive,4,20261104,30261104,1.0,3,3,False,0.011330916697424255,0.011330916697424255,0.00440913877016309,0.00440913877016309,0.003034906873407046,0.003034906873407046,0.9876606166552391,0.9876606166552391,0.9785156197930424,0.9785156197930424,0.9956259814031299,0.9956259814031299,0.9876606166552391,1.9741416011961723
2,lateral_negative,0,20261200,30261200,0.0,4,4,False,0.13406451733359154,0.13406451733359154,0.004266052955234344,0.004266052955234344,0.0029315253705483766,0.0029315253705483766,0.9865629563056133,0.9865629563056133,0.9807341229033681,0.9807341229033681,0.9991530395848268,0.9991530395848268,0.9865629563056133,1.979887162488195
2,lateral_negative,0,20261200,30261200,0.025,6,4,True,0.007112785339431995,0.13406451733359154,0.004740702403285991,0.004266052955234344,0.0032851413917205437,0.0029315253705483766,0.9787734532310202,0.9865629563056133,0.969565623917119,0.9807341229033681,0.9639788761864891,0.9991530395848268,0.9787734532310202,1.9717621052305039
2,lateral_negative,0,20261200,30261200,0.05,6,4,True,0.007112785339431995,0.13406451733359154,0.004740702403285991,0.004266052955234344,0.0032851413917205437,0.0029315253705483766,0.9787734532310202,0.9865629563056133,0.969565623917119,0.9807341229033681,0.9639788761864891,0.9991530395848268,0.9787734532310202,1.9636370479728127
2,lateral_negative,0,20261200,30261200,0.075,6,4,True,0.007112785339431995,0.13406451733359154,0.004740702403285991,0.004266052955234344,0.0032851413917205437,0.0029315253705483766,0.9787734532310202,0.9865629563056133,0.969565623917119,0.9807341229033681,0.9639788761864891,0.9991530395848268,0.9787734532310202,1.9555119907151213
2,lateral_negative,0,20261200,30261200,0.1,6,5,True,0.007112785339431995,0.0659186056846079,0.004740702403285991,0.004526086545225294,0.0032851413917205437,0.0031278518592147515,0.9787734532310202,0.9823661976750853,0.969565623917119,0.9747168591496038,0.9639788761864891,0.989465703056923,0.9787734532310202,1.9491280009213907
2,lateral_negative,0,20261200,30261200,0.15,6,5,True,0.007112785339431995,0.0659186056846079,0.004740702403285991,0.004526086545225294,0.0032851413917205437,0.0031278518592147515,0.9787734532310202,0.9823661976750853,0.969565623917119,0.9747168591496038,0.9639788761864891,0.989465703056923,0.9787734532310202,1.9416007202788228
2,lateral_negative,0,20261200,30261200,0.2,6,5,True,0.007112785339431995,0.0659186056846079,0.004740702403285991,0.004526086545225294,0.0032851413917205437,0.0031278518592147515,0.9787734532310202,0.9823661976750853,0.969565623917119,0.9747168591496038,0.9639788761864891,0.989465703056923,0.9787734532310202,1.9340734396362549
2,lateral_negative,0,20261200,30261200,0.25,6,6,False,0.007112785339431995,0.007112785339431995,0.004740702403285991,0.004740702403285991,0.0032851413917205437,0.0032851413917205437,0.9787734532310202,0.9787734532310202,0.969565623917119,0.969565623917119,0.9639788761864891,0.9639788761864891,0.9787734532310202,1.9335445001036082
2,lateral_negative,0,20261200,30261200,0.5,6,6,False,0.007112785339431995,0.007112785339431995,0.004740702403285991,0.004740702403285991,0.0032851413917205437,0.0032851413917205437,0.9787734532310202,0.9787734532310202,0.969565623917119,0.969565623917119,0.9639788761864891,0.9639788761864891,0.9787734532310202,1.9335445001036082
2,lateral_negative,0,20261200,30261200,1.0,6,6,False,0.007112785339431995,0.007112785339431995,0.004740702403285991,0.004740702403285991,0.0032851413917205437,0.0032851413917205437,0.9787734532310202,0.9787734532310202,0.969565623917119,0.969565623917119,0.9639788761864891,0.9639788761864891,0.9787734532310202,1.9335445001036082
2,lateral_negative,1,20261201,30261201,0.0,4,4,False,0.1342756501102603,0.1342756501102603,0.0030245351884593107,0.0030245351884593107,0.0029157864476340415,0.0029157864476340415,0.987954292309813,0.987954292309813,0.9853845255532948,0.9853845255532948,0.9975862263981559,0.9975862263981559,0.987954292309813,1.9829707519514508
2,lateral_negative,1,20261201,30261201,0.025,6,4,True,0.007336426717714168,0.1342756501102603,0.0031784526077063176,0.0030245351884593107,0.003260325939891112,0.0029157864476340415,0.9804616580112306,0.987954292309813,0.9762934527872962,0.9853845255532948,0.9566467813552892,0.9975862263981559,0.9804616580112306,1.9748762948753533
2,lateral_negative,1,20261201,30261201,0.05,6,4,True,0.007336426717714168,0.1342756501102603,0.0031784526077063176,0.0030245351884593107,0.003260325939891112,0.0029157864476340415,0.9804616580112306,0.987954292309813,0.9762934527872962,0.9853845255532948,0.9566467813552892,0.9975862263981559,0.9804616580112306,1.9667818377992556
2,lateral_negative,1,20261201,30261201,0.075,6,4,True,0.007336426717714168,0.1342756501102603,0.0031784526077063176,0.0030245351884593107,0.003260325939891112,0.0029157864476340415,0.9804616580112306,0.987954292309813,0.9762934527872962,0.9853845255532948,0.9566467813552892,0.9975862263981559,0.9804616580112306,1.9586873807231582
2,lateral_negative,1,20261201,30261201,0.1,6,4,True,0.007336426717714168,0.1342756501102603,0.0031784526077063176,0.0030245351884593107,0.003260325939891112,0.0029157864476340415,0.9804616580112306,0.987954292309813,0.9762934527872962,0.9853845255532948,0.9566467813552892,0.9975862263981559,0.9804616580112306,1.9505929236470607
2,lateral_negative,1,20261201,30261201,0.15,6,5,True,0.007336426717714168,0.06572548105438884,0.0031784526077063176,0.003114332964320026,0.003260325939891112,0.0031181516368996394,0.9804616580112306,0.9833482483017263,0.9762934527872962,0.9797958527885196,0.9566467813552892,0.983288270447513,0.9804616580112306,1.9407445650721737
2,lateral_negative,1,20261201,30261201,0.2,6,5,True,0.007336426717714168,0.06572548105438884,0.0031784526077063176,0.003114332964320026,0.003260325939891112,0.0031181516368996394,0.9804616580112306,0.9833482483017263,0.9762934527872962,0.9797958527885196,0.9566467813552892,0.983288270447513,0.9804616580112306,1.933298045684221
2,lateral_negative,1,20261201,30261201,0.25,6,6,False,0.007336426717714168,0.007336426717714168,0.0031784526077063176,0.0031784526077063176,0.003260325939891112,0.003260325939891112,0.9804616580112306,0.9804616580112306,0.9762934527872962,0.9762934527872962,0.9566467813552892,0.9566467813552892,0.9804616580112306,1.9329402341425854
2,lateral_negative,1,20261201,30261201,0.5,6,6,False,0.007336426717714168,0.007336426717714168,0.0031784526077063176,0.0031784526077063176,0.003260325939891112,0.003260325939891112,0.9804616580112306,0.9804616580112306,0.9762934527872962,0.9762934527872962,0.9566467813552892,0.9566467813552892,0.9804616580112306,1.9329402341425854
2,lateral_negative,1,20261201,30261201,1.0,6,6,False,0.007336426717714168,0.007336426717714168,0.0031784526077063176,0.0031784526077063176,0.003260325939891112,0.003260325939891112,0.9804616580112306,0.9804616580112306,0.9762934527872962,0.9762934527872962,0.9566467813552892,0.9566467813552892,0.9804616580112306,1.9329402341425854
2,lateral_negative,2,20261202,30261202,0.0,34,4,True,0.26952901859646355,0.13478510622477818,0.00458773221241659,0.004371173844050891,0.003159744623537254,0.0029695982997571145,0.9891840982189988,0.9889330105326453,0.9840869778365019,0.9837175621373928,0.9647744351614623,0.9982232566264574,0.9891840982189988,1.9819408187638503
2,lateral_negative,2,20261202,30261202,0.025,6,4,True,0.008028994985687132,0.13478510622477818,0.0047275504245876355,0.004371173844050891,0.003289406435131735,0.0029695982997571145,0.9821685080397723,0.9889330105326453,0.9737652086236794,0.9837175621373928,0.9605290733004391,0.9982232566264574,0.9821685080397723,1.9738813433611289
2,lateral_negative,2,20261202,30261202,0.05,6,4,True,0.008028994985687132,0.13478510622477818,0.0047275504245876355,0.004371173844050891,0.003289406435131735,0.0029695982997571145,0.9821685080397723,0.9889330105326453,0.9737652086236794,0.9837175621373928,0.9605290733004391,0.9982232566264574,0.9821685080397723,1.9658218679584074
2,lateral_negative,2,20261202,30261202,0.075,6,4,True,0.008028994985687132,0.13478510622477818,0.0047275504245876355,0.004371173844050891,0.003289406435131735,0.0029695982997571145,0.9821685080397723,0.9889330105326453,0.9737652086236794,0.9837175621373928,0.9605290733004391,0.9982232566264574,0.9821685080397723,1.957762392555686
2,lateral_negative,2,20261202,30261202,0.1,6,4,True,0.008028994985687132,0.13478510622477818,0.0047275504245876355,0.004371173844050891,0.003289406435131735,0.0029695982997571145,0.9821685080397723,0.9889330105326453,0.9737652086236794,0.9837175621373928,0.9605290733004391,0.9982232566264574,0.9821685080397723,1.9497029171529645
2,lateral_negative,2,20261202,30261202,0.15,6,5,True,0.008028994985687132,0.0661292954590781,0.0047275504245876355,0.004580910363947277,0.003289406435131735,0.00315733285181463,0.9821685080397723,0.9847685995149792,0.9737652086236794,0.977590623657012,0.9605290733004391,0.9854425198575237,0.9821685080397723,1.9408681557449388
2,lateral_negative,2,20261202,30261202,0.2,6,6,False,0.008028994985687132,0.008028994985687132,0.0047275504245876355,0.0047275504245876355,0.003289406435131735,0.003289406435131735,0.9821685080397723,0.9821685080397723,0.9737652086236794,0.9737652086236794,0.9605290733004391,0.9605290733004391,0.9821685080397723,1.9342942819241187
2,lateral_negative,2,20261202,30261202,0.25,6,6,False,0.008028994985687132,0.008028994985687132,0.0047275504245876355,0.0047275504245876355,0.003289406435131735,0.003289406435131735,0.9821685080397723,0.9821685080397723,0.9737652086236794,0.9737652086236794,0.9605290733004391,0.9605290733004391,0.9821685080397723,1.9342942819241187
2,lateral_negative,2,20261202,30261202,0.5,6,6,False,0.008028994985687132,0.008028994985687132,0.0047275504245876355,0.0047275504245876355,0.003289406435131735,0.003289406435131735,0.9821685080397723,0.9821685080397723,0.9737652086236794,0.9737652086236794,0.9605290733004391,0.9605290733004391,0.9821685080397723,1.9342942819241187
2,lateral_negative,2,20261202,30261202,1.0,6,6,False,0.008028994985687132,0.008028994985687132,0.0047275504245876355,0.0047275504245876355,0.003289406435131735,0.003289406435131735,0.9821685080397723,0.9821685080397723,0.9737652086236794,0.9737652086236794,0.9605290733004391,0.9605290733004391,0.9821685080397723,1.9342942819241187
2,lateral_negative,3,20261203,30261203,0.0,34,4,True,0.2676270751944377,0.1287699539547385,0.0026205576662156433,0.0026298413730524613,0.0028793003383797344,0.0029143299684071724,0.9889519436077262,0.9870006640224095,0.983776265591162,0.9809108709348039,0.9757826204301326,0.99928691387955,0.9889519436077262,1.980197784814354
2,lateral_negative,3,20261203,30261203,0.025,5,4,True,0.06033487796922186,0.1287699539547385,0.002748325997728398,0.0026298413730524613,0.003124692351408024,0.0029143299684071724,0.9829948309362347,0.9870006640224095,0.9750284270217111,0.9809108709348039,0.9905623804991405,0.99928691387955,0.9798925889164479,1.9726398184420386
2,lateral_negative,3,20261203,30261203,0.05,6,4,True,0.012687817345040599,0.1287699539547385,0.002830169668121854,0.0026298413730524613,0.0032749000404466697,0.0029143299684071724,0.9795291595785796,0.9870006640224095,0.9699391941595188,0.9809108709348039,0.9670785410342116,0.99928691387955,0.9795291595785796,1.965081852069723
2,lateral_negative,3,20261203,30261203,0.075,6,4,True,0.012687817345040599,0.1287699539547385,0.002830169668121854,0.0026298413730524613,0.0032749000404466697,0.0029143299684071724,0.9795291595785796,0.9870006640224095,0.9699391941595188,0.9809108709348039,0.9670785410342116,0.99928691387955,0.9795291595785796,1.9575238856974078
2,lateral_negative,3,20261203,30261203,0.1,6,5,True,0.012687817345040599,0.06033487796922186,0.002830169668121854,0.002748325997728398,0.0032749000404466697,0.003124692351408024,0.9795291595785796,0.9829948309362347,0.9699391941595188,0.9750284270217111,0.9670785410342116,0.9905623804991405,0.9795291595785796,1.9531818394417046
2,lateral_negative,3,20261203,30261203,0.15,6,5,True,0.012687817345040599,0.06033487796922186,0.002830169668121854,0.002748325997728398,0.0032749000404466697,0.003124692351408024,0.9795291595785796,0.9829948309362347,0.9699391941595188,0.9750284270217111,0.9670785410342116,0.9905623804991405,0.9795291595785796,1.946977355402131
2,lateral_negative,3,20261203,30261203,0.2,6,5,True,0.012687817345040599,0.06033487796922186,0.002830169668121854,0.002748325997728398,0.0032749000404466697,0.003124692351408024,0.9795291595785796,0.9829948309362347,0.9699391941595188,0.9750284270217111,0.9670785410342116,0.9905623804991405,0.9795291595785796,1.9407728713625574
2,lateral_negative,3,20261203,30261203,0.25,6,6,False,0.012687817345040599,0.012687817345040599,0.002830169668121854,0.002830169668121854,0.0032749000404466697,0.0032749000404466697,0.9795291595785796,0.9795291595785796,0.9699391941595188,0.9699391941595188,0.9670785410342116,0.9670785410342116,0.9795291595785796,1.9370177351937303
2,lateral_negative,3,20261203,30261203,0.5,6,6,False,0.012687817345040599,0.012687817345040599,0.002830169668121854,0.002830169668121854,0.0032749000404466697,0.0032749000404466697,0.9795291595785796,0.9795291595785796,0.9699391941595188,0.9699391941595188,0.9670785410342116,0.9670785410342116,0.9795291595785796,1.9370177351937303
2,lateral_negative,3,20261203,30261203,1.0,6,6,False,0.012687817345040599,0.012687817345040599,0.002830169668121854,0.002830169668121854,0.0032749000404466697,0.0032749000404466697,0.9795291595785796,0.9795291595785796,0.9699391941595188,0.9699391941595188,0.9670785410342116,0.9670785410342116,0.9795291595785796,1.9370177351937303
2,lateral_negative,4,20261204,30261204,0.0,34,4,True,0.2738721883057669,0.13284375691093145,0.0027521337498907783,0.002795278021019066,0.002870374123410467,0.0029238986826720355,0.9897577571893237,0.9868837270479214,0.9888481366533662,0.9857188619443523,0.9799330389532147,0.9993846423783895,0.9897577571893237,1.9851035043227419
2,lateral_negative,4,20261204,30261204,0.025,4,4,False,0.13284375691093145,0.13284375691093145,0.002795278021019066,0.002795278021019066,0.0029238986826720355,0.0029238986826720355,0.9868837270479214,0.9868837270479214,0.9857188619443523,0.9857188619443523,0.9993846423783895,0.9993846423783895,0.9792962988051477,1.9775160760799682
2,lateral_negative,4,20261204,30261204,0.05,6,4,True,0.014709859008016276,0.13284375691093145,0.0031195357582606267,0.002795278021019066,0.003284715749392965,0.0029238986826720355,0.978655460460643,0.9868837270479214,0.9767598374165066,0.9857188619443523,0.9712573644499856,0.9993846423783895,0.978655460460643,1.9699286478371945
2,lateral_negative,4,20261204,30261204,0.075,6,4,True,0.014709859008016276,0.13284375691093145,0.0031195357582606267,0.002795278021019066,0.003284715749392965,0.0029238986826720355,0.978655460460643,0.9868837270479214,0.9767598374165066,0.9857188619443523,0.9712573644499856,0.9993846423783895,0.978655460460643,1.9623412195944208
2,lateral_negative,4,20261204,30261204,0.1,6,5,True,0.014709859008016276,0.06243387292611289,0.0031195357582606267,0.0029896482210401013,0.003284715749392965,0.0031408941531931257,0.978655460460643,0.9818992230435408,0.9767598374165066,0.9802916807561014,0.9712573644499856,0.9904101420974195,0.978655460460643,1.958441073399261
2,lateral_negative,4,20261204,30261204,0.15,6,5,True,0.014709859008016276,0.06243387292611289,0.0031195357582606267,0.0029896482210401013,0.003284715749392965,0.0031408941531931257,0.978655460460643,0.9818992230435408,0.9767598374165066,0.9802916807561014,0.9712573644499856,0.9904101420974195,0.978655460460643,1.952310698672131
2,lateral_negative,4,20261204,30261204,0.2,6,6,False,0.014709859008016276,0.014709859008016276,0.0031195357582606267,0.0031195357582606267,0.003284715749392965,0.003284715749392965,0.978655460460643,0.978655460460643,0.9767598374165066,0.9767598374165066,0.9712573644499856,0.9712573644499856,0.978655460460643,1.948017201866492
2,lateral_negative,4,20261204,30261204,0.25,6,6,False,0.014709859008016276,0.014709859008016276,0.0031195357582606267,0.0031195357582606267,0.003284715749392965,0.003284715749392965,0.978655460460643,0.978655460460643,0.9767598374165066,0.9767598374165066,0.9712573644499856,0.9712573644499856,0.978655460460643,1.948017201866492
2,lateral_negative,4,20261204,30261204,0.5,6,6,False,0.014709859008016276,0.014709859008016276,0.0031195357582606267,0.0031195357582606267,0.003284715749392965,0.003284715749392965,0.978655460460643,0.978655460460643,0.9767598374165066,0.9767598374165066,0.9712573644499856,0.9712573644499856,0.978655460460643,1.948017201866492
2,lateral_negative,4,20261204,30261204,1.0,6,6,False,0.014709859008016276,0.014709859008016276,0.0031195357582606267,0.0031195357582606267,0.003284715749392965,0.003284715749392965,0.978655460460643,0.978655460460643,0.9767598374165066,0.9767598374165066,0.9712573644499856,0.9712573644499856,0.978655460460643,1.948017201866492
3,superior_shift,0,20261300,30261300,0.0,3,3,False,0.28236813768745567,0.28236813768745567,0.007325581305278411,0.007325581305278411,0.0030619598498199457,0.0030619598498199457,0.9863716184917776,0.9863716184917776,0.9940984752734305,0.9940984752734305,0.9995286956838457,0.9995286956838457,0.9863716184917776,1.9936271709572764
3,superior_shift,0,20261300,30261300,0.025,3,3,False,0.28236813768745567,0.28236813768745567,0.007325581305278411,0.007325581305278411,0.0030619598498199457,0.0030619598498199457,0.9863716184917776,0.9863716184917776,0.9940984752734305,0.9940984752734305,0.9995286956838457,0.9995286956838457,0.968895003502985,1.9761505559684838
3,superior_shift,0,20261300,30261300,0.05,3,3,False,0.28236813768745567,0.28236813768745567,0.007325581305278411,0.007325581305278411,0.0030619598498199457,0.0030619598498199457,0.9863716184917776,0.9863716184917776,0.9940984752734305,0.9940984752734305,0.9995286956838457,0.9995286956838457,0.9514183885141924,1.9586739409796912
3,superior_shift,0,20261300,30261300,0.075,3,3,False,0.28236813768745567,0.28236813768745567,0.007325581305278411,0.007325581305278411,0.0030619598498199457,0.0030619598498199457,0.9863716184917776,0.9863716184917776,0.9940984752734305,0.9940984752734305,0.9995286956838457,0.9995286956838457,0.9339417735253998,1.9411973259908986
3,superior_shift,0,20261300,30261300,0.1,1,3,True,0.24281675329675365,0.28236813768745567,0.0080224928740783,0.007325581305278411,0.003350767808191048,0.0030619598498199457,0.9781336180051954,0.9863716184917776,0.9905311577941155,0.9940984752734305,0.9874606058778215,0.9995286956838457,0.9182005419824197,1.923720711002106
3,superior_shift,0,20261300,30261300,0.15,1,3,True,0.24281675329675365,0.28236813768745567,0.0080224928740783,0.007325581305278411,0.003350767808191048,0.0030619598498199457,0.9781336180051954,0.9863716184917776,0.9905311577941155,0.9940984752734305,0.9874606058778215,0.9995286956838457,0.8882340039710319,1.8887674810245207
3,superior_shift,0,20261300,30261300,0.2,1,1,False,0.24281675329675365,0.24281675329675365,0.0080224928740783,0.0080224928740783,0.003350767808191048,0.003350767808191048,0.9781336180051954,0.9781336180051954,0.9905311577941155,0.9905311577941155,0.9874606058778215,0.9874606058778215,0.8582674659596441,1.8581256116263858
3,superior_shift,0,20261300,30261300,0.25,1,1,False,0.24281675329675365,0.24281675329675365,0.0080224928740783,0.0080224928740783,0.003350767808191048,0.003350767808191048,0.9781336180051954,0.9781336180051954,0.9905311577941155,0.9905311577941155,0.9874606058778215,0.9874606058778215,0.8283009279482564,1.828159073614998
3,superior_shift,0,20261300,30261300,0.5,1,9,True,0.24281675329675365,0.005140539931046929,0.0080224928740783,0.0627763700479136,0.003350767808191048,0.02605159966203402,0.9781336180051954,0.5,0.9905311577941155,0.7834840210846411,0.9874606058778215,0.9154224387593448,0.6784682378913174,1.698906459843986
3,superior_shift,0,20261300,30261300,1.0,9,9,False,0.005140539931046929,0.005140539931046929,0.0627763700479136,0.0627763700479136,0.02605159966203402,0.02605159966203402,0.5,0.5,0.7834840210846411,0.7834840210846411,0.9154224387593448,0.9154224387593448,0.5,1.698906459843986
3,superior_shift,1,20261301,30261301,0.0,4,4,False,0.273306893197632,0.273306893197632,0.004064585495382101,0.004064585495382101,0.0029306175973624077,0.0029306175973624077,0.9919773321631431,0.9919773321631431,0.999870394718581,0.999870394718581,0.9998835669247881,0.9998835669247881,0.9919773321631431,1.999753961643369
3,superior_shift,1,20261301,30261301,0.025,4,9,True,0.273306893197632,0.0059867310335824046,0.004064585495382101,0.028230720829261546,0.0029306175973624077,0.026031680766548663,0.9919773321631431,0.5,0.999870394718581,0.9919225571808148,0.9998835669247881,0.9984228007721567,0.9751052944215604,1.9903453579529715
3,superior_shift,1,20261301,30261301,0.05,6,9,True,0.2015208052154264,0.0059867310335824046,0.004408016958021222,0.028230720829261546,0.003270220727421923,0.026031680766548663,0.9850185680612225,0.5,0.9997579766803301,0.9919225571808148,0.9994308854686907,0.9984228007721567,0.9603361179784865,1.9903453579529715
3,superior_shift,1,20261301,30261301,0.075,6,9,True,0.2015208052154264,0.0059867310335824046,0.004408016958021222,0.028230720829261546,0.003270220727421923,0.026031680766548663,0.9850185680612225,0.5,0.9997579766803301,0.9919225571808148,0.9994308854686907,0.9984228007721567,0.9479948929371186,1.9903453579529715
3,superior_shift,1,20261301,30261301,0.1,6,9,True,0.2015208052154264,0.0059867310335824046,0.004408016958021222,0.028230720829261546,0.003270220727421923,0.026031680766548663,0.9850185680612225,0.5,0.9997579766803301,0.9919225571808148,0.9994308854686907,0.9984228007721567,0.9356536678957507,1.9903453579529715
3,superior_shift,1,20261301,30261301,0.15,6,9,True,0.2015208052154264,0.0059867310335824046,0.004408016958021222,0.028230720829261546,0.003270220727421923,0.026031680766548663,0.9850185680612225,0.5,0.9997579766803301,0.9919225571808148,0.9994308854686907,0.9984228007721567,0.9109712178130147,1.9903453579529715
3,superior_shift,1,20261301,30261301,0.2,6,9,True,0.2015208052154264,0.0059867310335824046,0.004408016958021222,0.028230720829261546,0.003270220727421923,0.026031680766548663,0.9850185680612225,0.5,0.9997579766803301,0.9919225571808148,0.9994308854686907,0.9984228007721567,0.8862887677302789,1.9903453579529715
3,superior_shift,1,20261301,30261301,0.25,6,9,True,0.2015208052154264,0.0059867310335824046,0.004408016958021222,0.028230720829261546,0.003270220727421923,0.026031680766548663,0.9850185680612225,0.5,0.9997579766803301,0.9919225571808148,0.9994308854686907,0.9984228007721567,0.8616063176475429,1.9903453579529715
3,superior_shift,1,20261301,30261301,0.5,6,9,True,0.2015208052154264,0.0059867310335824046,0.004408016958021222,0.028230720829261546,0.003270220727421923,0.026031680766548663,0.9850185680612225,0.5,0.9997579766803301,0.9919225571808148,0.9994308854686907,0.9984228007721567,0.7381940672338634,1.9903453579529715
3,superior_shift,1,20261301,30261301,1.0,9,9,False,0.0059867310335824046,0.0059867310335824046,0.028230720829261546,0.028230720829261546,0.026031680766548663,0.026031680766548663,0.5,0.5,0.9919225571808148,0.9919225571808148,0.9984228007721567,0.9984228007721567,0.5,1.9903453579529715
3,superior_shift,2,20261302,30261302,0.0,9,45,True,0.004945735869387614,0.04633870951042329,0.015352051881462134,0.0032024601722485217,0.02605868142093494,0.003483411047052052,0.9447928666559026,0.7499999999999998,0.904036591155542,0.9345607307951176,0.9944697235960313,0.9979781132232951,0.9447928666559026,1.9325388440184126
3,superior_shift,2,20261302,30261302,0.025,9,45,True,0.004945735869387614,0.04633870951042329,0.015352051881462134,0.0032024601722485217,0.02605868142093494,0.003483411047052052,0.9447928666559026,0.7499999999999998,0.904036591155542,0.9345607307951176,0.9944697235960313,0.9979781132232951,0.9447928666559026,1.9299442509282088
3,superior_shift,2,20261302,30261302,0.05,9,45,True,0.004945735869387614,0.04633870951042329,0.015352051881462134,0.0032024601722485217,0.02605868142093494,0.003483411047052052,0.9447928666559026,0.7499999999999998,0.904036591155542,0.9345607307951176,0.9944697235960313,0.9979781132232951,0.9447928666559026,1.9273496578380047
3,superior_shift,2,20261302,30261302,0.075,9,45,True,0.004945735869387614,0.04633870951042329,0.015352051881462134,0.0032024601722485217,0.02605868142093494,0.003483411047052052,0.9447928666559026,0.7499999999999998,0.904036591155542,0.9345607307951176,0.9944697235960313,0.9979781132232951,0.9447928666559026,1.924755064747801
3,superior_shift,2,20261302,30261302,0.1,9,45,True,0.004945735869387614,0.04633870951042329,0.015352051881462134,0.0032024601722485217,0.02605868142093494,0.003483411047052052,0.9447928666559026,0.7499999999999998,0.904036591155542,0.9345607307951176,0.9944697235960313,0.9979781132232951,0.9447928666559026,1.922160471657597
3,superior_shift,2,20261302,30261302,0.15,9,45,True,0.004945735869387614,0.04633870951042329,0.015352051881462134,0.0032024601722485217,0.02605868142093494,0.003483411047052052,0.9447928666559026,0.7499999999999998,0.904036591155542,0.9345607307951176,0.9944697235960313,0.9979781132232951,0.9447928666559026,1.9169712854771892
3,superior_shift,2,20261302,30261302,0.2,9,45,True,0.004945735869387614,0.04633870951042329,0.015352051881462134,0.0032024601722485217,0.02605868142093494,0.003483411047052052,0.9447928666559026,0.7499999999999998,0.904036591155542,0.9345607307951176,0.9944697235960313,0.9979781132232951,0.9447928666559026,1.9117820992967813
3,superior_shift,2,20261302,30261302,0.25,9,45,True,0.004945735869387614,0.04633870951042329,0.015352051881462134,0.0032024601722485217,0.02605868142093494,0.003483411047052052,0.9447928666559026,0.7499999999999998,0.904036591155542,0.9345607307951176,0.9944697235960313,0.9979781132232951,0.9447928666559026,1.9065929131163735
3,superior_shift,2,20261302,30261302,0.5,9,9,False,0.004945735869387614,0.004945735869387614,0.015352051881462134,0.015352051881462134,0.02605868142093494,0.02605868142093494,0.9447928666559026,0.9447928666559026,0.904036591155542,0.904036591155542,0.9944697235960313,0.9944697235960313,0.9447928666559026,1.8985063147515733
3,superior_shift,2,20261302,30261302,1.0,9,9,False,0.004945735869387614,0.004945735869387614,0.015352051881462134,0.015352051881462134,0.02605868142093494,0.02605868142093494,0.9447928666559026,0.9447928666559026,0.904036591155542,0.904036591155542,0.9944697235960313,0.9944697235960313,0.9447928666559026,1.8985063147515733
3,superior_shift,3,20261303,30261303,0.0,16,16,False,0.2875360021013181,0.2875360021013181,0.002443312280917158,0.002443312280917158,0.002931825052744751,0.002931825052744751,0.9852458217036364,0.9852458217036364,0.9924824680851045,0.9924824680851045,0.999565446694721,0.999565446694721,0.9852458217036364,1.9920479147798256
3,superior_shift,3,20261303,30261303,0.025,16,16,False,0.2875360021013181,0.2875360021013181,0.002443312280917158,0.002443312280917158,0.002931825052744751,0.002931825052744751,0.9852458217036364,0.9852458217036364,0.9924824680851045,0.9924824680851045,0.999565446694721,0.999565446694721,0.9674899386585782,1.9742920317347674
3,superior_shift,3,20261303,30261303,0.05,6,4,True,0.2007919504188874,0.2730952193227139,0.00269947870497773,0.0024326620544375586,0.0032615333912613103,0.0029181015550330093,0.9764822934729519,0.9835532939820884,0.9880172852848198,0.9916200933118027,0.9857801224833839,0.9990448282400112,0.9519163296031806,1.956975366312307
3,superior_shift,3,20261303,30261303,0.075,6,5,True,0.2007919504188874,0.24529515443175262,0.00269947870497773,0.002588367207175088,0.0032615333912613103,0.0031186545599579795,0.9764822934729519,0.9809510243197842,0.9880172852848198,0.9902941878737237,0.9857801224833839,0.9964833960407068,0.939633347668295,1.9415051797887377
3,superior_shift,3,20261303,30261303,0.1,6,5,True,0.2007919504188874,0.24529515443175262,0.00269947870497773,0.002588367207175088,0.0032615333912613103,0.0031186545599579795,0.9764822934729519,0.9809510243197842,0.9880172852848198,0.9902941878737237,0.9857801224833839,0.9964833960407068,0.9273503657334093,1.9264143784135068
3,superior_shift,3,20261303,30261303,0.15,6,6,False,0.2007919504188874,0.2007919504188874,0.00269947870497773,0.00269947870497773,0.0032615333912613103,0.0032615333912613103,0.9764822934729519,0.9764822934729519,0.9880172852848198,0.9880172852848198,0.9857801224833839,0.9857801224833839,0.9027844018636382,1.9000995161588898
3,superior_shift,3,20261303,30261303,0.2,6,6,False,0.2007919504188874,0.2007919504188874,0.00269947870497773,0.00269947870497773,0.0032615333912613103,0.0032615333912613103,0.9764822934729519,0.9764822934729519,0.9880172852848198,0.9880172852848198,0.9857801224833839,0.9857801224833839,0.8782184379938669,1.8755335522891186
3,superior_shift,3,20261303,30261303,0.25,6,6,False,0.2007919504188874,0.2007919504188874,0.00269947870497773,0.00269947870497773,0.0032615333912613103,0.0032615333912613103,0.9764822934729519,0.9764822934729519,0.9880172852848198,0.9880172852848198,0.9857801224833839,0.9857801224833839,0.8536524741240956,1.8509675884193475
3,superior_shift,3,20261303,30261303,0.5,6,6,False,0.2007919504188874,0.2007919504188874,0.00269947870497773,0.00269947870497773,0.0032615333912613103,0.0032615333912613103,0.9764822934729519,0.9764822934729519,0.9880172852848198,0.9880172852848198,0.9857801224833839,0.9857801224833839,0.7308226547752393,1.728137769070491
3,superior_shift,3,20261303,30261303,1.0,9,9,False,0.00610989819001296,0.00610989819001296,0.020416565890502017,0.020416565890502017,0.02601785781741316,0.02601785781741316,0.5,0.5,0.7452405764695034,0.7452405764695034,0.917229352401328,0.917229352401328,0.5,1.6624699288708313
3,superior_shift,4,20261304,30261304,0.0,4,4,False,0.2723073551395555,0.2723073551395555,0.006052689641445511,0.006052689641445511,0.00291136103475383,0.00291136103475383,0.9880730895218076,0.9880730895218076,0.983426256067049,0.983426256067049,0.9979227006842262,0.9979227006842262,0.9880730895218076,1.9813489567512752
3,superior_shift,4,20261304,30261304,0.025,34,5,True,0.129047414979203,0.2445633441949944,0.006159334437393926,0.006481683523041629,0.002962631986949609,0.003117625675894192,0.9854102165286802,0.9878570736571647,0.9797259033902382,0.983126078444974,0.9477612582363031,0.9976161466278787,0.9775914827623713,1.9656330874517363
3,superior_shift,4,20261304,30261304,0.05,34,5,True,0.129047414979203,0.2445633441949944,0.006159334437393926,0.006481683523041629,0.002962631986949609,0.003117625675894192,0.9854102165286802,0.9878570736571647,0.9797259033902382,0.983126078444974,0.9477612582363031,0.9976161466278787,0.9697727489960624,1.95052394983062
3,superior_shift,4,20261304,30261304,0.075,8,5,True,0.07448627907712045,0.2445633441949944,0.054123523423206595,0.006481683523041629,0.026024436086561825,0.003117625675894192,0.9772439551504593,0.9878570736571647,0.9683779918569327,0.983126078444974,0.9291448101209884,0.9976161466278787,0.9641180879847623,1.9354148122095036
3,superior_shift,4,20261304,30261304,0.1,8,5,True,0.07448627907712045,0.2445633441949944,0.054123523423206595,0.006481683523041629,0.026024436086561825,0.003117625675894192,0.9772439551504593,0.9878570736571647,0.9683779918569327,0.983126078444974,0.9291448101209884,0.9976161466278787,0.95974279892953,1.9203056745883873
3,superior_shift,4,20261304,30261304,0.15,8,5,True,0.07448627907712045,0.2445633441949944,0.054123523423206595,0.006481683523041629,0.026024436086561825,0.003117625675894192,0.9772439551504593,0.9878570736571647,0.9683779918569327,0.983126078444974,0.9291448101209884,0.9976161466278787,0.9509922208190654,1.8900873993461547
3,superior_shift,4,20261304,30261304,0.2,8,34,True,0.07448627907712045,0.129047414979203,0.054123523423206595,0.006159334437393926,0.026024436086561825,0.002962631986949609,0.9772439551504593,0.9854102165286802,0.9683779918569327,0.9797259033902382,0.9291448101209884,0.9477612582363031,0.9422416427086008,1.86493729149607
3,superior_shift,4,20261304,30261304,0.25,8,8,False,0.07448627907712045,0.07448627907712045,0.054123523423206595,0.054123523423206595,0.026024436086561825,0.026024436086561825,0.9772439551504593,0.9772439551504593,0.9683779918569327,0.9683779918569327,0.9291448101209884,0.9291448101209884,0.9334910645981361,1.8537699114255979
3,superior_shift,4,20261304,30261304,0.5,8,8,False,0.07448627907712045,0.07448627907712045,0.054123523423206595,0.054123523423206595,0.026024436086561825,0.026024436086561825,0.9772439551504593,0.9772439551504593,0.9683779918569327,0.9683779918569327,0.9291448101209884,0.9291448101209884,0.889738174045813,1.8100170208732749
3,superior_shift,4,20261304,30261304,1.0,8,8,False,0.07448627907712045,0.07448627907712045,0.054123523423206595,0.054123523423206595,0.026024436086561825,0.026024436086561825,0.9772439551504593,0.9772439551504593,0.9683779918569327,0.9683779918569327,0.9291448101209884,0.9291448101209884,0.8022323929411668,1.7225112397686286
4,larger_anatomy,0,20261400,30261400,0.0,10,28,True,0.15437056211488115,0.254842523727875,0.014644716701688387,0.0024670158726540054,0.0260337859014045,0.003145758195426746,0.9929948605377632,0.9895088218281394,0.9871372410351543,0.980736215630059,0.9679837041093075,0.9981124593384001,0.9929948605377632,1.978848674968459
4,larger_anatomy,0,20261400,30261400,0.025,10,27,True,0.15437056211488115,0.20985419651304266,0.014644716701688387,0.0024887542564831265,0.0260337859014045,0.003179114663490074,0.9929948605377632,0.9891760287408151,0.9871372410351543,0.9801251446741567,0.9679837041093075,0.9976104879005847,0.983395695118574,1.9646282418560728
4,larger_anatomy,0,20261400,30261400,0.05,12,27,True,0.0025568844913875354,0.20985419651304266,0.014640571386313087,0.0024887542564831265,0.026030620887406555,0.003179114663490074,0.9813921352048496,0.9891760287408151,0.9658324461631731,0.9801251446741567,0.9092242526416542,0.9976104879005847,0.9813921352048496,1.951520851137404
4,larger_anatomy,0,20261400,30261400,0.075,12,27,True,0.0025568844913875354,0.20985419651304266,0.014640571386313087,0.0024887542564831265,0.026030620887406555,0.003179114663490074,0.9813921352048496,0.9891760287408151,0.9658324461631731,0.9801251446741567,0.9092242526416542,0.9976104879005847,0.9813921352048496,1.9384134604187353
4,larger_anatomy,0,20261400,30261400,0.1,12,27,True,0.0025568844913875354,0.20985419651304266,0.014640571386313087,0.0024887542564831265,0.026030620887406555,0.003179114663490074,0.9813921352048496,0.9891760287408151,0.9658324461631731,0.9801251446741567,0.9092242526416542,0.9976104879005847,0.9813921352048496,1.9253060697000666
4,larger_anatomy,0,20261400,30261400,0.15,12,27,True,0.0025568844913875354,0.20985419651304266,0.014640571386313087,0.0024887542564831265,0.026030620887406555,0.003179114663490074,0.9813921352048496,0.9891760287408151,0.9658324461631731,0.9801251446741567,0.9092242526416542,0.9976104879005847,0.9813921352048496,1.8990912882627293
4,larger_anatomy,0,20261400,30261400,0.2,12,10,True,0.0025568844913875354,0.15437056211488115,0.014640571386313087,0.014644716701688387,0.026030620887406555,0.0260337859014045,0.9813921352048496,0.9929948605377632,0.9658324461631731,0.9871372410351543,0.9092242526416542,0.9679837041093075,0.9813921352048496,1.8783276217909481
4,larger_anatomy,0,20261400,30261400,0.25,12,12,False,0.0025568844913875354,0.0025568844913875354,0.014640571386313087,0.014640571386313087,0.026030620887406555,0.026030620887406555,0.9813921352048496,0.9813921352048496,0.9658324461631731,0.9658324461631731,0.9092242526416542,0.9092242526416542,0.9813921352048496,1.8750566988048272
4,larger_anatomy,0,20261400,30261400,0.5,12,12,False,0.0025568844913875354,0.0025568844913875354,0.014640571386313087,0.014640571386313087,0.026030620887406555,0.026030620887406555,0.9813921352048496,0.9813921352048496,0.9658324461631731,0.9658324461631731,0.9092242526416542,0.9092242526416542,0.9813921352048496,1.8750566988048272
4,larger_anatomy,0,20261400,30261400,1.0,12,12,False,0.0025568844913875354,0.0025568844913875354,0.014640571386313087,0.014640571386313087,0.026030620887406555,0.026030620887406555,0.9813921352048496,0.9813921352048496,0.9658324461631731,0.9658324461631731,0.9092242526416542,0.9092242526416542,0.9813921352048496,1.8750566988048272
4,larger_anatomy,1,20261401,30261401,0.0,35,35,False,0.09079538781129298,0.09079538781129298,0.03262290782220018,0.03262290782220018,0.026012246625435546,0.026012246625435546,0.9984673686922987,0.9984673686922987,0.9971764342074768,0.9971764342074768,0.9982628975070973,0.9982628975070973,0.9984673686922987,1.9954393317145742
4,larger_anatomy,1,20261401,30261401,0.025,35,35,False,0.09079538781129298,0.09079538781129298,0.03262290782220018,0.03262290782220018,0.026012246625435546,0.026012246625435546,0.9984673686922987,0.9984673686922987,0.9971764342074768,0.9971764342074768,0.9982628975070973,0.9982628975070973,0.9928400386510124,1.9898120016732879
4,larger_anatomy,1,20261401,30261401,0.05,35,35,False,0.09079538781129298,0.09079538781129298,0.03262290782220018,0.03262290782220018,0.026012246625435546,0.026012246625435546,0.9984673686922987,0.9984673686922987,0.9971764342074768,0.9971764342074768,0.9982628975070973,0.9982628975070973,0.9872127086097262,1.9841846716320017
4,larger_anatomy,1,20261401,30261401,0.075,12,35,True,0.0009870885578845436,0.09079538781129298,0.03262674501403902,0.03262290782220018,0.026013745449659894,0.026012246625435546,0.9825093612395445,0.9984673686922987,0.96777700609061,0.9971764342074768,0.9462040189216875,0.9982628975070973,0.9825093612395445,1.9785573415907154
4,larger_anatomy,1,20261401,30261401,0.1,12,35,True,0.0009870885578845436,0.09079538781129298,0.03262674501403902,0.03262290782220018,0.026013745449659894,0.026012246625435546,0.9825093612395445,0.9984673686922987,0.96777700609061,0.9971764342074768,0.9462040189216875,0.9982628975070973,0.9825093612395445,1.9729300115494293
4,larger_anatomy,1,20261401,30261401,0.15,12,35,True,0.0009870885578845436,0.09079538781129298,0.03262674501403902,0.03262290782220018,0.026013745449659894,0.026012246625435546,0.9825093612395445,0.9984673686922987,0.96777700609061,0.9971764342074768,0.9462040189216875,0.9982628975070973,0.9825093612395445,1.9616753514668566
4,larger_anatomy,1,20261401,30261401,0.2,12,35,True,0.0009870885578845436,0.09079538781129298,0.03262674501403902,0.03262290782220018,0.026013745449659894,0.026012246625435546,0.9825093612395445,0.9984673686922987,0.96777700609061,0.9971764342074768,0.9462040189216875,0.9982628975070973,0.9825093612395445,1.950420691384284
4,larger_anatomy,1,20261401,30261401,0.25,12,35,True,0.0009870885578845436,0.09079538781129298,0.03262674501403902,0.03262290782220018,0.026013745449659894,0.026012246625435546,0.9825093612395445,0.9984673686922987,0.96777700609061,0.9971764342074768,0.9462040189216875,0.9982628975070973,0.9825093612395445,1.9391660313017116
4,larger_anatomy,1,20261401,30261401,0.5,12,12,False,0.0009870885578845436,0.0009870885578845436,0.03262674501403902,0.03262674501403902,0.026013745449659894,0.026013745449659894,0.9825093612395445,0.9825093612395445,0.96777700609061,0.96777700609061,0.9462040189216875,0.9462040189216875,0.9825093612395445,1.9139810250122975
4,larger_anatomy,1,20261401,30261401,1.0,12,12,False,0.0009870885578845436,0.0009870885578845436,0.03262674501403902,0.03262674501403902,0.026013745449659894,0.026013745449659894,0.9825093612395445,0.9825093612395445,0.96777700609061,0.96777700609061,0.9462040189216875,0.9462040189216875,0.9825093612395445,1.9139810250122975
4,larger_anatomy,2,20261402,30261402,0.0,32,2,True,0.2563145217271799,0.15453545695974544,0.030212358052973867,0.003805485024075678,0.026017070171975337,0.003196672100454317,0.98975377060455,0.9864556527111694,0.9953898486280833,0.9939059053994003,0.992048389115797,0.9997921992072463,0.98975377060455,1.9936981046066466
4,larger_anatomy,2,20261402,30261402,0.025,12,2,True,0.0014553410568054156,0.15453545695974544,0.03021664166733784,0.003805485024075678,0.026020466560137758,0.003196672100454317,0.9770551441850535,0.9864556527111694,0.9896762746146716,0.9939059053994003,0.9865710890888512,0.9997921992072463,0.9770551441850535,1.984078576300817
4,larger_anatomy,2,20261402,30261402,0.05,12,13,True,0.0014553410568054156,0.07836198833164378,0.03021664166733784,0.003937699870233061,0.026020466560137758,0.003311105256033211,0.9770551441850535,0.9800503699168515,0.9896762746146716,0.9910239356403732,0.9865710890888512,0.9951935817139987,0.9770551441850535,1.976551916227759
4,larger_anatomy,2,20261402,30261402,0.075,12,12,False,0.0014553410568054156,0.0014553410568054156,0.03021664166733784,0.03021664166733784,0.026020466560137758,0.026020466560137758,0.9770551441850535,0.9770551441850535,0.9896762746146716,0.9896762746146716,0.9865710890888512,0.9865710890888512,0.9770551441850535,1.9762473637035227
4,larger_anatomy,2,20261402,30261402,0.1,12,12,False,0.0014553410568054156,0.0014553410568054156,0.03021664166733784,0.03021664166733784,0.026020466560137758,0.026020466560137758,0.9770551441850535,0.9770551441850535,0.9896762746146716,0.9896762746146716,0.9865710890888512,0.9865710890888512,0.9770551441850535,1.9762473637035227
4,larger_anatomy,2,20261402,30261402,0.15,12,12,False,0.0014553410568054156,0.0014553410568054156,0.03021664166733784,0.03021664166733784,0.026020466560137758,0.026020466560137758,0.9770551441850535,0.9770551441850535,0.9896762746146716,0.9896762746146716,0.9865710890888512,0.9865710890888512,0.9770551441850535,1.9762473637035227
4,larger_anatomy,2,20261402,30261402,0.2,12,12,False,0.0014553410568054156,0.0014553410568054156,0.03021664166733784,0.03021664166733784,0.026020466560137758,0.026020466560137758,0.9770551441850535,0.9770551441850535,0.9896762746146716,0.9896762746146716,0.9865710890888512,0.9865710890888512,0.9770551441850535,1.9762473637035227
4,larger_anatomy,2,20261402,30261402,0.25,12,12,False,0.0014553410568054156,0.0014553410568054156,0.03021664166733784,0.03021664166733784,0.026020466560137758,0.026020466560137758,0.9770551441850535,0.9770551441850535,0.9896762746146716,0.9896762746146716,0.9865710890888512,0.9865710890888512,0.9770551441850535,1.9762473637035227
4,larger_anatomy,2,20261402,30261402,0.5,12,12,False,0.0014553410568054156,0.0014553410568054156,0.03021664166733784,0.03021664166733784,0.026020466560137758,0.026020466560137758,0.9770551441850535,0.9770551441850535,0.9896762746146716,0.9896762746146716,0.9865710890888512,0.9865710890888512,0.9770551441850535,1.9762473637035227
4,larger_anatomy,2,20261402,30261402,1.0,12,12,False,0.0014553410568054156,0.0014553410568054156,0.03021664166733784,0.03021664166733784,0.026020466560137758,0.026020466560137758,0.9770551441850535,0.9770551441850535,0.9896762746146716,0.9896762746146716,0.9865710890888512,0.9865710890888512,0.9770551441850535,1.9762473637035227
4,larger_anatomy,3,20261403,30261403,0.0,24,24,False,0.055172431838834766,0.055172431838834766,0.048828325545530585,0.048828325545530585,0.026045712735950393,0.026045712735950393,0.9964512717907237,0.9964512717907237,0.9934675216187367,0.9934675216187367,0.9958963224748044,0.9958963224748044,0.9964512717907237,1.9893638440935413
4,larger_anatomy,3,20261403,30261403,0.025,24,24,False,0.055172431838834766,0.055172431838834766,0.048828325545530585,0.048828325545530585,0.026045712735950393,0.026045712735950393,0.9964512717907237,0.9964512717907237,0.9934675216187367,0.9934675216187367,0.9958963224748044,0.9958963224748044,0.9932035725601224,1.9861161448629399
4,larger_anatomy,3,20261403,30261403,0.05,24,24,False,0.055172431838834766,0.055172431838834766,0.048828325545530585,0.048828325545530585,0.026045712735950393,0.026045712735950393,0.9964512717907237,0.9964512717907237,0.9934675216187367,0.9934675216187367,0.9958963224748044,0.9958963224748044,0.989955873329521,1.9828684456323387
4,larger_anatomy,3,20261403,30261403,0.075,24,24,False,0.055172431838834766,0.055172431838834766,0.048828325545530585,0.048828325545530585,0.026045712735950393,0.026045712735950393,0.9964512717907237,0.9964512717907237,0.9934675216187367,0.9934675216187367,0.9958963224748044,0.9958963224748044,0.9867081740989196,1.9796207464017372
4,larger_anatomy,3,20261403,30261403,0.1,24,24,False,0.055172431838834766,0.055172431838834766,0.048828325545530585,0.048828325545530585,0.026045712735950393,0.026045712735950393,0.9964512717907237,0.9964512717907237,0.9934675216187367,0.9934675216187367,0.9958963224748044,0.9958963224748044,0.9834604748683182,1.9763730471711358
4,larger_anatomy,3,20261403,30261403,0.15,24,24,False,0.055172431838834766,0.055172431838834766,0.048828325545530585,0.048828325545530585,0.026045712735950393,0.026045712735950393,0.9964512717907237,0.9964512717907237,0.9934675216187367,0.9934675216187367,0.9958963224748044,0.9958963224748044,0.9769650764071155,1.9698776487099332
4,larger_anatomy,3,20261403,30261403,0.2,24,24,False,0.055172431838834766,0.055172431838834766,0.048828325545530585,0.048828325545530585,0.026045712735950393,0.026045712735950393,0.9964512717907237,0.9964512717907237,0.9934675216187367,0.9934675216187367,0.9958963224748044,0.9958963224748044,0.9704696779459128,1.9633822502487304
4,larger_anatomy,3,20261403,30261403,0.25,24,24,False,0.055172431838834766,0.055172431838834766,0.048828325545530585,0.048828325545530585,0.026045712735950393,0.026045712735950393,0.9964512717907237,0.9964512717907237,0.9934675216187367,0.9934675216187367,0.9958963224748044,0.9958963224748044,0.96397427948471,1.9568868517875277
4,larger_anatomy,3,20261403,30261403,0.5,24,24,False,0.055172431838834766,0.055172431838834766,0.048828325545530585,0.048828325545530585,0.026045712735950393,0.026045712735950393,0.9964512717907237,0.9964512717907237,0.9934675216187367,0.9934675216187367,0.9958963224748044,0.9958963224748044,0.9314972871786964,1.924409859481514
4,larger_anatomy,3,20261403,30261403,1.0,24,24,False,0.055172431838834766,0.055172431838834766,0.048828325545530585,0.048828325545530585,0.026045712735950393,0.026045712735950393,0.9964512717907237,0.9964512717907237,0.9934675216187367,0.9934675216187367,0.9958963224748044,0.9958963224748044,0.8665433025666692,1.8594558748694867
4,larger_anatomy,4,20261404,30261404,0.0,11,29,True,0.09211042416270943,0.28549449642911257,0.0362757200358594,0.004697816382180051,0.026015010464546774,0.0032479473489736878,0.9948244307755607,0.9914023204782556,0.9922371265638299,0.9871042787608962,0.9835403466569952,0.9986667875137519,0.9948244307755607,1.9857710662746482
4,larger_anatomy,4,20261404,30261404,0.025,11,11,False,0.09211042416270943,0.09211042416270943,0.0362757200358594,0.0362757200358594,0.026015010464546774,0.026015010464546774,0.9948244307755607,0.9948244307755607,0.9922371265638299,0.9922371265638299,0.9835403466569952,0.9835403466569952,0.9891144234166745,1.9700674658619388
4,larger_anatomy,4,20261404,30261404,0.05,0,11,True,0.05305333057405032,0.09211042416270943,0.03627569058303259,0.0362757200358594,0.026014991794621273,0.026015010464546774,0.9908042111773323,0.9948244307755607,0.9862071703264966,0.9922371265638299,0.9675542870919287,0.9835403466569952,0.9842784890779801,1.9643574585030528
4,larger_anatomy,4,20261404,30261404,0.075,0,11,True,0.05305333057405032,0.09211042416270943,0.03627569058303259,0.0362757200358594,0.026014991794621273,0.026015010464546774,0.9908042111773323,0.9948244307755607,0.9862071703264966,0.9922371265638299,0.9675542870919287,0.9835403466569952,0.981015628028304,1.9586474511441665
4,larger_anatomy,4,20261404,30261404,0.1,0,11,True,0.05305333057405032,0.09211042416270943,0.03627569058303259,0.0362757200358594,0.026014991794621273,0.026015010464546774,0.9908042111773323,0.9948244307755607,0.9862071703264966,0.9922371265638299,0.9675542870919287,0.9835403466569952,0.9777527669786279,1.9529374437852802
4,larger_anatomy,4,20261404,30261404,0.15,0,11,True,0.05305333057405032,0.09211042416270943,0.03627569058303259,0.0362757200358594,0.026014991794621273,0.026015010464546774,0.9908042111773323,0.9948244307755607,0.9862071703264966,0.9922371265638299,0.9675542870919287,0.9835403466569952,0.9712270448792758,1.941517429067508
4,larger_anatomy,4,20261404,30261404,0.2,0,11,True,0.05305333057405032,0.09211042416270943,0.03627569058303259,0.0362757200358594,0.026014991794621273,0.026015010464546774,0.9908042111773323,0.9948244307755607,0.9862071703264966,0.9922371265638299,0.9675542870919287,0.9835403466569952,0.9647013227799236,1.9300974143497354
4,larger_anatomy,4,20261404,30261404,0.25,0,0,False,0.05305333057405032,0.05305333057405032,0.03627569058303259,0.03627569058303259,0.026014991794621273,0.026014991794621273,0.9908042111773323,0.9908042111773323,0.9862071703264966,0.9862071703264966,0.9675542870919287,0.9675542870919287,0.9581756006805714,1.9211328469216644
4,larger_anatomy,4,20261404,30261404,0.5,0,0,False,0.05305333057405032,0.05305333057405032,0.03627569058303259,0.03627569058303259,0.026014991794621273,0.026014991794621273,0.9908042111773323,0.9908042111773323,0.9862071703264966,0.9862071703264966,0.9675542870919287,0.9675542870919287,0.9255469901838105,1.8885042364249036
4,larger_anatomy,4,20261404,30261404,1.0,0,0,False,0.05305333057405032,0.05305333057405032,0.03627569058303259,0.03627569058303259,0.026014991794621273,0.026014991794621273,0.9908042111773323,0.9908042111773323,0.9862071703264966,0.9862071703264966,0.9675542870919287,0.9675542870919287,0.8602897691902887,1.8232470154313818
5,smaller_anatomy,0,20261500,30261500,0.0,34,4,True,0.2861885313594637,0.09249725150104231,0.005319232029561617,0.005158914482440035,0.002981262487791142,0.002903656814702165,0.9917052675439455,0.9864902509170591,0.9872722834272887,0.9792701864457833,0.9817726714086641,0.9994723920443742,0.9917052675439455,1.9787425784901576
5,smaller_anatomy,0,20261500,30261500,0.025,15,4,True,0.0013625330792061616,0.09249725150104231,0.005394620953587478,0.005158914482440035,0.00301608247455704,0.002903656814702165,0.9816232024644906,0.9864902509170591,0.9718020235390066,0.9792701864457833,0.9917859762855752,0.9994723920443742,0.9816232024644906,1.9730380862036636
5,smaller_anatomy,0,20261500,30261500,0.05,15,4,True,0.0013625330792061616,0.09249725150104231,0.005394620953587478,0.005158914482440035,0.00301608247455704,0.002903656814702165,0.9816232024644906,0.9864902509170591,0.9718020235390066,0.9792701864457833,0.9917859762855752,0.9994723920443742,0.9816232024644906,1.9673335939171697
5,smaller_anatomy,0,20261500,30261500,0.075,15,15,False,0.0013625330792061616,0.0013625330792061616,0.005394620953587478,0.005394620953587478,0.00301608247455704,0.00301608247455704,0.9816232024644906,0.9816232024644906,0.9718020235390066,0.9718020235390066,0.9917859762855752,0.9917859762855752,0.9816232024644906,1.9635879998245818
5,smaller_anatomy,0,20261500,30261500,0.1,15,15,False,0.0013625330792061616,0.0013625330792061616,0.005394620953587478,0.005394620953587478,0.00301608247455704,0.00301608247455704,0.9816232024644906,0.9816232024644906,0.9718020235390066,0.9718020235390066,0.9917859762855752,0.9917859762855752,0.9816232024644906,1.9635879998245818
5,smaller_anatomy,0,20261500,30261500,0.15,15,15,False,0.0013625330792061616,0.0013625330792061616,0.005394620953587478,0.005394620953587478,0.00301608247455704,0.00301608247455704,0.9816232024644906,0.9816232024644906,0.9718020235390066,0.9718020235390066,0.9917859762855752,0.9917859762855752,0.9816232024644906,1.9635879998245818
5,smaller_anatomy,0,20261500,30261500,0.2,15,15,False,0.0013625330792061616,0.0013625330792061616,0.005394620953587478,0.005394620953587478,0.00301608247455704,0.00301608247455704,0.9816232024644906,0.9816232024644906,0.9718020235390066,0.9718020235390066,0.9917859762855752,0.9917859762855752,0.9816232024644906,1.9635879998245818
5,smaller_anatomy,0,20261500,30261500,0.25,15,15,False,0.0013625330792061616,0.0013625330792061616,0.005394620953587478,0.005394620953587478,0.00301608247455704,0.00301608247455704,0.9816232024644906,0.9816232024644906,0.9718020235390066,0.9718020235390066,0.9917859762855752,0.9917859762855752,0.9816232024644906,1.9635879998245818
5,smaller_anatomy,0,20261500,30261500,0.5,15,15,False,0.0013625330792061616,0.0013625330792061616,0.005394620953587478,0.005394620953587478,0.00301608247455704,0.00301608247455704,0.9816232024644906,0.9816232024644906,0.9718020235390066,0.9718020235390066,0.9917859762855752,0.9917859762855752,0.9816232024644906,1.9635879998245818
5,smaller_anatomy,0,20261500,30261500,1.0,15,15,False,0.0013625330792061616,0.0013625330792061616,0.005394620953587478,0.005394620953587478,0.00301608247455704,0.00301608247455704,0.9816232024644906,0.9816232024644906,0.9718020235390066,0.9718020235390066,0.9917859762855752,0.9917859762855752,0.9816232024644906,1.9635879998245818
5,smaller_anatomy,1,20261501,30261501,0.0,16,16,False,0.07819936071446043,0.07819936071446043,0.005723064287011153,0.005723064287011153,0.0029498676618170305,0.0029498676618170305,0.9871314875459483,0.9871314875459483,0.978550300675891,0.978550300675891,0.9986579595446468,0.9986579595446468,0.9871314875459483,1.9772082602205376
5,smaller_anatomy,1,20261501,30261501,0.025,15,16,True,0.001878497006586264,0.07819936071446043,0.005972757554439699,0.005723064287011153,0.0030454104504443764,0.0029498676618170305,0.9841121315787685,0.9871314875459483,0.9735175295704733,0.978550300675891,0.9916696254455666,0.9986579595446468,0.9841121315787685,1.9724004989918111
5,smaller_anatomy,1,20261501,30261501,0.05,15,16,True,0.001878497006586264,0.07819936071446043,0.005972757554439699,0.005723064287011153,0.0030454104504443764,0.0029498676618170305,0.9841121315787685,0.9871314875459483,0.9735175295704733,0.978550300675891,0.9916696254455666,0.9986579595446468,0.9841121315787685,1.9675927377630846
5,smaller_anatomy,1,20261501,30261501,0.075,15,15,False,0.001878497006586264,0.001878497006586264,0.005972757554439699,0.005972757554439699,0.0030454104504443764,0.0030454104504443764,0.9841121315787685,0.9841121315787685,0.9735175295704733,0.9735175295704733,0.9916696254455666,0.9916696254455666,0.9841121315787685,1.9651871550160398
5,smaller_anatomy,1,20261501,30261501,0.1,15,15,False,0.001878497006586264,0.001878497006586264,0.005972757554439699,0.005972757554439699,0.0030454104504443764,0.0030454104504443764,0.9841121315787685,0.9841121315787685,0.9735175295704733,0.9735175295704733,0.9916696254455666,0.9916696254455666,0.9841121315787685,1.9651871550160398
5,smaller_anatomy,1,20261501,30261501,0.15,15,15,False,0.001878497006586264,0.001878497006586264,0.005972757554439699,0.005972757554439699,0.0030454104504443764,0.0030454104504443764,0.9841121315787685,0.9841121315787685,0.9735175295704733,0.9735175295704733,0.9916696254455666,0.9916696254455666,0.9841121315787685,1.9651871550160398
5,smaller_anatomy,1,20261501,30261501,0.2,15,15,False,0.001878497006586264,0.001878497006586264,0.005972757554439699,0.005972757554439699,0.0030454104504443764,0.0030454104504443764,0.9841121315787685,0.9841121315787685,0.9735175295704733,0.9735175295704733,0.9916696254455666,0.9916696254455666,0.9841121315787685,1.9651871550160398
5,smaller_anatomy,1,20261501,30261501,0.25,15,15,False,0.001878497006586264,0.001878497006586264,0.005972757554439699,0.005972757554439699,0.0030454104504443764,0.0030454104504443764,0.9841121315787685,0.9841121315787685,0.9735175295704733,0.9735175295704733,0.9916696254455666,0.9916696254455666,0.9841121315787685,1.9651871550160398
5,smaller_anatomy,1,20261501,30261501,0.5,15,15,False,0.001878497006586264,0.001878497006586264,0.005972757554439699,0.005972757554439699,0.0030454104504443764,0.0030454104504443764,0.9841121315787685,0.9841121315787685,0.9735175295704733,0.9735175295704733,0.9916696254455666,0.9916696254455666,0.9841121315787685,1.9651871550160398
5,smaller_anatomy,1,20261501,30261501,1.0,15,15,False,0.001878497006586264,0.001878497006586264,0.005972757554439699,0.005972757554439699,0.0030454104504443764,0.0030454104504443764,0.9841121315787685,0.9841121315787685,0.9735175295704733,0.9735175295704733,0.9916696254455666,0.9916696254455666,0.9841121315787685,1.9651871550160398
5,smaller_anatomy,2,20261502,30261502,0.0,4,4,False,0.0929232110376213,0.0929232110376213,0.00604980266534333,0.00604980266534333,0.0029267660440326225,0.0029267660440326225,0.9879377517928982,0.9879377517928982,0.9797523856306819,0.9797523856306819,0.9977160423013668,0.9977160423013668,0.9879377517928982,1.9774684279320487
5,smaller_anatomy,2,20261502,30261502,0.025,15,16,True,0.0024683472606868814,0.07871888831556705,0.006369347611150107,0.0061220670870596496,0.003059068320054408,0.0029593795145872485,0.9864059457814662,0.9876925586395843,0.9771811056441022,0.9793408059376547,0.9945661623394966,0.9974662807892819,0.9864059457814662,1.9719932323237686
5,smaller_anatomy,2,20261502,30261502,0.05,15,15,False,0.0024683472606868814,0.0024683472606868814,0.006369347611150107,0.006369347611150107,0.003059068320054408,0.003059068320054408,0.9864059457814662,0.9864059457814662,0.9771811056441022,0.9771811056441022,0.9945661623394966,0.9945661623394966,0.9864059457814662,1.9717472679835988
5,smaller_anatomy,2,20261502,30261502,0.075,15,15,False,0.0024683472606868814,0.0024683472606868814,0.006369347611150107,0.006369347611150107,0.003059068320054408,0.003059068320054408,0.9864059457814662,0.9864059457814662,0.9771811056441022,0.9771811056441022,0.9945661623394966,0.9945661623394966,0.9864059457814662,1.9717472679835988
5,smaller_anatomy,2,20261502,30261502,0.1,15,15,False,0.0024683472606868814,0.0024683472606868814,0.006369347611150107,0.006369347611150107,0.003059068320054408,0.003059068320054408,0.9864059457814662,0.9864059457814662,0.9771811056441022,0.9771811056441022,0.9945661623394966,0.9945661623394966,0.9864059457814662,1.9717472679835988
5,smaller_anatomy,2,20261502,30261502,0.15,15,15,False,0.0024683472606868814,0.0024683472606868814,0.006369347611150107,0.006369347611150107,0.003059068320054408,0.003059068320054408,0.9864059457814662,0.9864059457814662,0.9771811056441022,0.9771811056441022,0.9945661623394966,0.9945661623394966,0.9864059457814662,1.9717472679835988
5,smaller_anatomy,2,20261502,30261502,0.2,15,15,False,0.0024683472606868814,0.0024683472606868814,0.006369347611150107,0.006369347611150107,0.003059068320054408,0.003059068320054408,0.9864059457814662,0.9864059457814662,0.9771811056441022,0.9771811056441022,0.9945661623394966,0.9945661623394966,0.9864059457814662,1.9717472679835988
5,smaller_anatomy,2,20261502,30261502,0.25,15,15,False,0.0024683472606868814,0.0024683472606868814,0.006369347611150107,0.006369347611150107,0.003059068320054408,0.003059068320054408,0.9864059457814662,0.9864059457814662,0.9771811056441022,0.9771811056441022,0.9945661623394966,0.9945661623394966,0.9864059457814662,1.9717472679835988
5,smaller_anatomy,2,20261502,30261502,0.5,15,15,False,0.0024683472606868814,0.0024683472606868814,0.006369347611150107,0.006369347611150107,0.003059068320054408,0.003059068320054408,0.9864059457814662,0.9864059457814662,0.9771811056441022,0.9771811056441022,0.9945661623394966,0.9945661623394966,0.9864059457814662,1.9717472679835988
5,smaller_anatomy,2,20261502,30261502,1.0,15,15,False,0.0024683472606868814,0.0024683472606868814,0.006369347611150107,0.006369347611150107,0.003059068320054408,0.003059068320054408,0.9864059457814662,0.9864059457814662,0.9771811056441022,0.9771811056441022,0.9945661623394966,0.9945661623394966,0.9864059457814662,1.9717472679835988
5,smaller_anatomy,3,20261503,30261503,0.0,16,16,False,0.0751049577341459,0.0751049577341459,0.0023288811570971223,0.0023288811570971223,0.0029645457133982973,0.0029645457133982973,0.9878112503455188,0.9878112503455188,0.9797418150733032,0.9797418150733032,0.9983549684518701,0.9983549684518701,0.9878112503455188,1.9780967835251733
5,smaller_anatomy,3,20261503,30261503,0.025,15,16,True,0.003086313817247514,0.0751049577341459,0.0023659503418061506,0.0023288811570971223,0.003038924927698015,0.0029645457133982973,0.9855573048071704,0.9878112503455188,0.9759956682719553,0.9797418150733032,0.9933955769874727,0.9983549684518701,0.9855573048071704,1.9735339385467119
5,smaller_anatomy,3,20261503,30261503,0.05,15,15,False,0.003086313817247514,0.003086313817247514,0.0023659503418061506,0.0023659503418061506,0.003038924927698015,0.003038924927698015,0.9855573048071704,0.9855573048071704,0.9759956682719553,0.9759956682719553,0.9933955769874727,0.9933955769874727,0.9855573048071704,1.969391245259428
5,smaller_anatomy,3,20261503,30261503,0.075,15,15,False,0.003086313817247514,0.003086313817247514,0.0023659503418061506,0.0023659503418061506,0.003038924927698015,0.003038924927698015,0.9855573048071704,0.9855573048071704,0.9759956682719553,0.9759956682719553,0.9933955769874727,0.9933955769874727,0.9855573048071704,1.969391245259428
5,smaller_anatomy,3,20261503,30261503,0.1,15,15,False,0.003086313817247514,0.003086313817247514,0.0023659503418061506,0.0023659503418061506,0.003038924927698015,0.003038924927698015,0.9855573048071704,0.9855573048071704,0.9759956682719553,0.9759956682719553,0.9933955769874727,0.9933955769874727,0.9855573048071704,1.969391245259428
5,smaller_anatomy,3,20261503,30261503,0.15,15,15,False,0.003086313817247514,0.003086313817247514,0.0023659503418061506,0.0023659503418061506,0.003038924927698015,0.003038924927698015,0.9855573048071704,0.9855573048071704,0.9759956682719553,0.9759956682719553,0.9933955769874727,0.9933955769874727,0.9855573048071704,1.969391245259428
5,smaller_anatomy,3,20261503,30261503,0.2,15,15,False,0.003086313817247514,0.003086313817247514,0.0023659503418061506,0.0023659503418061506,0.003038924927698015,0.003038924927698015,0.9855573048071704,0.9855573048071704,0.9759956682719553,0.9759956682719553,0.9933955769874727,0.9933955769874727,0.9855573048071704,1.969391245259428
5,smaller_anatomy,3,20261503,30261503,0.25,15,15,False,0.003086313817247514,0.003086313817247514,0.0023659503418061506,0.0023659503418061506,0.003038924927698015,0.003038924927698015,0.9855573048071704,0.9855573048071704,0.9759956682719553,0.9759956682719553,0.9933955769874727,0.9933955769874727,0.9855573048071704,1.969391245259428
5,smaller_anatomy,3,20261503,30261503,0.5,15,15,False,0.003086313817247514,0.003086313817247514,0.0023659503418061506,0.0023659503418061506,0.003038924927698015,0.003038924927698015,0.9855573048071704,0.9855573048071704,0.9759956682719553,0.9759956682719553,0.9933955769874727,0.9933955769874727,0.9855573048071704,1.969391245259428
5,smaller_anatomy,3,20261503,30261503,1.0,15,15,False,0.003086313817247514,0.003086313817247514,0.0023659503418061506,0.0023659503418061506,0.003038924927698015,0.003038924927698015,0.9855573048071704,0.9855573048071704,0.9759956682719553,0.9759956682719553,0.9933955769874727,0.9933955769874727,0.9855573048071704,1.969391245259428
5,smaller_anatomy,4,20261504,30261504,0.0,16,16,False,0.07575468026648854,0.07575468026648854,0.0014030899090215643,0.0014030899090215643,0.0029319867178707743,0.0029319867178707743,0.987976895171,0.987976895171,0.9809149686907342,0.9809149686907342,0.9978375085637815,0.9978375085637815,0.987976895171,1.9787524772545158
5,smaller_anatomy,4,20261504,30261504,0.025,15,16,True,0.0018923079450032735,0.07575468026648854,0.0014342315496935257,0.0014030899090215643,0.003015225122106552,0.0029319867178707743,0.986526938755407,0.987976895171,0.9786133615782422,0.9809149686907342,0.994840722902443,0.9978375085637815,0.986526938755407,1.9741091913801723
5,smaller_anatomy,4,20261504,30261504,0.05,15,15,False,0.0018923079450032735,0.0018923079450032735,0.0014342315496935257,0.0014342315496935257,0.003015225122106552,0.003015225122106552,0.986526938755407,0.986526938755407,0.9786133615782422,0.9786133615782422,0.994840722902443,0.994840722902443,0.986526938755407,1.9734540844806852
5,smaller_anatomy,4,20261504,30261504,0.075,15,15,False,0.0018923079450032735,0.0018923079450032735,0.0014342315496935257,0.0014342315496935257,0.003015225122106552,0.003015225122106552,0.986526938755407,0.986526938755407,0.9786133615782422,0.9786133615782422,0.994840722902443,0.994840722902443,0.986526938755407,1.9734540844806852
5,smaller_anatomy,4,20261504,30261504,0.1,15,15,False,0.0018923079450032735,0.0018923079450032735,0.0014342315496935257,0.0014342315496935257,0.003015225122106552,0.003015225122106552,0.986526938755407,0.986526938755407,0.9786133615782422,0.9786133615782422,0.994840722902443,0.994840722902443,0.986526938755407,1.9734540844806852
5,smaller_anatomy,4,20261504,30261504,0.15,15,15,False,0.0018923079450032735,0.0018923079450032735,0.0014342315496935257,0.0014342315496935257,0.003015225122106552,0.003015225122106552,0.986526938755407,0.986526938755407,0.9786133615782422,0.9786133615782422,0.994840722902443,0.994840722902443,0.986526938755407,1.9734540844806852
5,smaller_anatomy,4,20261504,30261504,0.2,15,15,False,0.0018923079450032735,0.0018923079450032735,0.0014342315496935257,0.0014342315496935257,0.003015225122106552,0.003015225122106552,0.986526938755407,0.986526938755407,0.9786133615782422,0.9786133615782422,0.994840722902443,0.994840722902443,0.986526938755407,1.9734540844806852
5,smaller_anatomy,4,20261504,30261504,0.25,15,15,False,0.0018923079450032735,0.0018923079450032735,0.0014342315496935257,0.0014342315496935257,0.003015225122106552,0.003015225122106552,0.986526938755407,0.986526938755407,0.9786133615782422,0.9786133615782422,0.994840722902443,0.994840722902443,0.986526938755407,1.9734540844806852
5,smaller_anatomy,4,20261504,30261504,0.5,15,15,False,0.0018923079450032735,0.0018923079450032735,0.0014342315496935257,0.0014342315496935257,0.003015225122106552,0.003015225122106552,0.986526938755407,0.986526938755407,0.9786133615782422,0.9786133615782422,0.994840722902443,0.994840722902443,0.986526938755407,1.9734540844806852
5,smaller_anatomy,4,20261504,30261504,1.0,15,15,False,0.0018923079450032735,0.0018923079450032735,0.0014342315496935257,0.0014342315496935257,0.003015225122106552,0.003015225122106552,0.986526938755407,0.986526938755407,0.9786133615782422,0.9786133615782422,0.994840722902443,0.994840722902443,0.986526938755407,1.9734540844806852
6,larger_safety_margin,0,20261600,30261600,0.0,34,4,True,0.25621660968696425,0.1535586388912067,0.03634354025330527,0.00347040669365069,0.026076381293181218,0.003014705589352384,0.9875183477516617,0.987010843660902,0.9809592535715349,0.9801850566534266,0.9635606230103705,0.9989490276731259,0.9875183477516617,1.9791340843265526
6,larger_safety_margin,0,20261600,30261600,0.025,18,4,True,0.005503897564832168,0.1535586388912067,0.003941376242670164,0.00347040669365069,0.003346466693679168,0.003014705589352384,0.9783885140883115,0.987010843660902,0.9670317026144044,0.9801850566534266,0.954555168126917,0.9989490276731259,0.9783885140883115,1.9697192626765287
6,larger_safety_margin,0,20261600,30261600,0.05,18,4,True,0.005503897564832168,0.1535586388912067,0.003941376242670164,0.00347040669365069,0.003346466693679168,0.003014705589352384,0.9783885140883115,0.987010843660902,0.9670317026144044,0.9801850566534266,0.954555168126917,0.9989490276731259,0.9783885140883115,1.9603044410265051
6,larger_safety_margin,0,20261600,30261600,0.075,18,4,True,0.005503897564832168,0.1535586388912067,0.003941376242670164,0.00347040669365069,0.003346466693679168,0.003014705589352384,0.9783885140883115,0.987010843660902,0.9670317026144044,0.9801850566534266,0.954555168126917,0.9989490276731259,0.9783885140883115,1.9508896193764813
6,larger_safety_margin,0,20261600,30261600,0.1,18,4,True,0.005503897564832168,0.1535586388912067,0.003941376242670164,0.00347040669365069,0.003346466693679168,0.003014705589352384,0.9783885140883115,0.987010843660902,0.9670317026144044,0.9801850566534266,0.954555168126917,0.9989490276731259,0.9783885140883115,1.9414747977264577
6,larger_safety_margin,0,20261600,30261600,0.15,18,17,True,0.005503897564832168,0.07916651270440042,0.003941376242670164,0.0037320255458068866,0.003346466693679168,0.0032008056719926683,0.9783885140883115,0.9814170023864212,0.9670317026144044,0.9716516580977466,0.954555168126917,0.984081951396525,0.9783885140883115,1.9276283136719148
6,larger_safety_margin,0,20261600,30261600,0.2,18,18,False,0.005503897564832168,0.005503897564832168,0.003941376242670164,0.003941376242670164,0.003346466693679168,0.003346466693679168,0.9783885140883115,0.9783885140883115,0.9670317026144044,0.9670317026144044,0.954555168126917,0.954555168126917,0.9783885140883115,1.9215868707413213
6,larger_safety_margin,0,20261600,30261600,0.25,18,18,False,0.005503897564832168,0.005503897564832168,0.003941376242670164,0.003941376242670164,0.003346466693679168,0.003346466693679168,0.9783885140883115,0.9783885140883115,0.9670317026144044,0.9670317026144044,0.954555168126917,0.954555168126917,0.9783885140883115,1.9215868707413213
6,larger_safety_margin,0,20261600,30261600,0.5,18,18,False,0.005503897564832168,0.005503897564832168,0.003941376242670164,0.003941376242670164,0.003346466693679168,0.003346466693679168,0.9783885140883115,0.9783885140883115,0.9670317026144044,0.9670317026144044,0.954555168126917,0.954555168126917,0.9783885140883115,1.9215868707413213
6,larger_safety_margin,0,20261600,30261600,1.0,18,18,False,0.005503897564832168,0.005503897564832168,0.003941376242670164,0.003941376242670164,0.003346466693679168,0.003346466693679168,0.9783885140883115,0.9783885140883115,0.9670317026144044,0.9670317026144044,0.954555168126917,0.954555168126917,0.9783885140883115,1.9215868707413213
6,larger_safety_margin,1,20261601,30261601,0.0,16,16,False,0.14658905265354966,0.14658905265354966,0.004886452370054261,0.004886452370054261,0.002914094522489627,0.002914094522489627,0.9875928021991509,0.9875928021991509,0.9808376737910541,0.9808376737910541,0.9984225341603437,0.9984225341603437,0.9875928021991509,1.979260207951398
6,larger_safety_margin,1,20261601,30261601,0.025,18,16,True,0.004692157413736891,0.14658905265354966,0.005465685725791442,0.004886452370054261,0.0032841328252437157,0.002914094522489627,0.9798437978514857,0.9875928021991509,0.9688697055610047,0.9808376737910541,0.9535546938591554,0.9984225341603437,0.9798437978514857,1.9702621620670393
6,larger_safety_margin,1,20261601,30261601,0.05,18,16,True,0.004692157413736891,0.14658905265354966,0.005465685725791442,0.004886452370054261,0.0032841328252437157,0.002914094522489627,0.9798437978514857,0.9875928021991509,0.9688697055610047,0.9808376737910541,0.9535546938591554,0.9984225341603437,0.9798437978514857,1.9612641161826807
6,larger_safety_margin,1,20261601,30261601,0.075,18,16,True,0.004692157413736891,0.14658905265354966,0.005465685725791442,0.004886452370054261,0.0032841328252437157,0.002914094522489627,0.9798437978514857,0.9875928021991509,0.9688697055610047,0.9808376737910541,0.9535546938591554,0.9984225341603437,0.9798437978514857,1.952266070298322
6,larger_safety_margin,1,20261601,30261601,0.1,18,16,True,0.004692157413736891,0.14658905265354966,0.005465685725791442,0.004886452370054261,0.0032841328252437157,0.002914094522489627,0.9798437978514857,0.9875928021991509,0.9688697055610047,0.9808376737910541,0.9535546938591554,0.9984225341603437,0.9798437978514857,1.9432680244139635
6,larger_safety_margin,1,20261601,30261601,0.15,18,17,True,0.004692157413736891,0.07419357843894785,0.005465685725791442,0.005229652759115474,0.0032841328252437157,0.003133725189770506,0.9798437978514857,0.9828948897096887,0.9688697055610047,0.9735819716519302,0.9535546938591554,0.9840735753048848,0.9798437978514857,1.931211967298949
6,larger_safety_margin,1,20261601,30261601,0.2,18,18,False,0.004692157413736891,0.004692157413736891,0.005465685725791442,0.005465685725791442,0.0032841328252437157,0.0032841328252437157,0.9798437978514857,0.9798437978514857,0.9688697055610047,0.9688697055610047,0.9535546938591554,0.9535546938591554,0.9798437978514857,1.92242439942016
6,larger_safety_margin,1,20261601,30261601,0.25,18,18,False,0.004692157413736891,0.004692157413736891,0.005465685725791442,0.005465685725791442,0.0032841328252437157,0.0032841328252437157,0.9798437978514857,0.9798437978514857,0.9688697055610047,0.9688697055610047,0.9535546938591554,0.9535546938591554,0.9798437978514857,1.92242439942016
6,larger_safety_margin,1,20261601,30261601,0.5,18,18,False,0.004692157413736891,0.004692157413736891,0.005465685725791442,0.005465685725791442,0.0032841328252437157,0.0032841328252437157,0.9798437978514857,0.9798437978514857,0.9688697055610047,0.9688697055610047,0.9535546938591554,0.9535546938591554,0.9798437978514857,1.92242439942016
6,larger_safety_margin,1,20261601,30261601,1.0,18,18,False,0.004692157413736891,0.004692157413736891,0.005465685725791442,0.005465685725791442,0.0032841328252437157,0.0032841328252437157,0.9798437978514857,0.9798437978514857,0.9688697055610047,0.9688697055610047,0.9535546938591554,0.9535546938591554,0.9798437978514857,1.92242439942016
6,larger_safety_margin,2,20261602,30261602,0.0,4,4,False,0.15605896304011332,0.15605896304011332,0.0014982642949272768,0.0014982642949272768,0.002931030844192664,0.002931030844192664,0.9867117372492207,0.9867117372492207,0.980112647489132,0.980112647489132,0.9985595563913109,0.9985595563913109,0.9867117372492207,1.9786722038804427
6,larger_safety_margin,2,20261602,30261602,0.025,18,4,True,0.0027835122270184493,0.15605896304011332,0.0016017783173028466,0.0014982642949272768,0.0033252728586742894,0.002931030844192664,0.9775172502053426,0.9867117372492207,0.9663520823627774,0.980112647489132,0.9477948426559667,0.9985595563913109,0.9775172502053426,1.9689977517146497
6,larger_safety_margin,2,20261602,30261602,0.05,18,4,True,0.0027835122270184493,0.15605896304011332,0.0016017783173028466,0.0014982642949272768,0.0033252728586742894,0.002931030844192664,0.9775172502053426,0.9867117372492207,0.9663520823627774,0.980112647489132,0.9477948426559667,0.9985595563913109,0.9775172502053426,1.9593232995488568
6,larger_safety_margin,2,20261602,30261602,0.075,18,4,True,0.0027835122270184493,0.15605896304011332,0.0016017783173028466,0.0014982642949272768,0.0033252728586742894,0.002931030844192664,0.9775172502053426,0.9867117372492207,0.9663520823627774,0.980112647489132,0.9477948426559667,0.9985595563913109,0.9775172502053426,1.949648847383064
6,larger_safety_margin,2,20261602,30261602,0.1,18,4,True,0.0027835122270184493,0.15605896304011332,0.0016017783173028466,0.0014982642949272768,0.0033252728586742894,0.002931030844192664,0.9775172502053426,0.9867117372492207,0.9663520823627774,0.980112647489132,0.9477948426559667,0.9985595563913109,0.9775172502053426,1.939974395217271
6,larger_safety_margin,2,20261602,30261602,0.15,18,17,True,0.0027835122270184493,0.07958129384342733,0.0016017783173028466,0.0015668646225702283,0.0033252728586742894,0.0031779868094335487,0.9775172502053426,0.9805672629731619,0.9663520823627774,0.970916763255523,0.9477948426559667,0.9806618425704366,0.9775172502053426,1.9224946346846339
6,larger_safety_margin,2,20261602,30261602,0.2,18,18,False,0.0027835122270184493,0.0027835122270184493,0.0016017783173028466,0.0016017783173028466,0.0033252728586742894,0.0033252728586742894,0.9775172502053426,0.9775172502053426,0.9663520823627774,0.9663520823627774,0.9477948426559667,0.9477948426559667,0.9775172502053426,1.914146925018744
6,larger_safety_margin,2,20261602,30261602,0.25,18,18,False,0.0027835122270184493,0.0027835122270184493,0.0016017783173028466,0.0016017783173028466,0.0033252728586742894,0.0033252728586742894,0.9775172502053426,0.9775172502053426,0.9663520823627774,0.9663520823627774,0.9477948426559667,0.9477948426559667,0.9775172502053426,1.914146925018744
6,larger_safety_margin,2,20261602,30261602,0.5,18,18,False,0.0027835122270184493,0.0027835122270184493,0.0016017783173028466,0.0016017783173028466,0.0033252728586742894,0.0033252728586742894,0.9775172502053426,0.9775172502053426,0.9663520823627774,0.9663520823627774,0.9477948426559667,0.9477948426559667,0.9775172502053426,1.914146925018744
6,larger_safety_margin,2,20261602,30261602,1.0,18,18,False,0.0027835122270184493,0.0027835122270184493,0.0016017783173028466,0.0016017783173028466,0.0033252728586742894,0.0033252728586742894,0.9775172502053426,0.9775172502053426,0.9663520823627774,0.9663520823627774,0.9477948426559667,0.9477948426559667,0.9775172502053426,1.914146925018744
6,larger_safety_margin,3,20261603,30261603,0.0,4,4,False,0.15436474267960298,0.15436474267960298,0.007510572541254451,0.007510572541254451,0.0029062797586870137,0.0029062797586870137,0.987542117182697,0.987542117182697,0.9800564963316305,0.9800564963316305,0.9985361045489867,0.9985361045489867,0.987542117182697,1.9785926008806172
6,larger_safety_margin,3,20261603,30261603,0.025,18,4,True,0.0005695734294964758,0.15436474267960298,0.008455491211996843,0.007510572541254451,0.0032692361674403207,0.0029062797586870137,0.9794915509381257,0.987542117182697,0.9671685522254249,0.9800564963316305,0.9522264316202952,0.9985361045489867,0.9794915509381257,1.9689627870868591
6,larger_safety_margin,3,20261603,30261603,0.05,18,4,True,0.0005695734294964758,0.15436474267960298,0.008455491211996843,0.007510572541254451,0.0032692361674403207,0.0029062797586870137,0.9794915509381257,0.987542117182697,0.9671685522254249,0.9800564963316305,0.9522264316202952,0.9985361045489867,0.9794915509381257,1.9593329732931013
6,larger_safety_margin,3,20261603,30261603,0.075,18,4,True,0.0005695734294964758,0.15436474267960298,0.008455491211996843,0.007510572541254451,0.0032692361674403207,0.0029062797586870137,0.9794915509381257,0.987542117182697,0.9671685522254249,0.9800564963316305,0.9522264316202952,0.9985361045489867,0.9794915509381257,1.9497031594993433
6,larger_safety_margin,3,20261603,30261603,0.1,18,4,True,0.0005695734294964758,0.15436474267960298,0.008455491211996843,0.007510572541254451,0.0032692361674403207,0.0029062797586870137,0.9794915509381257,0.987542117182697,0.9671685522254249,0.9800564963316305,0.9522264316202952,0.9985361045489867,0.9794915509381257,1.9400733457055852
6,larger_safety_margin,3,20261603,30261603,0.15,18,17,True,0.0005695734294964758,0.07780002962346044,0.008455491211996843,0.008083479298728102,0.0032692361674403207,0.003126348130970346,0.9794915509381257,0.9824027478090587,0.9671685522254249,0.9718290122992796,0.9522264316202952,0.9830273307106195,0.9794915509381257,1.9258418460274065
6,larger_safety_margin,3,20261603,30261603,0.2,18,18,False,0.0005695734294964758,0.0005695734294964758,0.008455491211996843,0.008455491211996843,0.0032692361674403207,0.0032692361674403207,0.9794915509381257,0.9794915509381257,0.9671685522254249,0.9671685522254249,0.9522264316202952,0.9522264316202952,0.9794915509381257,1.91939498384572
6,larger_safety_margin,3,20261603,30261603,0.25,18,18,False,0.0005695734294964758,0.0005695734294964758,0.008455491211996843,0.008455491211996843,0.0032692361674403207,0.0032692361674403207,0.9794915509381257,0.9794915509381257,0.9671685522254249,0.9671685522254249,0.9522264316202952,0.9522264316202952,0.9794915509381257,1.91939498384572
6,larger_safety_margin,3,20261603,30261603,0.5,18,18,False,0.0005695734294964758,0.0005695734294964758,0.008455491211996843,0.008455491211996843,0.0032692361674403207,0.0032692361674403207,0.9794915509381257,0.9794915509381257,0.9671685522254249,0.9671685522254249,0.9522264316202952,0.9522264316202952,0.9794915509381257,1.91939498384572
6,larger_safety_margin,3,20261603,30261603,1.0,18,18,False,0.0005695734294964758,0.0005695734294964758,0.008455491211996843,0.008455491211996843,0.0032692361674403207,0.0032692361674403207,0.9794915509381257,0.9794915509381257,0.9671685522254249,0.9671685522254249,0.9522264316202952,0.9522264316202952,0.9794915509381257,1.91939498384572
6,larger_safety_margin,4,20261604,30261604,0.0,34,4,True,0.25699782295029344,0.1553591437797049,0.005401562815773596,0.005375473326436574,0.0029367129652903947,0.002924160994732071,0.9902272185377803,0.986836853935996,0.9841947295676831,0.9787115792892785,0.9752839463581576,0.99924655882538,0.9902272185377803,1.9779581381146585
6,larger_safety_margin,4,20261604,30261604,0.025,18,4,True,0.003245163587323303,0.1553591437797049,0.006139948109805027,0.005375473326436574,0.003312525774089784,0.002924160994732071,0.977963119450399,0.986836853935996,0.9643603146230595,0.9787115792892785,0.9547575360844163,0.99924655882538,0.977963119450399,1.9683801380115897
6,larger_safety_margin,4,20261604,30261604,0.05,18,4,True,0.003245163587323303,0.1553591437797049,0.006139948109805027,0.005375473326436574,0.003312525774089784,0.002924160994732071,0.977963119450399,0.986836853935996,0.9643603146230595,0.9787115792892785,0.9547575360844163,0.99924655882538,0.977963119450399,1.958802137908521
6,larger_safety_margin,4,20261604,30261604,0.075,18,4,True,0.003245163587323303,0.1553591437797049,0.006139948109805027,0.005375473326436574,0.003312525774089784,0.002924160994732071,0.977963119450399,0.986836853935996,0.9643603146230595,0.9787115792892785,0.9547575360844163,0.99924655882538,0.977963119450399,1.949224137805452
6,larger_safety_margin,4,20261604,30261604,0.1,18,4,True,0.003245163587323303,0.1553591437797049,0.006139948109805027,0.005375473326436574,0.003312525774089784,0.002924160994732071,0.977963119450399,0.986836853935996,0.9643603146230595,0.9787115792892785,0.9547575360844163,0.99924655882538,0.977963119450399,1.9396461377023833
6,larger_safety_margin,4,20261604,30261604,0.15,18,17,True,0.003245163587323303,0.0773751123664185,0.006139948109805027,0.005863022842230306,0.003312525774089784,0.003171588748048974,0.977963119450399,0.9809709185362401,0.9643603146230595,0.9692247514409267,0.9547575360844163,0.9843365191809179,0.977963119450399,1.925555298147177
6,larger_safety_margin,4,20261604,30261604,0.2,18,18,False,0.003245163587323303,0.003245163587323303,0.006139948109805027,0.006139948109805027,0.003312525774089784,0.003312525774089784,0.977963119450399,0.977963119450399,0.9643603146230595,0.9643603146230595,0.9547575360844163,0.9547575360844163,0.977963119450399,1.9191178507074758
6,larger_safety_margin,4,20261604,30261604,0.25,18,18,False,0.003245163587323303,0.003245163587323303,0.006139948109805027,0.006139948109805027,0.003312525774089784,0.003312525774089784,0.977963119450399,0.977963119450399,0.9643603146230595,0.9643603146230595,0.9547575360844163,0.9547575360844163,0.977963119450399,1.9191178507074758
6,larger_safety_margin,4,20261604,30261604,0.5,18,18,False,0.003245163587323303,0.003245163587323303,0.006139948109805027,0.006139948109805027,0.003312525774089784,0.003312525774089784,0.977963119450399,0.977963119450399,0.9643603146230595,0.9643603146230595,0.9547575360844163,0.9547575360844163,0.977963119450399,1.9191178507074758
6,larger_safety_margin,4,20261604,30261604,1.0,18,18,False,0.003245163587323303,0.003245163587323303,0.006139948109805027,0.006139948109805027,0.003312525774089784,0.003312525774089784,0.977963119450399,0.977963119450399,0.9643603146230595,0.9643603146230595,0.9547575360844163,0.9547575360844163,0.977963119450399,1.9191178507074758
7,partial_occlusion,0,20261700,30261700,0.0,10,28,True,0.35422007784052306,0.11170614541691369,0.004162076355510733,0.0037884512085163136,0.003322074569318729,0.0030390848186878285,0.9958436119001282,0.9912438298368931,0.9995287254744889,0.9990071764619298,0.9987996919639905,0.9998903305622109,0.9958436119001282,1.9988975070241408
7,partial_occlusion,0,20261700,30261700,0.025,28,16,True,0.11170614541691369,0.07184638662663821,0.0037884512085163136,0.003976672988959536,0.0030390848186878285,0.0031765033093063494,0.9912438298368931,0.9884729875523246,0.9990071764619298,0.9986930028690056,0.9998903305622109,0.9996706017493684,0.9868845278884374,1.9963394182405207
7,partial_occlusion,0,20261700,30261700,0.05,16,16,False,0.07184638662663821,0.07184638662663821,0.003976672988959536,0.003976672988959536,0.0031765033093063494,0.0031765033093063494,0.9884729875523246,0.9884729875523246,0.9986930028690056,0.9986930028690056,0.9996706017493684,0.9996706017493684,0.9844246147966184,1.9943152318626676
7,partial_occlusion,0,20261700,30261700,0.075,16,16,False,0.07184638662663821,0.07184638662663821,0.003976672988959536,0.003976672988959536,0.0031765033093063494,0.0031765033093063494,0.9884729875523246,0.9884729875523246,0.9986930028690056,0.9986930028690056,0.9996706017493684,0.9996706017493684,0.9824004284187652,1.9922910454848144
7,partial_occlusion,0,20261700,30261700,0.1,16,16,False,0.07184638662663821,0.07184638662663821,0.003976672988959536,0.003976672988959536,0.0031765033093063494,0.0031765033093063494,0.9884729875523246,0.9884729875523246,0.9986930028690056,0.9986930028690056,0.9996706017493684,0.9996706017493684,0.980376242040912,1.9902668591069614
7,partial_occlusion,0,20261700,30261700,0.15,16,16,False,0.07184638662663821,0.07184638662663821,0.003976672988959536,0.003976672988959536,0.0031765033093063494,0.0031765033093063494,0.9884729875523246,0.9884729875523246,0.9986930028690056,0.9986930028690056,0.9996706017493684,0.9996706017493684,0.9763278692852058,1.986218486351255
7,partial_occlusion,0,20261700,30261700,0.2,16,16,False,0.07184638662663821,0.07184638662663821,0.003976672988959536,0.003976672988959536,0.0031765033093063494,0.0031765033093063494,0.9884729875523246,0.9884729875523246,0.9986930028690056,0.9986930028690056,0.9996706017493684,0.9996706017493684,0.9722794965294994,1.9821701135955487
7,partial_occlusion,0,20261700,30261700,0.25,16,16,False,0.07184638662663821,0.07184638662663821,0.003976672988959536,0.003976672988959536,0.0031765033093063494,0.0031765033093063494,0.9884729875523246,0.9884729875523246,0.9986930028690056,0.9986930028690056,0.9996706017493684,0.9996706017493684,0.9682311237737932,1.9781217408398426
7,partial_occlusion,0,20261700,30261700,0.5,16,16,False,0.07184638662663821,0.07184638662663821,0.003976672988959536,0.003976672988959536,0.0031765033093063494,0.0031765033093063494,0.9884729875523246,0.9884729875523246,0.9986930028690056,0.9986930028690056,0.9996706017493684,0.9996706017493684,0.9479892599952617,1.957879877061311
7,partial_occlusion,0,20261700,30261700,1.0,16,16,False,0.07184638662663821,0.07184638662663821,0.003976672988959536,0.003976672988959536,0.0031765033093063494,0.0031765033093063494,0.9884729875523246,0.9884729875523246,0.9986930028690056,0.9986930028690056,0.9996706017493684,0.9996706017493684,0.9075055324381989,1.9173961495042482
7,partial_occlusion,1,20261701,30261701,0.0,8,8,False,0.2591324469658827,0.2591324469658827,0.004907712219921885,0.004907712219921885,0.003692779661039357,0.003692779661039357,0.9970186405709738,0.9970186405709738,0.9961890020707023,0.9961890020707023,0.9959832138226984,0.9959832138226984,0.9970186405709738,1.9921722158934005
7,partial_occlusion,1,20261701,30261701,0.025,8,8,False,0.2591324469658827,0.2591324469658827,0.004907712219921885,0.004907712219921885,0.003692779661039357,0.003692779661039357,0.9970186405709738,0.9970186405709738,0.9961890020707023,0.9961890020707023,0.9959832138226984,0.9959832138226984,0.9827498233739804,1.9779033986964072
7,partial_occlusion,1,20261701,30261701,0.05,4,8,True,0.037505075303298704,0.2591324469658827,0.004285094508637678,0.004907712219921885,0.0032161417044917436,0.003692779661039357,0.9773330229413189,0.9970186405709738,0.9710253645390613,0.9961890020707023,0.9693389115063663,0.9959832138226984,0.9771210928245508,1.9636345814994138
7,partial_occlusion,1,20261701,30261701,0.075,4,27,True,0.037505075303298704,0.14628627649119766,0.004285094508637678,0.004538935408376793,0.0032161417044917436,0.003408962351016146,0.9773330229413189,0.9842278074008664,0.9710253645390613,0.9798387967748619,0.9693389115063663,0.9960595452153668,0.9770151277661668,1.954725819658778
7,partial_occlusion,1,20261701,30261701,0.1,4,15,True,0.037505075303298704,0.11780836881419665,0.004285094508637678,0.004261124006786809,0.0032161417044917436,0.003195175166476491,0.9773330229413189,0.9818824994790167,0.9710253645390613,0.9768408477363411,0.9693389115063663,0.9927610966492927,0.9769091627077828,1.9486513114217021
7,partial_occlusion,1,20261701,30261701,0.15,4,16,True,0.037505075303298704,0.0585243554482975,0.004285094508637678,0.0042848478764884665,0.0032161417044917436,0.003218704075976893,0.9773330229413189,0.9789888409570604,0.9710253645390613,0.9731419557047717,0.9693389115063663,0.9770993098573826,0.9766972325910148,1.9415461920686061
7,partial_occlusion,1,20261701,30261701,0.2,4,4,False,0.037505075303298704,0.037505075303298704,0.004285094508637678,0.004285094508637678,0.0032161417044917436,0.0032161417044917436,0.9773330229413189,0.9773330229413189,0.9710253645390613,0.9710253645390613,0.9693389115063663,0.9693389115063663,0.9764853024742468,1.9395165555783556
7,partial_occlusion,1,20261701,30261701,0.25,4,4,False,0.037505075303298704,0.037505075303298704,0.004285094508637678,0.004285094508637678,0.0032161417044917436,0.0032161417044917436,0.9773330229413189,0.9773330229413189,0.9710253645390613,0.9710253645390613,0.9693389115063663,0.9693389115063663,0.9762733723574788,1.9393046254615876
7,partial_occlusion,1,20261701,30261701,0.5,4,4,False,0.037505075303298704,0.037505075303298704,0.004285094508637678,0.004285094508637678,0.0032161417044917436,0.0032161417044917436,0.9773330229413189,0.9773330229413189,0.9710253645390613,0.9710253645390613,0.9693389115063663,0.9693389115063663,0.9752137217736387,1.9382449748777475
7,partial_occlusion,1,20261701,30261701,1.0,4,4,False,0.037505075303298704,0.037505075303298704,0.004285094508637678,0.004285094508637678,0.0032161417044917436,0.0032161417044917436,0.9773330229413189,0.9773330229413189,0.9710253645390613,0.9710253645390613,0.9693389115063663,0.9693389115063663,0.9730944206059585,1.9361256737100674
7,partial_occlusion,2,20261702,30261702,0.0,20,20,False,0.2659749980167585,0.2659749980167585,0.07123627736433805,0.07123627736433805,0.026252325211340268,0.026252325211340268,0.8882881601750339,0.8882881601750339,0.9071361467942923,0.9071361467942923,0.9886802761667871,0.9886802761667871,0.8882881601750339,1.8958164229610794
7,partial_occlusion,2,20261702,30261702,0.025,20,20,False,0.2659749980167585,0.2659749980167585,0.07123627736433805,0.07123627736433805,0.026252325211340268,0.026252325211340268,0.8882881601750339,0.8882881601750339,0.9071361467942923,0.9071361467942923,0.9886802761667871,0.9886802761667871,0.8728910685372655,1.880419331323311
7,partial_occlusion,2,20261702,30261702,0.05,20,20,False,0.2659749980167585,0.2659749980167585,0.07123627736433805,0.07123627736433805,0.026252325211340268,0.026252325211340268,0.8882881601750339,0.8882881601750339,0.9071361467942923,0.9071361467942923,0.9886802761667871,0.9886802761667871,0.8574939768994971,1.8650222396855427
7,partial_occlusion,2,20261702,30261702,0.075,20,20,False,0.2659749980167585,0.2659749980167585,0.07123627736433805,0.07123627736433805,0.026252325211340268,0.026252325211340268,0.8882881601750339,0.8882881601750339,0.9071361467942923,0.9071361467942923,0.9886802761667871,0.9886802761667871,0.8420968852617288,1.8496251480477743
7,partial_occlusion,2,20261702,30261702,0.1,20,20,False,0.2659749980167585,0.2659749980167585,0.07123627736433805,0.07123627736433805,0.026252325211340268,0.026252325211340268,0.8882881601750339,0.8882881601750339,0.9071361467942923,0.9071361467942923,0.9886802761667871,0.9886802761667871,0.8266997936239604,1.834228056410006
7,partial_occlusion,2,20261702,30261702,0.15,20,15,True,0.2659749980167585,0.1094041339779793,0.07123627736433805,0.00600961837704718,0.026252325211340268,0.0030533564388002137,0.8882881601750339,0.8161725772581738,0.9071361467942923,0.8471878824354893,0.9886802761667871,0.99862864521854,0.7959056103484237,1.8128493544834474
7,partial_occlusion,2,20261702,30261702,0.2,15,15,False,0.1094041339779793,0.1094041339779793,0.00600961837704718,0.00600961837704718,0.0030533564388002137,0.0030533564388002137,0.8161725772581738,0.8161725772581738,0.8471878824354893,0.8471878824354893,0.99862864521854,0.99862864521854,0.7722163463640647,1.8018602967599202
7,partial_occlusion,2,20261702,30261702,0.25,15,3,True,0.1094041339779793,0.09189351422421661,0.00600961837704718,0.00607112710411419,0.0030533564388002137,0.003069020385757226,0.8161725772581738,0.8049112778335825,0.8471878824354893,0.8378265859219837,0.99862864521854,0.998333884791661,0.7612272886405373,1.7922900402711175
7,partial_occlusion,2,20261702,30261702,0.5,4,4,False,0.022529336934841337,0.022529336934841337,0.006120618620952969,0.006120618620952969,0.0030378069918223158,0.0030378069918223158,0.735698487587558,0.735698487587558,0.7802913559639515,0.7802913559639515,0.99135303866946,0.99135303866946,0.735698487587558,1.7716443946334115
7,partial_occlusion,2,20261702,30261702,1.0,4,4,False,0.022529336934841337,0.022529336934841337,0.006120618620952969,0.006120618620952969,0.0030378069918223158,0.0030378069918223158,0.735698487587558,0.735698487587558,0.7802913559639515,0.7802913559639515,0.99135303866946,0.99135303866946,0.735698487587558,1.7716443946334115
7,partial_occlusion,3,20261703,30261703,0.0,4,4,False,0.021456015904077055,0.021456015904077055,0.005500457201040183,0.005500457201040183,0.003266873379011612,0.003266873379011612,0.9864412077740088,0.9864412077740088,0.9901491476331318,0.9901491476331318,0.9990531990703986,0.9990531990703986,0.9864412077740088,1.9892023467035305
7,partial_occlusion,3,20261703,30261703,0.025,4,4,False,0.021456015904077055,0.021456015904077055,0.005500457201040183,0.005500457201040183,0.003266873379011612,0.003266873379011612,0.9864412077740088,0.9864412077740088,0.9901491476331318,0.9901491476331318,0.9990531990703986,0.9990531990703986,0.9864412077740088,1.9892023467035305
7,partial_occlusion,3,20261703,30261703,0.05,4,4,False,0.021456015904077055,0.021456015904077055,0.005500457201040183,0.005500457201040183,0.003266873379011612,0.003266873379011612,0.9864412077740088,0.9864412077740088,0.9901491476331318,0.9901491476331318,0.9990531990703986,0.9990531990703986,0.9864412077740088,1.9892023467035305
7,partial_occlusion,3,20261703,30261703,0.075,4,4,False,0.021456015904077055,0.021456015904077055,0.005500457201040183,0.005500457201040183,0.003266873379011612,0.003266873379011612,0.9864412077740088,0.9864412077740088,0.9901491476331318,0.9901491476331318,0.9990531990703986,0.9990531990703986,0.9864412077740088,1.9892023467035305
7,partial_occlusion,3,20261703,30261703,0.1,4,4,False,0.021456015904077055,0.021456015904077055,0.005500457201040183,0.005500457201040183,0.003266873379011612,0.003266873379011612,0.9864412077740088,0.9864412077740088,0.9901491476331318,0.9901491476331318,0.9990531990703986,0.9990531990703986,0.9864412077740088,1.9892023467035305
7,partial_occlusion,3,20261703,30261703,0.15,4,4,False,0.021456015904077055,0.021456015904077055,0.005500457201040183,0.005500457201040183,0.003266873379011612,0.003266873379011612,0.9864412077740088,0.9864412077740088,0.9901491476331318,0.9901491476331318,0.9990531990703986,0.9990531990703986,0.9864412077740088,1.9892023467035305
7,partial_occlusion,3,20261703,30261703,0.2,4,4,False,0.021456015904077055,0.021456015904077055,0.005500457201040183,0.005500457201040183,0.003266873379011612,0.003266873379011612,0.9864412077740088,0.9864412077740088,0.9901491476331318,0.9901491476331318,0.9990531990703986,0.9990531990703986,0.9864412077740088,1.9892023467035305
7,partial_occlusion,3,20261703,30261703,0.25,4,4,False,0.021456015904077055,0.021456015904077055,0.005500457201040183,0.005500457201040183,0.003266873379011612,0.003266873379011612,0.9864412077740088,0.9864412077740088,0.9901491476331318,0.9901491476331318,0.9990531990703986,0.9990531990703986,0.9864412077740088,1.9892023467035305
7,partial_occlusion,3,20261703,30261703,0.5,4,4,False,0.021456015904077055,0.021456015904077055,0.005500457201040183,0.005500457201040183,0.003266873379011612,0.003266873379011612,0.9864412077740088,0.9864412077740088,0.9901491476331318,0.9901491476331318,0.9990531990703986,0.9990531990703986,0.9864412077740088,1.9892023467035305
7,partial_occlusion,3,20261703,30261703,1.0,4,4,False,0.021456015904077055,0.021456015904077055,0.005500457201040183,0.005500457201040183,0.003266873379011612,0.003266873379011612,0.9864412077740088,0.9864412077740088,0.9901491476331318,0.9901491476331318,0.9990531990703986,0.9990531990703986,0.9864412077740088,1.9892023467035305
7,partial_occlusion,4,20261704,30261704,0.0,10,46,True,0.31626606645982186,0.35957147694568203,0.003127255354336365,0.003106737193711988,0.0036133425745106824,0.003460965548546387,0.9506109897501127,0.7499999999999999,0.9119881883102149,0.9455030139523094,0.9931328053488896,0.9971994838969146,0.9506109897501127,1.942702497849224
7,partial_occlusion,4,20261704,30261704,0.025,10,46,True,0.31626606645982186,0.35957147694568203,0.003127255354336365,0.003106737193711988,0.0036133425745106824,0.003460965548546387,0.9506109897501127,0.7499999999999999,0.9119881883102149,0.9455030139523094,0.9931328053488896,0.9971994838969146,0.9341246468094012,1.9234882568086782
7,partial_occlusion,4,20261704,30261704,0.05,10,46,True,0.31626606645982186,0.35957147694568203,0.003127255354336365,0.003106737193711988,0.0036133425745106824,0.003460965548546387,0.9506109897501127,0.7499999999999999,0.9119881883102149,0.9455030139523094,0.9931328053488896,0.9971994838969146,0.9176383038686897,1.9042740157681324
7,partial_occlusion,4,20261704,30261704,0.075,10,46,True,0.31626606645982186,0.35957147694568203,0.003127255354336365,0.003106737193711988,0.0036133425745106824,0.003460965548546387,0.9506109897501127,0.7499999999999999,0.9119881883102149,0.9455030139523094,0.9931328053488896,0.9971994838969146,0.9011519609279782,1.8850597747275868
7,partial_occlusion,4,20261704,30261704,0.1,10,46,True,0.31626606645982186,0.35957147694568203,0.003127255354336365,0.003106737193711988,0.0036133425745106824,0.003460965548546387,0.9506109897501127,0.7499999999999999,0.9119881883102149,0.9455030139523094,0.9931328053488896,0.9971994838969146,0.8846656179872667,1.865845533687041
7,partial_occlusion,4,20261704,30261704,0.15,10,46,True,0.31626606645982186,0.35957147694568203,0.003127255354336365,0.003106737193711988,0.0036133425745106824,0.003460965548546387,0.9506109897501127,0.7499999999999999,0.9119881883102149,0.9455030139523094,0.9931328053488896,0.9971994838969146,0.8516929321058437,1.8274170516059494
7,partial_occlusion,4,20261704,30261704,0.2,10,46,True,0.31626606645982186,0.35957147694568203,0.003127255354336365,0.003106737193711988,0.0036133425745106824,0.003460965548546387,0.9506109897501127,0.7499999999999999,0.9119881883102149,0.9455030139523094,0.9931328053488896,0.9971994838969146,0.8187202462244207,1.788988569524858
7,partial_occlusion,4,20261704,30261704,0.25,10,46,True,0.31626606645982186,0.35957147694568203,0.003127255354336365,0.003106737193711988,0.0036133425745106824,0.003460965548546387,0.9506109897501127,0.7499999999999999,0.9119881883102149,0.9455030139523094,0.9931328053488896,0.9971994838969146,0.7857475603429978,1.7505600874437663
7,partial_occlusion,4,20261704,30261704,0.5,16,10,True,0.11963806466153772,0.31626606645982186,0.029144881145664835,0.003127255354336365,0.0269762581506513,0.0036133425745106824,0.7763456329602804,0.9506109897501127,0.6014452216008355,0.9119881883102149,0.9950259908762208,0.9931328053488896,0.6943389303398746,1.5753941348448746
7,partial_occlusion,4,20261704,30261704,1.0,4,4,False,0.07271089207862584,0.07271089207862584,0.0292366408956711,0.0292366408956711,0.027150684871040436,0.027150684871040436,0.7170837836993504,0.7170837836993504,0.4958398917683085,0.4958398917683085,0.9870313188406099,0.9870313188406099,0.6713119962917818,1.4370994232013496
8,strong_occlusion,0,20261800,30261800,0.0,0,0,False,0.2378458013817101,0.2378458013817101,0.02975957147201027,0.02975957147201027,0.026169046652618332,0.026169046652618332,0.9218922215521412,0.9218922215521412,0.9015571493325829,0.9015571493325829,0.9849430696461975,0.9849430696461975,0.9218922215521412,1.8865002189787803
8,strong_occlusion,0,20261800,30261800,0.025,0,0,False,0.2378458013817101,0.2378458013817101,0.02975957147201027,0.02975957147201027,0.026169046652618332,0.026169046652618332,0.9218922215521412,0.9218922215521412,0.9015571493325829,0.9015571493325829,0.9849430696461975,0.9849430696461975,0.9076211735563016,1.8722291709829406
8,strong_occlusion,0,20261800,30261800,0.05,0,0,False,0.2378458013817101,0.2378458013817101,0.02975957147201027,0.02975957147201027,0.026169046652618332,0.026169046652618332,0.9218922215521412,0.9218922215521412,0.9015571493325829,0.9015571493325829,0.9849430696461975,0.9849430696461975,0.8933501255604618,1.857958122987101
8,strong_occlusion,0,20261800,30261800,0.075,0,0,False,0.2378458013817101,0.2378458013817101,0.02975957147201027,0.02975957147201027,0.026169046652618332,0.026169046652618332,0.9218922215521412,0.9218922215521412,0.9015571493325829,0.9015571493325829,0.9849430696461975,0.9849430696461975,0.8790790775646221,1.8436870749912613
8,strong_occlusion,0,20261800,30261800,0.1,0,0,False,0.2378458013817101,0.2378458013817101,0.02975957147201027,0.02975957147201027,0.026169046652618332,0.026169046652618332,0.9218922215521412,0.9218922215521412,0.9015571493325829,0.9015571493325829,0.9849430696461975,0.9849430696461975,0.8648080295687824,1.8294160269954214
8,strong_occlusion,0,20261800,30261800,0.15,8,31,True,0.017727506179524594,0.14306437940296554,0.0646695128487846,0.03002900391498902,0.04,0.026275792966193912,0.8454866730289878,0.8905047532151209,0.805259697876478,0.8619980693058449,0.9808653778741877,0.993517394252051,0.8454866730289878,1.8067592654842037
8,strong_occlusion,0,20261800,30261800,0.2,8,31,True,0.017727506179524594,0.14306437940296554,0.0646695128487846,0.03002900391498902,0.04,0.026275792966193912,0.8454866730289878,0.8905047532151209,0.805259697876478,0.8619980693058449,0.9808653778741877,0.993517394252051,0.8454866730289878,1.7905071994596395
8,strong_occlusion,0,20261800,30261800,0.25,8,8,False,0.017727506179524594,0.017727506179524594,0.0646695128487846,0.0646695128487846,0.04,0.04,0.8454866730289878,0.8454866730289878,0.805259697876478,0.805259697876478,0.9808653778741877,0.9808653778741877,0.8454866730289878,1.7861250757506657
8,strong_occlusion,0,20261800,30261800,0.5,8,8,False,0.017727506179524594,0.017727506179524594,0.0646695128487846,0.0646695128487846,0.04,0.04,0.8454866730289878,0.8454866730289878,0.805259697876478,0.805259697876478,0.9808653778741877,0.9808653778741877,0.8454866730289878,1.7861250757506657
8,strong_occlusion,0,20261800,30261800,1.0,8,8,False,0.017727506179524594,0.017727506179524594,0.0646695128487846,0.0646695128487846,0.04,0.04,0.8454866730289878,0.8454866730289878,0.805259697876478,0.805259697876478,0.9808653778741877,0.9808653778741877,0.8454866730289878,1.7861250757506657
8,strong_occlusion,1,20261801,30261801,0.0,27,27,False,0.2928706572728603,0.2928706572728603,0.0037261949521901374,0.0037261949521901374,0.0037458157757409654,0.0037458157757409654,0.9899738809779213,0.9899738809779213,0.9935074830165556,0.9935074830165556,0.9992020320082781,0.9992020320082781,0.9899738809779213,1.9927095150248335
8,strong_occlusion,1,20261801,30261801,0.025,27,27,False,0.2928706572728603,0.2928706572728603,0.0037261949521901374,0.0037261949521901374,0.0037458157757409654,0.0037458157757409654,0.9899738809779213,0.9899738809779213,0.9935074830165556,0.9935074830165556,0.9992020320082781,0.9992020320082781,0.9721580740938158,1.974893708140728
8,strong_occlusion,1,20261801,30261801,0.05,27,27,False,0.2928706572728603,0.2928706572728603,0.0037261949521901374,0.0037261949521901374,0.0037458157757409654,0.0037458157757409654,0.9899738809779213,0.9899738809779213,0.9935074830165556,0.9935074830165556,0.9992020320082781,0.9992020320082781,0.9543422672097104,1.9570779012566226
8,strong_occlusion,1,20261801,30261801,0.075,27,27,False,0.2928706572728603,0.2928706572728603,0.0037261949521901374,0.0037261949521901374,0.0037458157757409654,0.0037458157757409654,0.9899738809779213,0.9899738809779213,0.9935074830165556,0.9935074830165556,0.9992020320082781,0.9992020320082781,0.936526460325605,1.9392620943725172
8,strong_occlusion,1,20261801,30261801,0.1,28,27,True,0.26526227094849786,0.2928706572728603,0.003699463831478892,0.0037261949521901374,0.00371897288545037,0.0037458157757409654,0.983004166822609,0.9899738809779213,0.9889941725897125,0.9935074830165556,0.9889841746595076,0.9992020320082781,0.9190072291226731,1.9214462874884117
8,strong_occlusion,1,20261801,30261801,0.15,28,27,True,0.26526227094849786,0.2928706572728603,0.003699463831478892,0.0037261949521901374,0.00371897288545037,0.0037458157757409654,0.983004166822609,0.9899738809779213,0.9889941725897125,0.9935074830165556,0.9889841746595076,0.9992020320082781,0.8870087602727051,1.885814673720201
8,strong_occlusion,1,20261801,30261801,0.2,4,27,True,0.2529554409396934,0.2928706572728603,0.0032930595082207724,0.0037261949521901374,0.003281594906754988,0.0037458157757409654,0.9772104778190813,0.9899738809779213,0.985242409403043,0.9935074830165556,0.979238370210798,0.9992020320082781,0.8556947060477016,1.8501830599519902
8,strong_occlusion,1,20261801,30261801,0.25,4,28,True,0.2529554409396934,0.26526227094849786,0.0032930595082207724,0.003699463831478892,0.003281594906754988,0.00371897288545037,0.9772104778190813,0.983004166822609,0.985242409403043,0.9889941725897125,0.979238370210798,0.9889841746595076,0.8253157631048567,1.8179860029993802
8,strong_occlusion,1,20261801,30261801,0.5,4,4,False,0.2529554409396934,0.2529554409396934,0.0032930595082207724,0.0032930595082207724,0.003281594906754988,0.003281594906754988,0.9772104778190813,0.9772104778190813,0.985242409403043,0.985242409403043,0.979238370210798,0.979238370210798,0.673421048390632,1.6606913501853917
8,strong_occlusion,1,20261801,30261801,1.0,8,8,False,0.022104866089113915,0.022104866089113915,0.02448811019565474,0.02448811019565474,0.02632522311462708,0.02632522311462708,0.5,0.5,0.676219832960925,0.676219832960925,0.7688545197287388,0.7688545197287388,0.5,1.4450743526896637
8,strong_occlusion,2,20261802,30261802,0.0,0,30,True,0.23830439340922263,0.21426104168527058,0.05333055423037628,0.00762225871588086,0.02645534269964382,0.00405996253679256,0.9940511735783033,0.9917296355228109,0.9884440980092286,0.9839343906593438,0.9724513995028544,0.9977467725909296,0.9940511735783033,1.9816811632502733
8,strong_occlusion,2,20261802,30261802,0.025,9,30,True,0.05531486094883145,0.21426104168527058,0.0533464618533571,0.00762225871588086,0.026465226883247636,0.00405996253679256,0.9845033255815412,0.9917296355228109,0.9698969110765336,0.9839343906593438,0.9135431051911276,0.9977467725909296,0.9835544661508914,1.9701709646787733
8,strong_occlusion,2,20261802,30261802,0.05,8,30,True,0.041034703807187954,0.21426104168527058,0.05347830457859329,0.00762225871588086,0.026547147211924877,0.00405996253679256,0.9833101075601905,0.9917296355228109,0.9675790235587437,0.9839343906593438,0.9378559311804621,0.9977467725909296,0.9833101075601905,1.9586607661072732
8,strong_occlusion,2,20261802,30261802,0.075,8,30,True,0.041034703807187954,0.21426104168527058,0.05347830457859329,0.00762225871588086,0.026547147211924877,0.00405996253679256,0.9833101075601905,0.9917296355228109,0.9675790235587437,0.9839343906593438,0.9378559311804621,0.9977467725909296,0.9833101075601905,1.947150567535773
8,strong_occlusion,2,20261802,30261802,0.1,8,30,True,0.041034703807187954,0.21426104168527058,0.05347830457859329,0.00762225871588086,0.026547147211924877,0.00405996253679256,0.9833101075601905,0.9917296355228109,0.9675790235587437,0.9839343906593438,0.9378559311804621,0.9977467725909296,0.9833101075601905,1.935640368964273
8,strong_occlusion,2,20261802,30261802,0.15,8,30,True,0.041034703807187954,0.21426104168527058,0.05347830457859329,0.00762225871588086,0.026547147211924877,0.00405996253679256,0.9833101075601905,0.9917296355228109,0.9675790235587437,0.9839343906593438,0.9378559311804621,0.9977467725909296,0.9833101075601905,1.9126199718212729
8,strong_occlusion,2,20261802,30261802,0.2,8,44,True,0.041034703807187954,0.05127377079650373,0.05347830457859329,0.05364151845403106,0.026547147211924877,0.026648559969409954,0.9833101075601905,0.7315397285892593,0.9675790235587437,0.9497778588375936,0.9378559311804621,0.9612072329460873,0.9833101075601905,1.9055423307958286
8,strong_occlusion,2,20261802,30261802,0.25,8,8,False,0.041034703807187954,0.041034703807187954,0.05347830457859329,0.05347830457859329,0.026547147211924877,0.026547147211924877,0.9833101075601905,0.9833101075601905,0.9675790235587437,0.9675790235587437,0.9378559311804621,0.9378559311804621,0.9833101075601905,1.9054349547392058
8,strong_occlusion,2,20261802,30261802,0.5,8,8,False,0.041034703807187954,0.041034703807187954,0.05347830457859329,0.05347830457859329,0.026547147211924877,0.026547147211924877,0.9833101075601905,0.9833101075601905,0.9675790235587437,0.9675790235587437,0.9378559311804621,0.9378559311804621,0.9833101075601905,1.9054349547392058
8,strong_occlusion,2,20261802,30261802,1.0,8,8,False,0.041034703807187954,0.041034703807187954,0.05347830457859329,0.05347830457859329,0.026547147211924877,0.026547147211924877,0.9833101075601905,0.9833101075601905,0.9675790235587437,0.9675790235587437,0.9378559311804621,0.9378559311804621,0.9833101075601905,1.9054349547392058
8,strong_occlusion,3,20261803,30261803,0.0,27,27,False,0.31281004882940067,0.31281004882940067,0.005775715433106038,0.005775715433106038,0.003538246668381945,0.003538246668381945,0.9939343249789456,0.9939343249789456,0.9927956614102619,0.9927956614102619,0.9878904263531773,0.9878904263531773,0.9939343249789456,1.9806860877634391
8,strong_occlusion,3,20261803,30261803,0.025,30,27,True,0.1948087401176919,0.31281004882940067,0.006380958738746915,0.005775715433106038,0.003893321726069217,0.003538246668381945,0.9875606800366884,0.9939343249789456,0.985225540021396,0.9927956614102619,0.9539507297542427,0.9878904263531773,0.9777577945600879,1.9630982075607326
8,strong_occlusion,3,20261803,30261803,0.05,30,27,True,0.1948087401176919,0.31281004882940067,0.006380958738746915,0.005775715433106038,0.003893321726069217,0.003538246668381945,0.9875606800366884,0.9939343249789456,0.985225540021396,0.9927956614102619,0.9539507297542427,0.9878904263531773,0.9679549090834875,1.9455103273580259
8,strong_occlusion,3,20261803,30261803,0.075,30,28,True,0.1948087401176919,0.2835950340844019,0.006380958738746915,0.0058578693688762585,0.003893321726069217,0.003587260079726099,0.9875606800366884,0.9930229515927074,0.985225540021396,0.9917132027501219,0.9539507297542427,0.984388297378539,0.958152023606887,1.9291201361290637
8,strong_occlusion,3,20261803,30261803,0.1,30,28,True,0.1948087401176919,0.2835950340844019,0.006380958738746915,0.0058578693688762585,0.003893321726069217,0.003587260079726099,0.9875606800366884,0.9930229515927074,0.985225540021396,0.9917132027501219,0.9539507297542427,0.984388297378539,0.9483491381302865,1.9134596814625313
8,strong_occlusion,3,20261803,30261803,0.15,30,29,True,0.1948087401176919,0.24187049898269186,0.006380958738746915,0.006193596330351005,0.003893321726069217,0.0037839097014099035,0.9875606800366884,0.990496908198836,0.985225540021396,0.9887129642212437,0.9539507297542427,0.9722807009564819,0.9287433671770856,1.8835472939509617
8,strong_occlusion,3,20261803,30261803,0.2,30,30,False,0.1948087401176919,0.1948087401176919,0.006380958738746915,0.006380958738746915,0.003893321726069217,0.003893321726069217,0.9875606800366884,0.9875606800366884,0.985225540021396,0.985225540021396,0.9539507297542427,0.9539507297542427,0.9091375962238847,1.8607531859628348
8,strong_occlusion,3,20261803,30261803,0.25,30,30,False,0.1948087401176919,0.1948087401176919,0.006380958738746915,0.006380958738746915,0.003893321726069217,0.003893321726069217,0.9875606800366884,0.9875606800366884,0.985225540021396,0.985225540021396,0.9539507297542427,0.9539507297542427,0.8895318252706838,1.8411474150096339
8,strong_occlusion,3,20261803,30261803,0.5,30,30,False,0.1948087401176919,0.1948087401176919,0.006380958738746915,0.006380958738746915,0.003893321726069217,0.003893321726069217,0.9875606800366884,0.9875606800366884,0.985225540021396,0.985225540021396,0.9539507297542427,0.9539507297542427,0.7915029705046791,1.7431185602436292
8,strong_occlusion,3,20261803,30261803,1.0,30,30,False,0.1948087401176919,0.1948087401176919,0.006380958738746915,0.006380958738746915,0.003893321726069217,0.003893321726069217,0.9875606800366884,0.9875606800366884,0.985225540021396,0.985225540021396,0.9539507297542427,0.9539507297542427,0.5954452609726697,1.54706085071162
8,strong_occlusion,4,20261804,30261804,0.0,27,27,False,0.28173379731325,0.28173379731325,0.007759581123612804,0.007759581123612804,0.003237918476654061,0.003237918476654061,0.9993790519902892,0.9993790519902892,0.9999174130100809,0.9999174130100809,0.9975061480969523,0.9975061480969523,0.9993790519902892,1.9974235611070332
8,strong_occlusion,4,20261804,30261804,0.025,30,30,False,0.1550551055632224,0.1550551055632224,0.007944348790311195,0.007944348790311195,0.0033291220724839996,0.0033291220724839996,0.9978873510405042,0.9978873510405042,0.9997190146105758,0.9997190146105758,0.9964669510992756,0.9964669510992756,0.9895337167227358,1.987832331392083
8,strong_occlusion,4,20261804,30261804,0.05,30,30,False,0.1550551055632224,0.1550551055632224,0.007944348790311195,0.007944348790311195,0.0033291220724839996,0.0033291220724839996,0.9978873510405042,0.9978873510405042,0.9997190146105758,0.9997190146105758,0.9964669510992756,0.9964669510992756,0.9811800824049676,1.9794786970743146
8,strong_occlusion,4,20261804,30261804,0.075,30,30,False,0.1550551055632224,0.1550551055632224,0.007944348790311195,0.007944348790311195,0.0033291220724839996,0.0033291220724839996,0.9978873510405042,0.9978873510405042,0.9997190146105758,0.9997190146105758,0.9964669510992756,0.9964669510992756,0.9728264480871992,1.9711250627565464
8,strong_occlusion,4,20261804,30261804,0.1,30,30,False,0.1550551055632224,0.1550551055632224,0.007944348790311195,0.007944348790311195,0.0033291220724839996,0.0033291220724839996,0.9978873510405042,0.9978873510405042,0.9997190146105758,0.9997190146105758,0.9964669510992756,0.9964669510992756,0.964472813769431,1.962771428438778
8,strong_occlusion,4,20261804,30261804,0.15,30,30,False,0.1550551055632224,0.1550551055632224,0.007944348790311195,0.007944348790311195,0.0033291220724839996,0.0033291220724839996,0.9978873510405042,0.9978873510405042,0.9997190146105758,0.9997190146105758,0.9964669510992756,0.9964669510992756,0.9477655451338942,1.9460641598032413
8,strong_occlusion,4,20261804,30261804,0.2,30,30,False,0.1550551055632224,0.1550551055632224,0.007944348790311195,0.007944348790311195,0.0033291220724839996,0.0033291220724839996,0.9978873510405042,0.9978873510405042,0.9997190146105758,0.9997190146105758,0.9964669510992756,0.9964669510992756,0.9310582764983576,1.9293568911677048
8,strong_occlusion,4,20261804,30261804,0.25,30,8,True,0.1550551055632224,0.03320033694943856,0.007944348790311195,0.008284189898398039,0.0033291220724839996,0.0034755242045929778,0.9978873510405042,0.49999999999999983,0.9997190146105758,0.9334992715753568,0.9964669510992756,0.9916522600491338,0.914351007862821,1.9251515316244907
8,strong_occlusion,4,20261804,30261804,0.5,30,8,True,0.1550551055632224,0.03320033694943856,0.007944348790311195,0.008284189898398039,0.0033291220724839996,0.0034755242045929778,0.9978873510405042,0.49999999999999983,0.9997190146105758,0.9334992715753568,0.9964669510992756,0.9916522600491338,0.8308146646851378,1.9251515316244907
8,strong_occlusion,4,20261804,30261804,1.0,30,8,True,0.1550551055632224,0.03320033694943856,0.007944348790311195,0.008284189898398039,0.0033291220724839996,0.0034755242045929778,0.9978873510405042,0.49999999999999983,0.9997190146105758,0.9334992715753568,0.9964669510992756,0.9916522600491338,0.6637419783297713,1.9251515316244907
9,combined_variation,0,20261900,30261900,0.0,22,16,True,0.24051216639005593,0.24499787902922143,0.006622730476788511,0.006297877738357131,0.003554850417293176,0.0033651197066519884,0.9883915820976614,0.9873657760610847,0.9773297886944574,0.9753264804225343,0.9585698054814868,0.9985943949855018,0.9883915820976614,1.9739208754080362
9,combined_variation,0,20261900,30261900,0.025,22,16,True,0.24051216639005593,0.24499787902922143,0.006622730476788511,0.006297877738357131,0.003554850417293176,0.0033651197066519884,0.9883915820976614,0.9873657760610847,0.9773297886944574,0.9753264804225343,0.9585698054814868,0.9985943949855018,0.9750594143687615,1.9603273977987163
9,combined_variation,0,20261900,30261900,0.05,14,16,True,0.0996073401640554,0.24499787902922143,0.0064416708612752074,0.006297877738357131,0.0035093982231652523,0.0033651197066519884,0.9794543331378694,0.9873657760610847,0.9598761335871662,0.9753264804225343,0.9450768989335231,0.9985943949855018,0.9692064854284013,1.9467339201893967
9,combined_variation,0,20261900,30261900,0.075,14,16,True,0.0996073401640554,0.24499787902922143,0.0064416708612752074,0.006297877738357131,0.0035093982231652523,0.0033651197066519884,0.9794543331378694,0.9873657760610847,0.9598761335871662,0.9753264804225343,0.9450768989335231,0.9985943949855018,0.9640825615736671,1.933140442580077
9,combined_variation,0,20261900,30261900,0.1,14,16,True,0.0996073401640554,0.24499787902922143,0.0064416708612752074,0.006297877738357131,0.0035093982231652523,0.0033651197066519884,0.9794543331378694,0.9873657760610847,0.9598761335871662,0.9753264804225343,0.9450768989335231,0.9985943949855018,0.9589586377189331,1.919546964970757
9,combined_variation,0,20261900,30261900,0.15,14,16,True,0.0996073401640554,0.24499787902922143,0.0064416708612752074,0.006297877738357131,0.0035093982231652523,0.0033651197066519884,0.9794543331378694,0.9873657760610847,0.9598761335871662,0.9753264804225343,0.9450768989335231,0.9985943949855018,0.9487107900094649,1.8923600097521176
9,combined_variation,0,20261900,30261900,0.2,14,49,True,0.0996073401640554,0.011648744949930803,0.0064416708612752074,0.036006232728057384,0.0035093982231652523,0.01726214250379581,0.9794543331378694,0.7281278611177094,0.9598761335871662,0.9455134937189037,0.9450768989335231,0.935550240123272,0.9384629422999966,1.8810637338421756
9,combined_variation,0,20261900,30261900,0.25,14,49,True,0.0996073401640554,0.011648744949930803,0.0064416708612752074,0.036006232728057384,0.0035093982231652523,0.01726214250379581,0.9794543331378694,0.7281278611177094,0.9598761335871662,0.9455134937189037,0.9450768989335231,0.935550240123272,0.9282150945905284,1.8810637338421756
9,combined_variation,0,20261900,30261900,0.5,14,49,True,0.0996073401640554,0.011648744949930803,0.0064416708612752074,0.036006232728057384,0.0035093982231652523,0.01726214250379581,0.9794543331378694,0.7281278611177094,0.9598761335871662,0.9455134937189037,0.9450768989335231,0.935550240123272,0.8769758560431875,1.8810637338421756
9,combined_variation,0,20261900,30261900,1.0,14,49,True,0.0996073401640554,0.011648744949930803,0.0064416708612752074,0.036006232728057384,0.0035093982231652523,0.01726214250379581,0.9794543331378694,0.7281278611177094,0.9598761335871662,0.9455134937189037,0.9450768989335231,0.935550240123272,0.7744973789485056,1.8810637338421756
9,combined_variation,1,20261901,30261901,0.0,3,3,False,0.1539633867428138,0.1539633867428138,0.005890212692386627,0.005890212692386627,0.003315794369117657,0.003315794369117657,0.9872256384128821,0.9872256384128821,0.9801752328930443,0.9801752328930443,0.9979446931858742,0.9979446931858742,0.9872256384128821,1.9781199260789184
9,combined_variation,1,20261901,30261901,0.025,13,3,True,0.02793817892957943,0.1539633867428138,0.022590560646958677,0.005890212692386627,0.017395239998934203,0.003315794369117657,0.9786717528711668,0.9872256384128821,0.9669003003206741,0.9801752328930443,0.9442617355566867,0.9979446931858742,0.9786717528711668,1.9690462247513978
9,combined_variation,1,20261901,30261901,0.05,13,3,True,0.02793817892957943,0.1539633867428138,0.022590560646958677,0.005890212692386627,0.017395239998934203,0.003315794369117657,0.9786717528711668,0.9872256384128821,0.9669003003206741,0.9801752328930443,0.9442617355566867,0.9979446931858742,0.9786717528711668,1.9599725234238772
9,combined_variation,1,20261901,30261901,0.075,13,3,True,0.02793817892957943,0.1539633867428138,0.022590560646958677,0.005890212692386627,0.017395239998934203,0.003315794369117657,0.9786717528711668,0.9872256384128821,0.9669003003206741,0.9801752328930443,0.9442617355566867,0.9979446931858742,0.9786717528711668,1.9508988220963566
9,combined_variation,1,20261901,30261901,0.1,13,3,True,0.02793817892957943,0.1539633867428138,0.022590560646958677,0.005890212692386627,0.017395239998934203,0.003315794369117657,0.9786717528711668,0.9872256384128821,0.9669003003206741,0.9801752328930443,0.9442617355566867,0.9979446931858742,0.9786717528711668,1.941825120768836
9,combined_variation,1,20261901,30261901,0.15,13,14,True,0.02793817892957943,0.08752889760808778,0.022590560646958677,0.0063547191765671385,0.017395239998934203,0.003495754375774371,0.9786717528711668,0.9818013562255947,0.9669003003206741,0.9717571894274649,0.9442617355566867,0.9797249019169748,0.9786717528711668,1.9257392232676467
9,combined_variation,1,20261901,30261901,0.2,13,14,True,0.02793817892957943,0.08752889760808778,0.022590560646958677,0.0063547191765671385,0.017395239998934203,0.003495754375774371,0.9786717528711668,0.9818013562255947,0.9669003003206741,0.9717571894274649,0.9442617355566867,0.9797249019169748,0.9786717528711668,1.9171582672420489
9,combined_variation,1,20261901,30261901,0.25,13,13,False,0.02793817892957943,0.02793817892957943,0.022590560646958677,0.022590560646958677,0.017395239998934203,0.017395239998934203,0.9786717528711668,0.9786717528711668,0.9669003003206741,0.9669003003206741,0.9442617355566867,0.9442617355566867,0.9786717528711668,1.9111620358773607
9,combined_variation,1,20261901,30261901,0.5,13,13,False,0.02793817892957943,0.02793817892957943,0.022590560646958677,0.022590560646958677,0.017395239998934203,0.017395239998934203,0.9786717528711668,0.9786717528711668,0.9669003003206741,0.9669003003206741,0.9442617355566867,0.9442617355566867,0.9786717528711668,1.9111620358773607
9,combined_variation,1,20261901,30261901,1.0,13,13,False,0.02793817892957943,0.02793817892957943,0.022590560646958677,0.022590560646958677,0.017395239998934203,0.017395239998934203,0.9786717528711668,0.9786717528711668,0.9669003003206741,0.9669003003206741,0.9442617355566867,0.9442617355566867,0.9786717528711668,1.9111620358773607
9,combined_variation,2,20261902,30261902,0.0,16,16,False,0.21341975961033394,0.21341975961033394,0.004283319173186791,0.004283319173186791,0.003204412938408751,0.003204412938408751,0.9865211649784924,0.9865211649784924,0.9800946727595844,0.9800946727595844,0.99844130784962,0.99844130784962,0.9865211649784924,1.9785359806092044
9,combined_variation,2,20261902,30261902,0.025,13,16,True,0.024674040503990285,0.21341975961033394,0.004491945592246022,0.004283319173186791,0.0036062399864190734,0.003204412938408751,0.977418196126155,0.9865211649784924,0.9666515544503275,0.9800946727595844,0.936829135317557,0.99844130784962,0.977418196126155,1.9656386071927687
9,combined_variation,2,20261902,30261902,0.05,13,15,True,0.024674040503990285,0.15545661433115857,0.004491945592246022,0.004325257917949271,0.0036062399864190734,0.0032457808529663154,0.977418196126155,0.985054845532312,0.9666515544503275,0.9779292357341565,0.936829135317557,0.9962392291249949,0.977418196126155,1.956295193889109
9,combined_variation,2,20261902,30261902,0.075,13,15,True,0.024674040503990285,0.15545661433115857,0.004491945592246022,0.004325257917949271,0.0036062399864190734,0.0032457808529663154,0.977418196126155,0.985054845532312,0.9666515544503275,0.9779292357341565,0.936829135317557,0.9962392291249949,0.977418196126155,1.947358558404088
9,combined_variation,2,20261902,30261902,0.1,13,15,True,0.024674040503990285,0.15545661433115857,0.004491945592246022,0.004325257917949271,0.0036062399864190734,0.0032457808529663154,0.977418196126155,0.985054845532312,0.9666515544503275,0.9779292357341565,0.936829135317557,0.9962392291249949,0.977418196126155,1.938421922919067
9,combined_variation,2,20261902,30261902,0.15,13,15,True,0.024674040503990285,0.15545661433115857,0.004491945592246022,0.004325257917949271,0.0036062399864190734,0.0032457808529663154,0.977418196126155,0.985054845532312,0.9666515544503275,0.9779292357341565,0.936829135317557,0.9962392291249949,0.977418196126155,1.9205486519490247
9,combined_variation,2,20261902,30261902,0.2,13,14,True,0.024674040503990285,0.08785143945649572,0.004491945592246022,0.004437418051038571,0.0036062399864190734,0.0034876595829951736,0.977418196126155,0.9799417207384815,0.9666515544503275,0.9703782550982278,0.936829135317557,0.9747045752325917,0.977418196126155,1.9105465236160477
9,combined_variation,2,20261902,30261902,0.25,13,13,False,0.024674040503990285,0.024674040503990285,0.004491945592246022,0.004491945592246022,0.0036062399864190734,0.0036062399864190734,0.977418196126155,0.977418196126155,0.9666515544503275,0.9666515544503275,0.936829135317557,0.936829135317557,0.977418196126155,1.9034806897678844
9,combined_variation,2,20261902,30261902,0.5,13,13,False,0.024674040503990285,0.024674040503990285,0.004491945592246022,0.004491945592246022,0.0036062399864190734,0.0036062399864190734,0.977418196126155,0.977418196126155,0.9666515544503275,0.9666515544503275,0.936829135317557,0.936829135317557,0.977418196126155,1.9034806897678844
9,combined_variation,2,20261902,30261902,1.0,13,13,False,0.024674040503990285,0.024674040503990285,0.004491945592246022,0.004491945592246022,0.0036062399864190734,0.0036062399864190734,0.977418196126155,0.977418196126155,0.9666515544503275,0.9666515544503275,0.936829135317557,0.936829135317557,0.977418196126155,1.9034806897678844
9,combined_variation,3,20261903,30261903,0.0,15,15,False,0.1634542940953891,0.1634542940953891,0.005375247949787396,0.005375247949787396,0.0034470045096680205,0.0034470045096680205,0.9866754949502006,0.9866754949502006,0.9795767093826745,0.9795767093826745,0.9973235604551998,0.9973235604551998,0.9866754949502006,1.9769002698378744
9,combined_variation,3,20261903,30261903,0.025,15,15,False,0.1634542940953891,0.1634542940953891,0.005375247949787396,0.005375247949787396,0.0034470045096680205,0.0034470045096680205,0.9866754949502006,0.9866754949502006,0.9795767093826745,0.9795767093826745,0.9973235604551998,0.9973235604551998,0.9774367739077847,1.9676615487954585
9,combined_variation,3,20261903,30261903,0.05,1,15,True,0.050418817709168555,0.1634542940953891,0.006155652588694499,0.005375247949787396,0.0039681853203626955,0.0034470045096680205,0.9773841894284616,0.9866754949502006,0.9653353524110176,0.9795767093826745,0.930952333626284,0.9973235604551998,0.9759362364769021,1.9584228277530427
9,combined_variation,3,20261903,30261903,0.075,1,15,True,0.050418817709168555,0.1634542940953891,0.006155652588694499,0.005375247949787396,0.0039681853203626955,0.0034470045096680205,0.9773841894284616,0.9866754949502006,0.9653353524110176,0.9795767093826745,0.930952333626284,0.9973235604551998,0.9752122600011223,1.9491841067106268
9,combined_variation,3,20261903,30261903,0.1,1,15,True,0.050418817709168555,0.1634542940953891,0.006155652588694499,0.005375247949787396,0.0039681853203626955,0.0034470045096680205,0.9773841894284616,0.9866754949502006,0.9653353524110176,0.9795767093826745,0.930952333626284,0.9973235604551998,0.9744882835253426,1.9399453856682107
9,combined_variation,3,20261903,30261903,0.15,1,15,True,0.050418817709168555,0.1634542940953891,0.006155652588694499,0.005375247949787396,0.0039681853203626955,0.0034470045096680205,0.9773841894284616,0.9866754949502006,0.9653353524110176,0.9795767093826745,0.930952333626284,0.9973235604551998,0.973040330573783,1.921467943583379
9,combined_variation,3,20261903,30261903,0.2,1,14,True,0.050418817709168555,0.10241277094011415,0.006155652588694499,0.0057083814318340444,0.0039681853203626955,0.0036821737682272678,0.9773841894284616,0.9807354356171502,0.9653353524110176,0.9704720141170989,0.930952333626284,0.9746378396060149,0.9715923776222234,1.9079852076651969
9,combined_variation,3,20261903,30261903,0.25,1,14,True,0.050418817709168555,0.10241277094011415,0.006155652588694499,0.0057083814318340444,0.0039681853203626955,0.0036821737682272678,0.9773841894284616,0.9807354356171502,0.9653353524110176,0.9704720141170989,0.930952333626284,0.9746378396060149,0.9701444246706639,1.8987040461507176
9,combined_variation,3,20261903,30261903,0.5,1,1,False,0.050418817709168555,0.050418817709168555,0.006155652588694499,0.006155652588694499,0.0039681853203626955,0.0039681853203626955,0.9773841894284616,0.9773841894284616,0.9653353524110176,0.9653353524110176,0.930952333626284,0.930952333626284,0.9629046599128662,1.8818081565217062
9,combined_variation,3,20261903,30261903,1.0,1,1,False,0.050418817709168555,0.050418817709168555,0.006155652588694499,0.006155652588694499,0.0039681853203626955,0.0039681853203626955,0.9773841894284616,0.9773841894284616,0.9653353524110176,0.9653353524110176,0.930952333626284,0.930952333626284,0.9484251303972707,1.867328627006111
9,combined_variation,4,20261904,30261904,0.0,23,17,True,0.17508084151745984,0.29613277784046327,0.005512842633246909,0.005530901438378857,0.0034707415050581596,0.003483223296704527,0.9910270763410487,0.9891905873259289,0.9823983409124262,0.9787958079152834,0.9513567647722992,0.9973325201166902,0.9910270763410487,1.9761283280319737
9,combined_variation,4,20261904,30261904,0.025,23,16,True,0.17508084151745984,0.2435084509278698,0.005512842633246909,0.005401093568738687,0.0034707415050581596,0.0034012984134103004,0.9910270763410487,0.989178078746765,0.9823983409124262,0.9787712705677609,0.9513567647722992,0.9973104419299471,0.982188788023494,1.9630740908158548
9,combined_variation,4,20261904,30261904,0.05,14,59,True,0.1000976356721832,0.19658691265092054,0.005869234783715826,0.005041739193530062,0.003688931557361828,0.0031831012596822555,0.9821102095333893,0.7481138501839053,0.964906645268593,0.9867104158950274,0.9395264527530678,0.9854396606124579,0.973571172104646,1.951852745452214
9,combined_variation,4,20261904,30261904,0.075,14,59,True,0.1000976356721832,0.19658691265092054,0.005869234783715826,0.005041739193530062,0.003688931557361828,0.0031831012596822555,0.9821102095333893,0.7481138501839053,0.964906645268593,0.9867104158950274,0.9395264527530678,0.9854396606124579,0.9693016533902744,1.9417040799245784
9,combined_variation,4,20261904,30261904,0.1,14,59,True,0.1000976356721832,0.19658691265092054,0.005869234783715826,0.005041739193530062,0.003688931557361828,0.0031831012596822555,0.9821102095333893,0.7481138501839053,0.964906645268593,0.9867104158950274,0.9395264527530678,0.9854396606124579,0.9650321346759029,1.931555414396943
9,combined_variation,4,20261904,30261904,0.15,14,59,True,0.1000976356721832,0.19658691265092054,0.005869234783715826,0.005041739193530062,0.003688931557361828,0.0031831012596822555,0.9821102095333893,0.7481138501839053,0.964906645268593,0.9867104158950274,0.9395264527530678,0.9854396606124579,0.9564930972471596,1.9112580833416717
9,combined_variation,4,20261904,30261904,0.2,14,49,True,0.1000976356721832,0.030025772035868672,0.005869234783715826,0.0057685120668913145,0.003688931557361828,0.003623793879284373,0.9821102095333893,0.7321831480969122,0.964906645268593,0.9554600901574151,0.9395264527530678,0.938593260108034,0.9479540598184163,1.894053350265449
9,combined_variation,4,20261904,30261904,0.25,14,49,True,0.1000976356721832,0.030025772035868672,0.005869234783715826,0.0057685120668913145,0.003688931557361828,0.003623793879284373,0.9821102095333893,0.7321831480969122,0.964906645268593,0.9554600901574151,0.9395264527530678,0.938593260108034,0.9394150223896731,1.894053350265449
9,combined_variation,4,20261904,30261904,0.5,14,49,True,0.1000976356721832,0.030025772035868672,0.005869234783715826,0.0057685120668913145,0.003688931557361828,0.003623793879284373,0.9821102095333893,0.7321831480969122,0.964906645268593,0.9554600901574151,0.9395264527530678,0.938593260108034,0.8967198352459568,1.894053350265449
9,combined_variation,4,20261904,30261904,1.0,14,49,True,0.1000976356721832,0.030025772035868672,0.005869234783715826,0.0057685120668913145,0.003688931557361828,0.003623793879284373,0.9821102095333893,0.7321831480969122,0.964906645268593,0.9554600901574151,0.9395264527530678,0.938593260108034,0.8113294609585242,1.894053350265449
