scenario_id,scenario_name,viewpoint_label,viewpoint_index,sample,seed,predicted_sigma,localisation_error,normalized_squared_error,radial_error_over_sigma,covered_50,covered_90,covered_95,covered_99
0,baseline,initial,-1,0,20270930,0.002,0.0018187451082497326,0.8269584421955829,0.9093725541248663,True,True,True,True
0,baseline,initial,-1,1,20270931,0.002,0.0013644465753523498,0.46542861424768894,0.6822232876761749,True,True,True,True
0,baseline,initial,-1,2,20270932,0.002,0.0016327744277918176,0.6664880830127244,0.8163872138959088,True,True,True,True
0,baseline,initial,-1,3,20270933,0.002,0.0028984486284926074,2.1002511130026695,1.4492243142463037,True,True,True,True
0,baseline,initial,-1,4,20270934,0.002,0.0018234055584530264,0.8312019576493483,0.9117027792265132,True,True,True,True
0,baseline,initial,-1,5,20270935,0.002,0.0011094511950814605,0.30772048856692025,0.5547255975407303,True,True,True,True
0,baseline,initial,-1,6,20270936,0.002,0.0017557832533803429,0.7706937082127153,0.8778916266901714,True,True,True,True
0,baseline,initial,-1,7,20270937,0.002,0.004515680595593997,5.097842810356039,2.2578402977969985,False,True,True,True
0,baseline,initial,-1,8,20270938,0.002,0.00508381900199942,6.461303911272596,2.54190950099971,False,False,True,True
0,baseline,initial,-1,9,20270939,0.002,0.0011710458377669991,0.3428370885378532,0.5855229188834995,True,True,True,True
0,baseline,initial,-1,10,20270940,0.002,0.0017902169410630624,0.8012191740172971,0.8951084705315312,True,True,True,True
0,baseline,initial,-1,11,20270941,0.002,0.003210491156908642,2.576813367147148,1.605245578454321,False,True,True,True
0,baseline,initial,-1,12,20270942,0.002,0.004655011984142163,5.417284143126791,2.3275059920710817,False,True,True,True
0,baseline,initial,-1,13,20270943,0.002,0.00701675351193254,12.30870746180441,3.50837675596627,False,False,False,False
0,baseline,initial,-1,14,20270944,0.002,0.005108722159971516,6.524760526946007,2.5543610799857577,False,False,True,True
0,baseline,initial,-1,15,20270945,0.002,0.003791432083911188,3.593739311727783,1.8957160419555938,False,True,True,True
0,baseline,initial,-1,16,20270946,0.002,0.002438182336307703,1.4861832762707226,1.2190911681538517,True,True,True,True
0,baseline,initial,-1,17,20270947,0.002,0.0036677843703203945,3.3631605467916432,1.8338921851601973,False,True,True,True
0,baseline,initial,-1,18,20270948,0.002,0.004175579857896565,4.358866787417875,2.0877899289482826,False,True,True,True
0,baseline,initial,-1,19,20270949,0.002,0.005545145388154065,7.687159343941573,2.7725726940770326,False,False,True,True
0,baseline,initial,-1,20,20270950,0.002,0.004241144096747582,4.496825812344215,2.120572048373791,False,True,True,True
0,baseline,initial,-1,21,20270951,0.002,0.0034173768104346523,2.9196160661241293,1.7086884052173261,False,True,True,True
0,baseline,initial,-1,22,20270952,0.002,0.001275633753214181,0.40681036808482457,0.6378168766070905,True,True,True,True
0,baseline,initial,-1,23,20270953,0.002,0.0036338641277754453,3.3012421247832995,1.8169320638877227,False,True,True,True
0,baseline,initial,-1,24,20270954,0.002,0.0036072711870690725,3.2531013542646794,1.8036355935345363,False,True,True,True
0,baseline,initial,-1,25,20270955,0.002,0.0023319399512665216,1.3594859840782267,1.1659699756332609,True,True,True,True
0,baseline,initial,-1,26,20270956,0.002,0.0026013001162108764,1.69169057364968,1.300650058105438,True,True,True,True
0,baseline,initial,-1,27,20270957,0.002,0.002464871230325517,1.518897545521607,1.2324356151627585,True,True,True,True
0,baseline,initial,-1,28,20270958,0.002,0.0025163188301777534,1.5829651137767844,1.2581594150888766,True,True,True,True
0,baseline,initial,-1,29,20270959,0.002,0.003991624923186952,3.983267381851811,1.995812461593476,False,True,True,True
0,baseline,initial,-1,30,20270960,0.002,0.0014545845398417196,0.5289540458866369,0.7272922699208598,True,True,True,True
0,baseline,initial,-1,31,20270961,0.002,0.0029021816410047894,2.105664569346313,1.4510908205023947,True,True,True,True
0,baseline,initial,-1,32,20270962,0.002,0.0011673291306271434,0.3406643248026806,0.5836645653135717,True,True,True,True
0,baseline,initial,-1,33,20270963,0.002,0.003732869315839167,3.483578332283393,1.8664346579195834,False,True,True,True
0,baseline,initial,-1,34,20270964,0.002,0.0028409732343239982,2.0177822295363397,1.4204866171619992,True,True,True,True
0,baseline,initial,-1,35,20270965,0.002,0.0013632585441755497,0.4646184645669098,0.6816292720877748,True,True,True,True
0,baseline,initial,-1,36,20270966,0.002,0.0017741475323615086,0.7868998666461077,0.8870737661807543,True,True,True,True
0,baseline,initial,-1,37,20270967,0.002,0.0017534298618255952,0.7686290700854315,0.8767149309127976,True,True,True,True
0,baseline,initial,-1,38,20270968,0.002,0.0042163272476026655,4.444353864719167,2.1081636238013326,False,True,True,True
0,baseline,initial,-1,39,20270969,0.002,0.0025403788628854686,1.6133811917488168,1.2701894314427342,True,True,True,True
0,baseline,initial,-1,40,20270970,0.002,0.0019656474978040715,0.9659425214058518,0.9828237489020357,True,True,True,True
0,baseline,initial,-1,41,20270971,0.002,0.002564162775647791,1.6437326850044458,1.2820813878238955,True,True,True,True
0,baseline,initial,-1,42,20270972,0.002,0.003749337534819575,3.5143829875017323,1.8746687674097875,False,True,True,True
0,baseline,initial,-1,43,20270973,0.002,0.004076274633377854,4.154003721679939,2.038137316688927,False,True,True,True
0,baseline,initial,-1,44,20270974,0.002,0.002842506148995452,2.019960301769239,1.421253074497726,True,True,True,True
0,baseline,initial,-1,45,20270975,0.002,0.0057802964458442095,8.3529567504598,2.8901482229221047,False,False,False,True
0,baseline,initial,-1,46,20270976,0.002,0.006676514825345297,11.143962553263886,3.3382574126726485,False,False,False,True
0,baseline,initial,-1,47,20270977,0.002,0.0031747673019631626,2.519786855403615,1.5873836509815813,False,True,True,True
0,baseline,initial,-1,48,20270978,0.002,0.0016891016683210967,0.7132661114812782,0.8445508341605483,True,True,True,True
0,baseline,initial,-1,49,20270979,0.002,0.0024434571746766256,1.4926207411196695,1.2217285873383128,True,True,True,True
0,baseline,initial,-1,50,20270980,0.002,0.002798297433185759,1.957617131143502,1.3991487165928793,True,True,True,True
0,baseline,initial,-1,51,20270981,0.002,0.003287782968052941,2.702379211254752,1.6438914840264705,False,True,True,True
0,baseline,initial,-1,52,20270982,0.002,0.00354947690088464,3.1496965674784074,1.77473845044232,False,True,True,True
0,baseline,initial,-1,53,20270983,0.002,0.0034351380838915594,2.9500434138505436,1.7175690419457796,False,True,True,True
0,baseline,initial,-1,54,20270984,0.002,0.003508841891129205,3.077992854235794,1.7544209455646025,False,True,True,True
0,baseline,initial,-1,55,20270985,0.002,0.0027136071569063445,1.8409159505033337,1.3568035784531722,True,True,True,True
0,baseline,initial,-1,56,20270986,0.002,0.0027114475968712487,1.8379870176447175,1.3557237984356243,True,True,True,True
0,baseline,initial,-1,57,20270987,0.002,0.004802732342004446,5.766559487233878,2.401366171002223,False,True,True,True
0,baseline,initial,-1,58,20270988,0.002,0.0048035258501913265,5.768465148364077,2.4017629250956634,False,True,True,True
0,baseline,initial,-1,59,20270989,0.002,0.003717037259988801,3.454091498036264,1.8585186299944005,False,True,True,True
0,baseline,initial,-1,60,20270990,0.002,0.003183730459688344,2.5340349099868384,1.591865229844172,False,True,True,True
0,baseline,initial,-1,61,20270991,0.002,0.0002759655157225614,0.019039241467004822,0.1379827578612807,True,True,True,True
0,baseline,initial,-1,62,20270992,0.002,0.004761192480813293,5.66723845983826,2.3805962404066463,False,True,True,True
0,baseline,initial,-1,63,20270993,0.002,0.0019755407760761712,0.9756903394849104,0.9877703880380856,True,True,True,True
0,baseline,initial,-1,64,20270994,0.002,0.00126904945138773,0.40262162751687475,0.6345247256938651,True,True,True,True
0,baseline,initial,-1,65,20270995,0.002,0.004217099553455817,4.445982160939313,2.108549776727908,False,True,True,True
0,baseline,initial,-1,66,20270996,0.002,0.0048932949113601396,5.98608377238576,2.4466474556800697,False,True,True,True
0,baseline,initial,-1,67,20270997,0.002,0.0021293580291859983,1.1335414041147198,1.0646790145929992,True,True,True,True
0,baseline,initial,-1,68,20270998,0.002,0.004938699211042045,6.097687474286831,2.4693496055210225,False,True,True,True
0,baseline,initial,-1,69,20270999,0.002,0.004312409854242675,4.649219687742334,2.1562049271213377,False,True,True,True
0,baseline,initial,-1,70,20271000,0.002,0.0013901700256928285,0.4831431750836999,0.6950850128464142,True,True,True,True
0,baseline,initial,-1,71,20271001,0.002,0.002745416197954556,1.8843275249978124,1.372708098977278,True,True,True,True
0,baseline,initial,-1,72,20271002,0.002,0.002795550712943814,1.9537759471601672,1.397775356471907,True,True,True,True
0,baseline,initial,-1,73,20271003,0.002,0.002379255879263551,1.4152146347525434,1.1896279396317755,True,True,True,True
0,baseline,initial,-1,74,20271004,0.002,0.0030314793004802367,2.2974666873100364,1.5157396502401184,True,True,True,True
0,baseline,initial,-1,75,20271005,0.002,0.0029191867448380114,2.1304128128094866,1.4595933724190058,True,True,True,True
0,baseline,initial,-1,76,20271006,0.002,0.0034164202055779586,2.9179817552703353,1.7082101027889793,False,True,True,True
0,baseline,initial,-1,77,20271007,0.002,0.0019137490946030931,0.9156088992735396,0.9568745473015465,True,True,True,True
0,baseline,initial,-1,78,20271008,0.002,0.0036189754341569235,3.2742457982578235,1.8094877170784618,False,True,True,True
0,baseline,initial,-1,79,20271009,0.002,0.003946306699453596,3.8933341415380833,1.973153349726798,False,True,True,True
0,baseline,initial,-1,80,20271010,0.002,0.002782232083602969,1.9352038417574295,1.3911160418014845,True,True,True,True
0,baseline,initial,-1,81,20271011,0.002,0.0032478157531584417,2.637076791616034,1.6239078765792208,False,True,True,True
0,baseline,initial,-1,82,20271012,0.002,0.0033741317661959607,2.8461912939131686,1.6870658830979803,False,True,True,True
0,baseline,initial,-1,83,20271013,0.002,0.001953473566141181,0.954014743403086,0.9767367830705905,True,True,True,True
0,baseline,initial,-1,84,20271014,0.002,0.003312970025619648,2.743942597663563,1.656485012809824,False,True,True,True
0,baseline,initial,-1,85,20271015,0.002,0.00207981047131684,1.081402899149794,1.03990523565842,True,True,True,True
0,baseline,initial,-1,86,20271016,0.002,0.002766635792689583,1.9135684023477797,1.3833178963447916,True,True,True,True
0,baseline,initial,-1,87,20271017,0.002,0.005890205890861253,8.673631359184151,2.945102945430626,False,False,False,True
0,baseline,initial,-1,88,20271018,0.002,0.002134806569572865,1.1393497723728658,1.0674032847864325,True,True,True,True
0,baseline,initial,-1,89,20271019,0.002,0.0030909410798881085,2.388479189834967,1.5454705399440543,False,True,True,True
0,baseline,initial,-1,90,20271020,0.002,0.0028496406225535674,2.030112919426871,1.4248203112767837,True,True,True,True
0,baseline,initial,-1,91,20271021,0.002,0.0038933477684790843,3.789539211580266,1.9466738842395421,False,True,True,True
0,baseline,initial,-1,92,20271022,0.002,0.0020734524361796934,1.0748012512748766,1.0367262180898467,True,True,True,True
0,baseline,initial,-1,93,20271023,0.002,0.0014444216830831775,0.5215884996402098,0.7222108415415888,True,True,True,True
0,baseline,initial,-1,94,20271024,0.002,0.004790410313396943,5.73700774267495,2.3952051566984713,False,True,True,True
0,baseline,initial,-1,95,20271025,0.002,0.006183636375546885,9.559339706246657,3.0918181877734425,False,False,False,True
0,baseline,initial,-1,96,20271026,0.002,0.0022195416735255927,1.231591310129197,1.1097708367627963,True,True,True,True
0,baseline,initial,-1,97,20271027,0.002,0.004708020966204227,5.541365354554646,2.3540104831021136,False,True,True,True
0,baseline,initial,-1,98,20271028,0.002,0.003375208811144736,2.8480086297072664,1.687604405572368,False,True,True,True
0,baseline,initial,-1,99,20271029,0.002,0.0031935027803066157,2.5496150019565214,1.596751390153308,False,True,True,True
0,baseline,candidate_0,0,0,20280930,0.002,0.004031579419908454,4.063408154757346,2.015789709954227,False,True,True,True
0,baseline,candidate_0,0,1,20280931,0.002,0.0009983488713699695,0.24917511724142297,0.4991744356849847,True,True,True,True
0,baseline,candidate_0,0,2,20280932,0.002,0.004359720254901544,4.751790175249696,2.1798601274507723,False,True,True,True
0,baseline,candidate_0,0,3,20280933,0.002,0.0021077335593714763,1.1106351893251882,1.0538667796857382,True,True,True,True
0,baseline,candidate_0,0,4,20280934,0.002,0.001988825279836021,0.988856498428707,0.9944126399180105,True,True,True,True
0,baseline,candidate_0,0,5,20280935,0.002,0.0033661346491058574,2.832715618977754,1.6830673245529286,False,True,True,True
0,baseline,candidate_0,0,6,20280936,0.002,0.0020016199863424756,1.0016206424314131,1.0008099931712378,True,True,True,True
0,baseline,candidate_0,0,7,20280937,0.002,0.004804787147931533,5.771494884232009,2.4023935739657665,False,True,True,True
0,baseline,candidate_0,0,8,20280938,0.002,0.00322266600020411,2.5963940372178893,1.611333000102055,False,True,True,True
0,baseline,candidate_0,0,9,20280939,0.002,0.004460417681221551,4.97383147273846,2.2302088406107754,False,True,True,True
0,baseline,candidate_0,0,10,20280940,0.002,0.004834653981190373,5.843469779459983,2.4173269905951864,False,True,True,True
0,baseline,candidate_0,0,11,20280941,0.002,0.002387062254840902,1.424516552121533,1.193531127420451,True,True,True,True
0,baseline,candidate_0,0,12,20280942,0.002,0.0033378745503498553,2.7853516284683124,1.6689372751749276,False,True,True,True
0,baseline,candidate_0,0,13,20280943,0.002,0.002564351459915665,1.6439746024929005,1.2821757299578325,True,True,True,True
0,baseline,candidate_0,0,14,20280944,0.002,0.0033032209657447675,2.7278171871339487,1.6516104828723837,False,True,True,True
0,baseline,candidate_0,0,15,20280945,0.002,0.005818283269160431,8.46310505004805,2.9091416345802155,False,False,False,True
0,baseline,candidate_0,0,16,20280946,0.002,0.0023737146765796958,1.4086303414524624,1.186857338289848,True,True,True,True
0,baseline,candidate_0,0,17,20280947,0.002,0.004928440804191713,6.072382190105466,2.4642204020958567,False,True,True,True
0,baseline,candidate_0,0,18,20280948,0.002,0.003899052639296798,3.8006528710018315,1.949526319648399,False,True,True,True
0,baseline,candidate_0,0,19,20280949,0.002,0.006028865952999751,9.086806169809899,3.0144329764998754,False,False,False,True
0,baseline,candidate_0,0,20,20280950,0.002,0.004742253092754326,5.622241098934492,2.371126546377163,False,True,True,True
0,baseline,candidate_0,0,21,20280951,0.002,0.004900542476473952,6.003829140931364,2.4502712382369762,False,True,True,True
0,baseline,candidate_0,0,22,20280952,0.002,0.004200360899120873,4.410757920715877,2.1001804495604364,False,True,True,True
0,baseline,candidate_0,0,23,20280953,0.002,0.0019716499840911096,0.9718509149416182,0.9858249920455547,True,True,True,True
0,baseline,candidate_0,0,24,20280954,0.002,0.004369851756563669,4.773901093585645,2.184925878281834,False,True,True,True
0,baseline,candidate_0,0,25,20280955,0.002,0.0008821298983722509,0.19453828940055942,0.44106494918612543,True,True,True,True
0,baseline,candidate_0,0,26,20280956,0.002,0.0013435912805985092,0.45130938232508544,0.6717956402992545,True,True,True,True
0,baseline,candidate_0,0,27,20280957,0.002,0.004027961939851322,4.056119347222706,2.013980969925661,False,True,True,True
0,baseline,candidate_0,0,28,20280958,0.002,0.002927467060078508,2.1425158469611763,1.463733530039254,True,True,True,True
0,baseline,candidate_0,0,29,20280959,0.002,0.0021580245621260503,1.1642675026848328,1.0790122810630252,True,True,True,True
0,baseline,candidate_0,0,30,20280960,0.002,0.0019337361261497453,0.934833851394156,0.9668680630748726,True,True,True,True
0,baseline,candidate_0,0,31,20280961,0.002,0.004039377210338573,4.079142061850659,2.0196886051692866,False,True,True,True
0,baseline,candidate_0,0,32,20280962,0.002,0.00870208797592767,18.93158378519623,4.351043987963835,False,False,False,False
0,baseline,candidate_0,0,33,20280963,0.002,0.0025907269731262105,1.6779665623209243,1.2953634865631052,True,True,True,True
0,baseline,candidate_0,0,34,20280964,0.002,0.004533789884021439,5.138812678113784,2.2668949420107194,False,True,True,True
0,baseline,candidate_0,0,35,20280965,0.002,0.0025409046883076445,1.614049158765942,1.2704523441538222,True,True,True,True
0,baseline,candidate_0,0,36,20280966,0.002,0.0022675982828382142,1.2855004930827045,1.133799141419107,True,True,True,True
0,baseline,candidate_0,0,37,20280967,0.002,0.003935542073097268,3.8721228522796856,1.967771036548634,False,True,True,True
0,baseline,candidate_0,0,38,20280968,0.002,0.0011617021247016213,0.33738795663406534,0.5808510623508106,True,True,True,True
0,baseline,candidate_0,0,39,20280969,0.002,0.0038746001872338384,3.753131652728124,1.9373000936169191,False,True,True,True
0,baseline,candidate_0,0,40,20280970,0.002,0.004890579661073071,5.979442355325399,2.4452898305365354,False,True,True,True
0,baseline,candidate_0,0,41,20280971,0.002,0.0029826215594912758,2.2240078417855424,1.4913107797456377,True,True,True,True
0,baseline,candidate_0,0,42,20280972,0.002,0.0018201415883798418,0.8282288504374734,0.9100707941899209,True,True,True,True
0,baseline,candidate_0,0,43,20280973,0.002,0.0036094354107998592,3.2570059961839872,1.8047177053999295,False,True,True,True
0,baseline,candidate_0,0,44,20280974,0.002,0.005096902136247615,6.494602846621376,2.5484510681238075,False,False,True,True
0,baseline,candidate_0,0,45,20280975,0.002,0.0034910504025371246,3.046858228263655,1.7455252012685623,False,True,True,True
0,baseline,candidate_0,0,46,20280976,0.002,0.004455479435445077,4.962824249918495,2.2277397177225384,False,True,True,True
0,baseline,candidate_0,0,47,20280977,0.002,0.0060372753645150535,9.112173456745094,3.0186376822575265,False,False,False,True
0,baseline,candidate_0,0,48,20280978,0.002,0.004470712750059731,4.996818123386661,2.2353563750298657,False,True,True,True
0,baseline,candidate_0,0,49,20280979,0.002,0.0044021926019344685,4.844824926131642,2.2010963009672344,False,True,True,True
0,baseline,candidate_0,0,50,20280980,0.002,0.003409560356487449,2.9062754561327058,1.7047801782437246,False,True,True,True
0,baseline,candidate_0,0,51,20280981,0.002,0.002841383024596365,2.018364373116097,1.4206915122981825,True,True,True,True
0,baseline,candidate_0,0,52,20280982,0.002,0.0040708585805493535,4.142972395708075,2.035429290274677,False,True,True,True
0,baseline,candidate_0,0,53,20280983,0.002,0.0019287470644321306,0.9300163096388904,0.9643735322160653,True,True,True,True
0,baseline,candidate_0,0,54,20280984,0.002,0.004174283607008645,4.356160907935275,2.087141803504322,False,True,True,True
0,baseline,candidate_0,0,55,20280985,0.002,0.0014204679359091136,0.5044322892364744,0.7102339679545567,True,True,True,True
0,baseline,candidate_0,0,56,20280986,0.002,0.003769500682867928,3.5522838495354434,1.884750341433964,False,True,True,True
0,baseline,candidate_0,0,57,20280987,0.002,0.0017425802424221176,0.7591464753199816,0.8712901212110588,True,True,True,True
0,baseline,candidate_0,0,58,20280988,0.002,0.007046648559294314,12.413813979551158,3.523324279647157,False,False,False,False
0,baseline,candidate_0,0,59,20280989,0.002,0.0007155666866593165,0.1280089207641481,0.3577833433296582,True,True,True,True
0,baseline,candidate_0,0,60,20280990,0.002,0.0020901283615882165,1.0921591419788605,1.0450641807941083,True,True,True,True
0,baseline,candidate_0,0,61,20280991,0.002,0.004128770371395647,4.261686194928638,2.0643851856978235,False,True,True,True
0,baseline,candidate_0,0,62,20280992,0.002,0.0025250322615627085,1.5939469804831217,1.2625161307813542,True,True,True,True
0,baseline,candidate_0,0,63,20280993,0.002,0.0061446214188530844,9.439093095257023,3.0723107094265423,False,False,False,True
0,baseline,candidate_0,0,64,20280994,0.002,0.003985746386967665,3.971543565306449,1.9928731934838322,False,True,True,True
0,baseline,candidate_0,0,65,20280995,0.002,0.002604535908371183,1.6959018244987256,1.3022679541855913,True,True,True,True
0,baseline,candidate_0,0,66,20280996,0.002,0.0019376000642430367,0.9385735022386551,0.9688000321215183,True,True,True,True
0,baseline,candidate_0,0,67,20280997,0.002,0.0022542587761596525,1.2704206574732035,1.1271293880798263,True,True,True,True
0,baseline,candidate_0,0,68,20280998,0.002,0.005839501274842062,8.524943784720517,2.9197506374210307,False,False,False,True
0,baseline,candidate_0,0,69,20280999,0.002,0.0023238894728850384,1.3501155705464754,1.1619447364425193,True,True,True,True
0,baseline,candidate_0,0,70,20281000,0.002,0.0013392856009490136,0.44842148022734013,0.6696428004745067,True,True,True,True
0,baseline,candidate_0,0,71,20281001,0.002,0.0031446775826042706,2.47224927463346,1.5723387913021354,False,True,True,True
0,baseline,candidate_0,0,72,20281002,0.002,0.002734391042749402,1.8692235936670407,1.3671955213747011,True,True,True,True
0,baseline,candidate_0,0,73,20281003,0.002,0.003211017617361808,2.5776585347519756,1.605508808680904,False,True,True,True
0,baseline,candidate_0,0,74,20281004,0.002,0.004422384362750565,4.8893708629751815,2.211192181375283,False,True,True,True
0,baseline,candidate_0,0,75,20281005,0.002,0.00288204637694815,2.0765478297199893,1.441023188474075,True,True,True,True
0,baseline,candidate_0,0,76,20281006,0.002,0.004763402247705946,5.6725002433625145,2.381701123852973,False,True,True,True
0,baseline,candidate_0,0,77,20281007,0.002,0.005185178281593301,6.721518452976715,2.5925891407966506,False,False,True,True
0,baseline,candidate_0,0,78,20281008,0.002,0.0011237917877700522,0.3157269955648525,0.561895893885026,True,True,True,True
0,baseline,candidate_0,0,79,20281009,0.002,0.004485128540379495,5.029094505931675,2.2425642701897477,False,True,True,True
0,baseline,candidate_0,0,80,20281010,0.002,0.0027338929396578063,1.8685426513777006,1.366946469828903,True,True,True,True
0,baseline,candidate_0,0,81,20281011,0.002,0.0023864472488647342,1.423782617903515,1.193223624432367,True,True,True,True
0,baseline,candidate_0,0,82,20281012,0.002,0.004292454004746868,4.6062903457168565,2.146227002373434,False,True,True,True
0,baseline,candidate_0,0,83,20281013,0.002,0.005971009708355699,8.913239234319503,2.9855048541778495,False,False,False,True
0,baseline,candidate_0,0,84,20281014,0.002,0.003728334395836721,3.475119341794792,1.8641671979183605,False,True,True,True
0,baseline,candidate_0,0,85,20281015,0.002,0.004348426281394487,4.727202781180573,2.1742131406972436,False,True,True,True
0,baseline,candidate_0,0,86,20281016,0.002,0.0030908248142339193,2.388299508071036,1.5454124071169597,False,True,True,True
0,baseline,candidate_0,0,87,20281017,0.002,0.0019987361472289336,0.9987365465598904,0.9993680736144668,True,True,True,True
0,baseline,candidate_0,0,88,20281018,0.002,0.0020894486059809913,1.091448869258977,1.0447243029904956,True,True,True,True
0,baseline,candidate_0,0,89,20281019,0.002,0.00590482151678424,8.716729286269533,2.9524107583921197,False,False,False,True
0,baseline,candidate_0,0,90,20281020,0.002,0.0010950242107146174,0.2997695055127927,0.5475121053573087,True,True,True,True
0,baseline,candidate_0,0,91,20281021,0.002,0.0015262506977799539,0.582360298118449,0.763125348889977,True,True,True,True
0,baseline,candidate_0,0,92,20281022,0.002,0.0037750863935421624,3.5628193196767923,1.8875431967710812,False,True,True,True
0,baseline,candidate_0,0,93,20281023,0.002,0.0014041331049165955,0.4928974440806797,0.7020665524582977,True,True,True,True
0,baseline,candidate_0,0,94,20281024,0.002,0.006859971354843916,11.764801747319767,3.429985677421958,False,False,False,False
0,baseline,candidate_0,0,95,20281025,0.002,0.004279752069977134,4.579069445118391,2.139876034988567,False,True,True,True
0,baseline,candidate_0,0,96,20281026,0.002,0.002149104921179746,1.1546629905597505,1.0745524605898729,True,True,True,True
0,baseline,candidate_0,0,97,20281027,0.002,0.004252296052843698,4.520505430257524,2.126148026421849,False,True,True,True
0,baseline,candidate_0,0,98,20281028,0.002,0.002579355361819958,1.6632685206373414,1.2896776809099788,True,True,True,True
0,baseline,candidate_0,0,99,20281029,0.002,0.004304066150376823,4.6312463567048905,2.1520330751884114,False,True,True,True
0,baseline,candidate_26,26,0,20540930,0.002,0.0025273568947533965,1.5968832183643829,1.2636784473766982,True,True,True,True
0,baseline,candidate_26,26,1,20540931,0.002,0.0032454865921594488,2.6332958049716884,1.6227432960797243,False,True,True,True
0,baseline,candidate_26,26,2,20540932,0.002,0.003685213824377753,3.395200232846226,1.8426069121888764,False,True,True,True
0,baseline,candidate_26,26,3,20540933,0.002,0.005001956772354489,6.254892888125734,2.5009783861772443,False,False,True,True
0,baseline,candidate_26,26,4,20540934,0.002,0.0010572683540740558,0.27945409313161573,0.5286341770370279,True,True,True,True
0,baseline,candidate_26,26,5,20540935,0.002,0.003121052315902211,2.435241889649639,1.5605261579511056,False,True,True,True
0,baseline,candidate_26,26,6,20540936,0.002,0.0030544001244658604,2.332340030084266,1.5272000622329303,True,True,True,True
0,baseline,candidate_26,26,7,20540937,0.002,0.002438128828846841,1.486118046513517,1.2190644144234204,True,True,True,True
0,baseline,candidate_26,26,8,20540938,0.002,0.0073633413085814605,13.554698806665535,3.68167065429073,False,False,False,False
0,baseline,candidate_26,26,9,20540939,0.002,0.0035981992389555574,3.236759440805088,1.7990996194777786,False,True,True,True
0,baseline,candidate_26,26,10,20540940,0.002,0.003979316016421898,3.958738989637961,1.989658008210949,False,True,True,True
0,baseline,candidate_26,26,11,20540941,0.002,0.003175508689022543,2.520963858514418,1.5877543445112714,False,True,True,True
0,baseline,candidate_26,26,12,20540942,0.002,0.004883023997428038,5.960980839864524,2.441511998714019,False,True,True,True
0,baseline,candidate_26,26,13,20540943,0.002,0.0009338989472723636,0.21804181092910724,0.4669494736361818,True,True,True,True
0,baseline,candidate_26,26,14,20540944,0.002,0.004919200533350975,6.049633471830129,2.4596002666754875,False,True,True,True
0,baseline,candidate_26,26,15,20540945,0.002,0.0016011963221441742,0.6409574155120076,0.8005981610720871,True,True,True,True
0,baseline,candidate_26,26,16,20540946,0.002,0.0025704001273669087,1.6517392036919554,1.2852000636834544,True,True,True,True
0,baseline,candidate_26,26,17,20540947,0.002,0.0030173319745269178,2.276073061125627,1.508665987263459,True,True,True,True
0,baseline,candidate_26,26,18,20540948,0.002,0.002318659339323853,1.344045282958432,1.1593296696619266,True,True,True,True
0,baseline,candidate_26,26,19,20540949,0.002,0.00046026438756373495,0.05296082661485501,0.23013219378186747,True,True,True,True
0,baseline,candidate_26,26,20,20540950,0.002,0.0034841885771550577,3.034892510294447,1.7420942885775288,False,True,True,True
0,baseline,candidate_26,26,21,20540951,0.002,0.003121665647943705,2.436199104387948,1.5608328239718523,False,True,True,True
0,baseline,candidate_26,26,22,20540952,0.002,0.0037879499758284247,3.587141254844641,1.8939749879142123,False,True,True,True
0,baseline,candidate_26,26,23,20540953,0.002,0.004932707036434469,6.08289967682253,2.4663535182172343,False,True,True,True
0,baseline,candidate_26,26,24,20540954,0.002,0.003525730738063987,3.107694309332307,1.7628653690319935,False,True,True,True
0,baseline,candidate_26,26,25,20540955,0.002,0.004066793604008903,4.1347025544019305,2.0333968020044515,False,True,True,True
0,baseline,candidate_26,26,26,20540956,0.002,0.004143485349974084,4.292117711362464,2.0717426749870422,False,True,True,True
0,baseline,candidate_26,26,27,20540957,0.002,0.003698168465180792,3.4191124992144135,1.8490842325903958,False,True,True,True
0,baseline,candidate_26,26,28,20540958,0.002,0.0011505741791312755,0.3309552354209021,0.5752870895656377,True,True,True,True
0,baseline,candidate_26,26,29,20540959,0.002,0.0030641654123089086,2.3472774184975562,1.5320827061544542,True,True,True,True
0,baseline,candidate_26,26,30,20540960,0.002,0.003269525900251404,2.672449903103688,1.634762950125702,False,True,True,True
0,baseline,candidate_26,26,31,20540961,0.002,0.004979424062790152,6.198665999273397,2.489712031395076,False,True,True,True
0,baseline,candidate_26,26,32,20540962,0.002,0.004249327434659936,4.5141959117383985,2.1246637173299683,False,True,True,True
0,baseline,candidate_26,26,33,20540963,0.002,0.003400046206646996,2.8900785518336565,1.7000231033234978,False,True,True,True
0,baseline,candidate_26,26,34,20540964,0.002,0.002752232153349271,1.8936954564823916,1.3761160766746354,True,True,True,True
0,baseline,candidate_26,26,35,20540965,0.002,0.0017887891525865552,0.7999416581028316,0.8943945762932776,True,True,True,True
0,baseline,candidate_26,26,36,20540966,0.002,0.003362417342647018,2.8264625965333585,1.6812086713235088,False,True,True,True
0,baseline,candidate_26,26,37,20540967,0.002,0.00530542304447412,7.03687842020926,2.65271152223706,False,False,True,True
0,baseline,candidate_26,26,38,20540968,0.002,0.001343339582900925,0.45114030874710787,0.6716697914504625,True,True,True,True
0,baseline,candidate_26,26,39,20540969,0.002,0.005724658961479823,8.192930056312814,2.862329480739912,False,False,False,True
0,baseline,candidate_26,26,40,20540970,0.002,0.004389181040228909,4.816227550976233,2.194590520114455,False,True,True,True
0,baseline,candidate_26,26,41,20540971,0.002,0.0027551326026082497,1.897688914488727,1.3775663013041248,True,True,True,True
0,baseline,candidate_26,26,42,20540972,0.002,0.0038780020131758903,3.7597249035490647,1.939001006587945,False,True,True,True
0,baseline,candidate_26,26,43,20540973,0.002,0.003433291019711433,2.9468718065077937,1.7166455098557165,False,True,True,True
0,baseline,candidate_26,26,44,20540974,0.002,0.0036048797390375044,3.2487894832307767,1.8024398695187522,False,True,True,True
0,baseline,candidate_26,26,45,20540975,0.002,0.002260829469928824,1.2778374730246618,1.130414734964412,True,True,True,True
0,baseline,candidate_26,26,46,20540976,0.002,0.007938147505211029,15.753546453622022,3.969073752605514,False,False,False,False
0,baseline,candidate_26,26,47,20540977,0.002,0.0019908844289232702,0.990905202332284,0.995442214461635,True,True,True,True
0,baseline,candidate_26,26,48,20540978,0.002,0.0021945223144135347,1.2039820471147342,1.0972611572067672,True,True,True,True
0,baseline,candidate_26,26,49,20540979,0.002,0.0030879415921231837,2.3838458190910656,1.5439707960615918,False,True,True,True
0,baseline,candidate_26,26,50,20540980,0.002,0.003756408643911102,3.527651475012511,1.878204321955551,False,True,True,True
0,baseline,candidate_26,26,51,20540981,0.002,0.0029710095319606614,2.206724409750277,1.4855047659803307,True,True,True,True
0,baseline,candidate_26,26,52,20540982,0.002,0.0009164516880114684,0.20997092411476748,0.4582258440057342,True,True,True,True
0,baseline,candidate_26,26,53,20540983,0.002,0.007488645786769419,14.019953929924844,3.7443228933847092,False,False,False,False
0,baseline,candidate_26,26,54,20540984,0.002,0.002743652990651178,1.8819079332772881,1.371826495325589,True,True,True,True
0,baseline,candidate_26,26,55,20540985,0.002,0.0032121473775870847,2.579472693834896,1.6060736887935423,False,True,True,True
0,baseline,candidate_26,26,56,20540986,0.002,0.003090994722051587,2.388562092937692,1.5454973610257934,False,True,True,True
0,baseline,candidate_26,26,57,20540987,0.002,0.001883350460906479,0.8867522396491617,0.9416752304532395,True,True,True,True
0,baseline,candidate_26,26,58,20540988,0.002,0.0014412111553888862,0.5192723986043422,0.7206055776944431,True,True,True,True
0,baseline,candidate_26,26,59,20540989,0.002,0.0016396831124750732,0.6721401773339859,0.8198415562375365,True,True,True,True
0,baseline,candidate_26,26,60,20540990,0.002,0.005223085799834509,6.820156318108224,2.6115428999172545,False,False,True,True
0,baseline,candidate_26,26,61,20540991,0.002,0.0023198881084676303,1.34547020895238,1.159944054233815,True,True,True,True
0,baseline,candidate_26,26,62,20540992,0.002,0.0065910562565569715,10.8605056442747,3.2955281282784856,False,False,False,True
0,baseline,candidate_26,26,63,20540993,0.002,0.004857225306006348,5.898159418327115,2.428612653003174,False,True,True,True
0,baseline,candidate_26,26,64,20540994,0.002,0.003398091965348805,2.8867572512420265,1.6990459826744024,False,True,True,True
0,baseline,candidate_26,26,65,20540995,0.002,0.002172686649227773,1.180141818933152,1.0863433246138865,True,True,True,True
0,baseline,candidate_26,26,66,20540996,0.002,0.0027285701285678977,1.8612737366282586,1.3642850642839488,True,True,True,True
0,baseline,candidate_26,26,67,20540997,0.002,0.005509126444221964,7.587618544606436,2.754563222110982,False,False,True,True
0,baseline,candidate_26,26,68,20540998,0.002,0.001433280425323854,0.513573194404132,0.7166402126619269,True,True,True,True
0,baseline,candidate_26,26,69,20540999,0.002,0.002545516514580878,1.6199135815009957,1.272758257290439,True,True,True,True
0,baseline,candidate_26,26,70,20541000,0.002,0.0038097980360487635,3.628640268870254,1.9048990180243817,False,True,True,True
0,baseline,candidate_26,26,71,20541001,0.002,0.0010600613255190502,0.28093250346530146,0.5300306627595252,True,True,True,True
0,baseline,candidate_26,26,72,20541002,0.002,0.0037608414957220337,3.535982188986186,1.8804207478610169,False,True,True,True
0,baseline,candidate_26,26,73,20541003,0.002,0.004483763679825037,5.02603418412954,2.2418818399125184,False,True,True,True
0,baseline,candidate_26,26,74,20541004,0.002,0.0029659225569320475,2.1991741534295834,1.4829612784660238,True,True,True,True
0,baseline,candidate_26,26,75,20541005,0.002,0.0013351006689255908,0.44562344904139,0.6675503344627953,True,True,True,True
0,baseline,candidate_26,26,76,20541006,0.002,0.004832326532162355,5.837844928360062,2.416163266081177,False,True,True,True
0,baseline,candidate_26,26,77,20541007,0.002,0.0039062225413592907,3.814643635655859,1.9531112706796454,False,True,True,True
0,baseline,candidate_26,26,78,20541008,0.002,0.001183159169997892,0.34996640538752527,0.591579584998946,True,True,True,True
0,baseline,candidate_26,26,79,20541009,0.002,0.0061110401242597985,9.336202850078303,3.055520062129899,False,False,False,True
0,baseline,candidate_26,26,80,20541010,0.002,0.0026345148020093536,1.7351670605015959,1.3172574010046767,True,True,True,True
0,baseline,candidate_26,26,81,20541011,0.002,0.0033232969656456354,2.761075680467372,1.6616484828228177,False,True,True,True
0,baseline,candidate_26,26,82,20541012,0.002,0.003579188952527226,3.2026483894732354,1.789594476263613,False,True,True,True
0,baseline,candidate_26,26,83,20541013,0.002,0.003334584002100811,2.7798626167666654,1.6672920010504055,False,True,True,True
0,baseline,candidate_26,26,84,20541014,0.002,0.0019514474065166184,0.952036745100109,0.9757237032583091,True,True,True,True
0,baseline,candidate_26,26,85,20541015,0.002,0.005308016638823441,7.043760159506625,2.6540083194117203,False,False,True,True
0,baseline,candidate_26,26,86,20541016,0.002,0.003970967859202139,3.9421464347041044,1.9854839296010693,False,True,True,True
0,baseline,candidate_26,26,87,20541017,0.002,0.001166786087256825,0.34034744335402284,0.5833930436284125,True,True,True,True
0,baseline,candidate_26,26,88,20541018,0.002,0.0007365550318886167,0.1356283287501103,0.36827751594430835,True,True,True,True
0,baseline,candidate_26,26,89,20541019,0.002,0.003317773892043137,2.751905899680766,1.6588869460215683,False,True,True,True
0,baseline,candidate_26,26,90,20541020,0.002,0.005178267727158345,6.703614163532413,2.5891338635791725,False,False,True,True
0,baseline,candidate_26,26,91,20541021,0.002,0.0028898069209327758,2.0877460100677427,1.444903460466388,True,True,True,True
0,baseline,candidate_26,26,92,20541022,0.002,0.00396868662628494,3.9376183844132346,1.9843433131424697,False,True,True,True
0,baseline,candidate_26,26,93,20541023,0.002,0.004664258570524655,5.438827003178176,2.3321292852623277,False,True,True,True
0,baseline,candidate_26,26,94,20541024,0.002,0.002195585428253172,1.2051488431894162,1.097792714126586,True,True,True,True
0,baseline,candidate_26,26,95,20541025,0.002,0.004378633483951144,4.7931077966945335,2.189316741975572,False,True,True,True
0,baseline,candidate_26,26,96,20541026,0.002,0.005519623332191728,7.6165604323188285,2.759811666095864,False,False,True,True
0,baseline,candidate_26,26,97,20541027,0.002,0.003238520170629541,2.6220032238935977,1.6192600853147703,False,True,True,True
0,baseline,candidate_26,26,98,20541028,0.002,0.0013397360594606799,0.4487231772548076,0.6698680297303399,True,True,True,True
0,baseline,candidate_26,26,99,20541029,0.002,0.003792300099661524,3.5953850114732013,1.896150049830762,False,True,True,True
0,baseline,candidate_53,53,0,20810930,0.0026666666666666666,0.0066138831071288874,6.1514226217638095,2.4802061651733327,False,True,True,True
0,baseline,candidate_53,53,1,20810931,0.0026666666666666666,0.007864575413182235,8.697873716666793,2.9492157799433385,False,False,False,True
0,baseline,candidate_53,53,2,20810932,0.0026666666666666666,0.005768871717400616,4.679983250412854,2.1633268940252313,False,True,True,True
0,baseline,candidate_53,53,3,20810933,0.0026666666666666666,0.0030841951420997266,1.3376615167338122,1.1565731782873976,True,True,True,True
0,baseline,candidate_53,53,4,20810934,0.0026666666666666666,0.0021223166237650873,0.633407041618543,0.7958687339119077,True,True,True,True
0,baseline,candidate_53,53,5,20810935,0.0026666666666666666,0.00387783499144676,2.1146630935625006,1.454188121792535,True,True,True,True
0,baseline,candidate_53,53,6,20810936,0.0026666666666666666,0.003002570852626524,1.2677950863340834,1.1259640697349464,True,True,True,True
0,baseline,candidate_53,53,7,20810937,0.0026666666666666666,0.0015672159037922158,0.3453983000295823,0.587705963922081,True,True,True,True
0,baseline,candidate_53,53,8,20810938,0.0026666666666666666,0.0035567316363597007,1.7789540530896497,1.3337743636348878,True,True,True,True
0,baseline,candidate_53,53,9,20810939,0.0026666666666666666,0.004853701650909769,3.312902772568718,1.8201381190911634,False,True,True,True
0,baseline,candidate_53,53,10,20810940,0.0026666666666666666,0.0034531561226717597,1.6768528885610805,1.29493354600191,True,True,True,True
0,baseline,candidate_53,53,11,20810941,0.0026666666666666666,0.001795899635158457,0.4535515546259455,0.6734623631844214,True,True,True,True
0,baseline,candidate_53,53,12,20810942,0.0026666666666666666,0.0037549047695528454,1.9827154446202555,1.408089288582317,True,True,True,True
0,baseline,candidate_53,53,13,20810943,0.0026666666666666666,0.004315856490330152,2.619368050095689,1.6184461838738071,False,True,True,True
0,baseline,candidate_53,53,14,20810944,0.0026666666666666666,0.00880137360602096,10.893399940232213,3.3005151022578603,False,False,False,True
0,baseline,candidate_53,53,15,20810945,0.0026666666666666666,0.005705900662434754,4.578370645721254,2.1397127484130327,False,True,True,True
0,baseline,candidate_53,53,16,20810946,0.0026666666666666666,0.0032149855816524567,1.4535186033140417,1.2056195931196714,True,True,True,True
0,baseline,candidate_53,53,17,20810947,0.0026666666666666666,0.0056083958530527,4.423233381263258,2.1031484448947624,False,True,True,True
0,baseline,candidate_53,53,18,20810948,0.0026666666666666666,0.0024246515835376725,0.8267252767807138,0.9092443438266272,True,True,True,True
0,baseline,candidate_53,53,19,20810949,0.0026666666666666666,0.0027398649193166483,1.055652156014347,1.0274493447437432,True,True,True,True
0,baseline,candidate_53,53,20,20810950,0.0026666666666666666,0.003493576305097482,1.7163387280601121,1.3100911144115557,True,True,True,True
0,baseline,candidate_53,53,21,20810951,0.0026666666666666666,0.004316684579514291,2.6203733098616913,1.6187567173178592,False,True,True,True
0,baseline,candidate_53,53,22,20810952,0.0026666666666666666,0.0026219034461007124,0.9667093613448926,0.9832137922877672,True,True,True,True
0,baseline,candidate_53,53,23,20810953,0.0026666666666666666,0.003961782483040704,2.2072106872867736,1.4856684311402641,True,True,True,True
0,baseline,candidate_53,53,24,20810954,0.0026666666666666666,0.003959165196239733,2.2042953353131884,1.4846869485899001,True,True,True,True
0,baseline,candidate_53,53,25,20810955,0.0026666666666666666,0.005173836538045044,3.764332198463895,1.9401887017668915,False,True,True,True
0,baseline,candidate_53,53,26,20810956,0.0026666666666666666,0.0029057323076321735,1.1873362842586965,1.0896496153620652,True,True,True,True
0,baseline,candidate_53,53,27,20810957,0.0026666666666666666,0.0033879473739714967,1.6141201043625506,1.2704802652393112,True,True,True,True
0,baseline,candidate_53,53,28,20810958,0.0026666666666666666,0.00200434159817289,0.5649447996796295,0.7516280993148338,True,True,True,True
0,baseline,candidate_53,53,29,20810959,0.0026666666666666666,0.0026306437717642022,0.9731653107077515,0.9864914144115758,True,True,True,True
0,baseline,candidate_53,53,30,20810960,0.0026666666666666666,0.003853508587928501,2.0882149364866933,1.4450657204731878,True,True,True,True
0,baseline,candidate_53,53,31,20810961,0.0026666666666666666,0.006886736872131837,6.669442229903466,2.582526327049439,False,False,True,True
0,baseline,candidate_53,53,32,20810962,0.0026666666666666666,0.0034580814907148845,1.6816398182472485,1.2967805590180816,True,True,True,True
0,baseline,candidate_53,53,33,20810963,0.0026666666666666666,0.004800052831767845,3.240071323279102,1.8000198119129418,False,True,True,True
0,baseline,candidate_53,53,34,20810964,0.0026666666666666666,0.0038432245279487586,2.0770839523444162,1.4412091979807846,True,True,True,True
0,baseline,candidate_53,53,35,20810965,0.0026666666666666666,0.0033269226819027755,1.5564957934723815,1.247596005713541,True,True,True,True
0,baseline,candidate_53,53,36,20810966,0.0026666666666666666,0.000968538721269356,0.1319157076778549,0.3632020204760085,True,True,True,True
0,baseline,candidate_53,53,37,20810967,0.0026666666666666666,0.007862936803539111,8.694249634188262,2.948601301327167,False,False,False,True
0,baseline,candidate_53,53,38,20810968,0.0026666666666666666,0.008521924837493863,10.212637912860206,3.1957218140601986,False,False,False,True
0,baseline,candidate_53,53,39,20810969,0.0026666666666666666,0.007276504655067064,7.445744999326778,2.728689245650149,False,False,True,True
0,baseline,candidate_53,53,40,20810970,0.0026666666666666666,0.000643669906317971,0.0582624771046011,0.24137621486923913,True,True,True,True
0,baseline,candidate_53,53,41,20810971,0.0026666666666666666,0.007547646123678985,8.010979032415278,2.83036729637962,False,False,False,True
0,baseline,candidate_53,53,42,20810972,0.0026666666666666666,0.004868678754869262,3.3333796150474657,1.8257545330759735,False,True,True,True
0,baseline,candidate_53,53,43,20810973,0.0026666666666666666,0.0029474197190828516,1.221649171936655,1.1052823946560695,True,True,True,True
0,baseline,candidate_53,53,44,20810974,0.0026666666666666666,0.0022700196156498044,0.7246390859205308,0.8512573558686767,True,True,True,True
0,baseline,candidate_53,53,45,20810975,0.0026666666666666666,0.005275589207874923,3.913852709565894,1.978345952953096,False,True,True,True
0,baseline,candidate_53,53,46,20810976,0.0026666666666666666,0.0020391822310025978,0.5847558990801653,0.7646933366259742,True,True,True,True
0,baseline,candidate_53,53,47,20810977,0.0026666666666666666,0.0034333908860882637,1.6577118248447746,1.287521582283099,True,True,True,True
0,baseline,candidate_53,53,48,20810978,0.0026666666666666666,0.0031134191093999466,1.3631313587029816,1.16753216602498,True,True,True,True
0,baseline,candidate_53,53,49,20810979,0.0026666666666666666,0.0010902052783054606,0.16713949905634035,0.40882697936454776,True,True,True,True
0,baseline,candidate_53,53,50,20810980,0.0026666666666666666,0.008845400833176309,11.002656923375083,3.3170253124411158,False,False,False,True
0,baseline,candidate_53,53,51,20810981,0.0026666666666666666,0.0026771607659392092,1.0078860609399676,1.0039352872272036,True,True,True,True
0,baseline,candidate_53,53,52,20810982,0.0026666666666666666,0.004420139490043179,2.7474796562961337,1.657552308766192,False,True,True,True
0,baseline,candidate_53,53,53,20810983,0.0026666666666666666,0.005674965054162811,4.528860238964406,2.1281118953110543,False,True,True,True
0,baseline,candidate_53,53,54,20810984,0.0026666666666666666,0.003334772496425689,1.5638495066602343,1.2505396861596334,True,True,True,True
0,baseline,candidate_53,53,55,20810985,0.0026666666666666666,0.0022901846659865643,0.7375705037324988,0.8588192497449616,True,True,True,True
0,baseline,candidate_53,53,56,20810986,0.0026666666666666666,0.004110414499209705,2.3759307218409433,1.5414054372036397,False,True,True,True
0,baseline,candidate_53,53,57,20810987,0.0026666666666666666,0.002481231599053174,0.8657592536446833,0.9304618496449402,True,True,True,True
0,baseline,candidate_53,53,58,20810988,0.0026666666666666666,0.004174219034361845,2.4502647018977903,1.565332137885692,False,True,True,True
0,baseline,candidate_53,53,59,20810989,0.0026666666666666666,0.006310158118964253,5.5994196777652245,2.366309294611595,False,True,True,True
0,baseline,candidate_53,53,60,20810990,0.0026666666666666666,0.006366709030716233,5.700232108378637,2.3875158865185875,False,True,True,True
0,baseline,candidate_53,53,61,20810991,0.0026666666666666666,0.006515038241845668,5.968929838037554,2.4431393406921256,False,True,True,True
0,baseline,candidate_53,53,62,20810992,0.0026666666666666666,0.005407821928774923,4.112513158125786,2.027933223290596,False,True,True,True
0,baseline,candidate_53,53,63,20810993,0.0026666666666666666,0.005856345594558427,4.822985211033359,2.19612959795941,False,True,True,True
0,baseline,candidate_53,53,64,20810994,0.0026666666666666666,0.003655316690540602,1.8789384527078485,1.3707437589527258,True,True,True,True
0,baseline,candidate_53,53,65,20810995,0.0026666666666666666,0.0024346578443679018,0.8335629589418659,0.9129966916379632,True,True,True,True
0,baseline,candidate_53,53,66,20810996,0.0026666666666666666,0.004872784099699943,3.3390034990718327,1.8272940373874789,False,True,True,True
0,baseline,candidate_53,53,67,20810997,0.0026666666666666666,0.0012404696565832703,0.2163888237520992,0.46517612121872637,True,True,True,True
0,baseline,candidate_53,53,68,20810998,0.0026666666666666666,0.00419444793107272,2.4740709534112812,1.57291797415227,False,True,True,True
0,baseline,candidate_53,53,69,20810999,0.0026666666666666666,0.006883426091976852,6.6630311386463985,2.5812847844913196,False,False,True,True
0,baseline,candidate_53,53,70,20811000,0.0026666666666666666,0.0061459401845841335,5.311769168318352,2.3047275692190503,False,True,True,True
0,baseline,candidate_53,53,71,20811001,0.0026666666666666666,0.003171110207057116,1.414116554808069,1.1891663276464184,True,True,True,True
0,baseline,candidate_53,53,72,20811002,0.0026666666666666666,0.006052752295092521,5.151910829870782,2.2697821106596954,False,True,True,True
0,baseline,candidate_53,53,73,20811003,0.0026666666666666666,0.0020186979894908264,0.5730667836713866,0.75701174605906,True,True,True,True
0,baseline,candidate_53,53,74,20811004,0.0026666666666666666,0.00277733997969694,1.0847274416469845,1.0415024923863525,True,True,True,True
0,baseline,candidate_53,53,75,20811005,0.0026666666666666666,0.003235825240853641,1.4724232016267145,1.2134344653201155,True,True,True,True
0,baseline,candidate_53,53,76,20811006,0.0026666666666666666,0.0064482645062837185,5.847203691984151,2.4180991898563944,False,True,True,True
0,baseline,candidate_53,53,77,20811007,0.0026666666666666666,0.0054919611233258244,4.241480200329692,2.0594854212471843,False,True,True,True
0,baseline,candidate_53,53,78,20811008,0.0026666666666666666,0.0036259979363926277,1.8489179580080055,1.3597492261472355,True,True,True,True
0,baseline,candidate_53,53,79,20811009,0.0026666666666666666,0.0025305571456862965,0.9005230501289966,0.9489589296323612,True,True,True,True
0,baseline,candidate_53,53,80,20811010,0.0026666666666666666,0.0035374233207045675,1.7596917773246994,1.326533745264213,True,True,True,True
0,baseline,candidate_53,53,81,20811011,0.0026666666666666666,0.0038255774258889744,2.058052871456903,1.4345915347083655,True,True,True,True
0,baseline,candidate_53,53,82,20811012,0.0026666666666666666,0.006133711664347082,5.290652641126985,2.300141874130156,False,True,True,True
0,baseline,candidate_53,53,83,20811013,0.0026666666666666666,0.002388178613949094,0.8020402160799117,0.8955669802309103,True,True,True,True
0,baseline,candidate_53,53,84,20811014,0.0026666666666666666,0.005890328528553399,4.8791208057595385,2.2088731982075247,False,True,True,True
0,baseline,candidate_53,53,85,20811015,0.0026666666666666666,0.0026511360008014844,0.9883859195736124,0.9941760003005566,True,True,True,True
0,baseline,candidate_53,53,86,20811016,0.0026666666666666666,0.002978154051422996,1.2472595935322632,1.1168077692836236,True,True,True,True
0,baseline,candidate_53,53,87,20811017,0.0026666666666666666,0.003269222389061972,1.5029739884733844,1.2259583958982394,True,True,True,True
0,baseline,candidate_53,53,88,20811018,0.0026666666666666666,0.00522530973814685,3.839605574002355,1.9594911518050688,False,True,True,True
0,baseline,candidate_53,53,89,20811019,0.0026666666666666666,0.005264959831473097,3.8980971600504213,1.9743599368024112,False,True,True,True
0,baseline,candidate_53,53,90,20811020,0.0026666666666666666,0.004698659729783638,3.1046348329158446,1.7619973986688644,False,True,True,True
0,baseline,candidate_53,53,91,20811021,0.0026666666666666666,0.001679741800415186,0.3967780100712259,0.6299031751556947,True,True,True,True
0,baseline,candidate_53,53,92,20811022,0.0026666666666666666,0.003080758218337229,1.3346818874792403,1.1552843318764607,True,True,True,True
0,baseline,candidate_53,53,93,20811023,0.0026666666666666666,0.0024895453299198147,0.8715706804301567,0.9335794987199305,True,True,True,True
0,baseline,candidate_53,53,94,20811024,0.0026666666666666666,0.004707231488233716,3.1159727274120472,1.7652118080876436,False,True,True,True
0,baseline,candidate_53,53,95,20811025,0.0026666666666666666,0.006577723478050306,6.084343990363249,2.4666463042688647,False,True,True,True
0,baseline,candidate_53,53,96,20811026,0.0026666666666666666,0.006651173814861469,6.220984656867028,2.494190180573051,False,True,True,True
0,baseline,candidate_53,53,97,20811027,0.0026666666666666666,0.007106082041554321,7.10105652862043,2.6647807655828704,False,False,True,True
0,baseline,candidate_53,53,98,20811028,0.0026666666666666666,0.006706618987876467,6.325135066201665,2.5149821204536753,False,False,True,True
0,baseline,candidate_53,53,99,20811029,0.0026666666666666666,0.0011183789489755181,0.17588973846256659,0.4193921058658193,True,True,True,True
0,baseline,candidate_80,80,0,21080930,0.0033333333333333344,0.007225914962194794,4.69924623367835,2.1677744886584374,False,True,True,True
0,baseline,candidate_80,80,1,21080931,0.0033333333333333344,0.008427072747950898,6.391399958933099,2.5281218243852686,False,False,True,True
0,baseline,candidate_80,80,2,21080932,0.0033333333333333344,0.007575680758188463,5.16518450549882,2.272704227456538,False,True,True,True
0,baseline,candidate_80,80,3,21080933,0.0033333333333333344,0.005031169632577308,2.2781401084591257,1.5093508897731918,True,True,True,True
0,baseline,candidate_80,80,4,21080934,0.0033333333333333344,0.005464743286305441,2.6877077266698337,1.6394229858916318,False,True,True,True
0,baseline,candidate_80,80,5,21080935,0.0033333333333333344,0.006654201934886462,3.9850563051222037,1.996260580465938,False,True,True,True
0,baseline,candidate_80,80,6,21080936,0.0033333333333333344,0.005858116707396514,3.088577822173033,1.7574350122189535,False,True,True,True
0,baseline,candidate_80,80,7,21080937,0.0033333333333333344,0.005267608603263968,2.49729303574625,1.58028258097919,False,True,True,True
0,baseline,candidate_80,80,8,21080938,0.0033333333333333344,0.0052100229702585705,2.4429905415559725,1.5630068910775707,False,True,True,True
0,baseline,candidate_80,80,9,21080939,0.0033333333333333344,0.003562516131732306,1.1422369069967615,1.0687548395196915,True,True,True,True
0,baseline,candidate_80,80,10,21080940,0.0033333333333333344,0.003670893806999727,1.2127915208042046,1.1012681420999177,True,True,True,True
0,baseline,candidate_80,80,11,21080941,0.0033333333333333344,0.00648208050630327,3.781563092117714,1.9446241518909801,False,True,True,True
0,baseline,candidate_80,80,12,21080942,0.0033333333333333344,0.006259839842398398,3.526703536723054,1.8779519527195188,False,True,True,True
0,baseline,candidate_80,80,13,21080943,0.0033333333333333344,0.0018975954833543047,0.324078175660199,0.5692786450062912,True,True,True,True
0,baseline,candidate_80,80,14,21080944,0.0033333333333333344,0.002166299705981205,0.42235689745208266,0.6498899117943613,True,True,True,True
0,baseline,candidate_80,80,15,21080945,0.0033333333333333344,0.005882787527657576,3.1146470186007162,1.7648362582972723,False,True,True,True
0,baseline,candidate_80,80,16,21080946,0.0033333333333333344,0.0040212750198946375,1.4553587507065746,1.2063825059683908,True,True,True,True
0,baseline,candidate_80,80,17,21080947,0.0033333333333333344,0.006262755123305202,3.529989156103698,1.87882653699156,False,True,True,True
0,baseline,candidate_80,80,18,21080948,0.0033333333333333344,0.006023463179211491,3.2653897804184924,1.8070389537634466,False,True,True,True
0,baseline,candidate_80,80,19,21080949,0.0033333333333333344,0.00540151057770934,2.6258684868995283,1.6204531733128016,False,True,True,True
0,baseline,candidate_80,80,20,21080950,0.0033333333333333344,0.004422549852268124,1.7603052476217111,1.3267649556804366,True,True,True,True
0,baseline,candidate_80,80,21,21080951,0.0033333333333333344,0.0051791676418020665,2.4141399715700604,1.5537502925406195,False,True,True,True
0,baseline,candidate_80,80,22,21080952,0.0033333333333333344,0.005705447906994155,2.929692223748156,1.7116343720982459,False,True,True,True
0,baseline,candidate_80,80,23,21080953,0.0033333333333333344,0.0034256154487189968,1.056135708225202,1.0276846346156987,True,True,True,True
0,baseline,candidate_80,80,24,21080954,0.0033333333333333344,0.004084951544415286,1.501814620819874,1.2254854633245855,True,True,True,True
0,baseline,candidate_80,80,25,21080955,0.0033333333333333344,0.0044390148319100806,1.77343674101259,1.3317044495730237,True,True,True,True
0,baseline,candidate_80,80,26,21080956,0.0033333333333333344,0.0034490740827588973,1.0706500825523209,1.0347222248276688,True,True,True,True
0,baseline,candidate_80,80,27,21080957,0.0033333333333333344,0.00648087479847367,3.7801564338142,1.9442624395421004,False,True,True,True
0,baseline,candidate_80,80,28,21080958,0.0033333333333333344,0.004445610521917149,1.7787107621322409,1.3336831565751444,True,True,True,True
0,baseline,candidate_80,80,29,21080959,0.0033333333333333344,0.001901319548027379,0.3253514421339931,0.5703958644082135,True,True,True,True
0,baseline,candidate_80,80,30,21080960,0.0033333333333333344,0.004086967214718721,1.5032970912767118,1.2260901644156157,True,True,True,True
0,baseline,candidate_80,80,31,21080961,0.0033333333333333344,0.0015201325872678166,0.20797227745861901,0.45603977618034486,True,True,True,True
0,baseline,candidate_80,80,32,21080962,0.0033333333333333344,0.0026800134821530364,0.6464225038069835,0.8040040446459107,True,True,True,True
0,baseline,candidate_80,80,33,21080963,0.0033333333333333344,0.006739321167770124,4.087660482211899,2.0217963503310363,False,True,True,True
0,baseline,candidate_80,80,34,21080964,0.0033333333333333344,0.00568430276433962,2.9080168125011117,1.7052908293018854,False,True,True,True
0,baseline,candidate_80,80,35,21080965,0.0033333333333333344,0.004335270184052099,1.6915110811857996,1.3005810552156292,True,True,True,True
0,baseline,candidate_80,80,36,21080966,0.0033333333333333344,0.002923973768582894,0.7694660339424759,0.8771921305748679,True,True,True,True
0,baseline,candidate_80,80,37,21080967,0.0033333333333333344,0.005064083947100048,2.3080451600948746,1.519225184130014,True,True,True,True
0,baseline,candidate_80,80,38,21080968,0.0033333333333333344,0.00785487697130584,5.552918301091569,2.3564630913917513,False,True,True,True
0,baseline,candidate_80,80,39,21080969,0.0033333333333333344,0.0021766438128152372,0.42640004590801656,0.652993143844571,True,True,True,True
0,baseline,candidate_80,80,40,21080970,0.0033333333333333344,0.006467661587110212,3.7647581764842872,1.940298476133063,False,True,True,True
0,baseline,candidate_80,80,41,21080971,0.0033333333333333344,0.0019210297861817448,0.332131989545773,0.5763089358545233,True,True,True,True
0,baseline,candidate_80,80,42,21080972,0.0033333333333333344,0.0027285112563730117,0.6700296308538803,0.8185533769119032,True,True,True,True
0,baseline,candidate_80,80,43,21080973,0.0033333333333333344,0.006724288770775172,4.069445352549574,2.017286631232551,False,True,True,True
0,baseline,candidate_80,80,44,21080974,0.0033333333333333344,0.0035482274558168393,1.1330926270391188,1.0644682367450515,True,True,True,True
0,baseline,candidate_80,80,45,21080975,0.0033333333333333344,0.0053045073419018705,2.5324018326261744,1.5913522025705606,False,True,True,True
0,baseline,candidate_80,80,46,21080976,0.0033333333333333344,0.008032745788436354,5.807250441147773,2.4098237365309054,False,True,True,True
0,baseline,candidate_80,80,47,21080977,0.0033333333333333344,0.005813607068214021,3.0418224429229204,1.7440821204642059,False,True,True,True
0,baseline,candidate_80,80,48,21080978,0.0033333333333333344,0.004611535271951112,1.9139631808004278,1.3834605815853331,True,True,True,True
0,baseline,candidate_80,80,49,21080979,0.0033333333333333344,0.005231426165533674,2.4631037752887313,1.5694278496601017,False,True,True,True
0,baseline,candidate_80,80,50,21080980,0.0033333333333333344,0.008829864043316711,7.016984912111156,2.6489592129950124,False,False,True,True
0,baseline,candidate_80,80,51,21080981,0.0033333333333333344,0.006042419233545769,3.285974717453143,1.81272577006373,False,True,True,True
0,baseline,candidate_80,80,52,21080982,0.0033333333333333344,0.0040177947213631245,1.4528406980712039,1.205338416408937,True,True,True,True
0,baseline,candidate_80,80,53,21080983,0.0033333333333333344,0.015393673111423381,21.326865467522314,4.618101933427013,False,False,False,False
0,baseline,candidate_80,80,54,21080984,0.0033333333333333344,0.004586163121141497,1.8929602956346472,1.3758489363424486,True,True,True,True
0,baseline,candidate_80,80,55,21080985,0.0033333333333333344,0.013064934282665005,15.362325702931969,3.9194802847995,False,False,False,False
0,baseline,candidate_80,80,56,21080986,0.0033333333333333344,0.005677213763475167,2.900768050457266,1.7031641290425497,False,True,True,True
0,baseline,candidate_80,80,57,21080987,0.0033333333333333344,0.006868076452795777,4.245342674530302,2.0604229358387327,False,True,True,True
0,baseline,candidate_80,80,58,21080988,0.0033333333333333344,0.004428724643734122,1.765224177301612,1.328617393120236,True,True,True,True
0,baseline,candidate_80,80,59,21080989,0.0033333333333333344,0.0047115435658676,1.9978778495761524,1.4134630697602795,True,True,True,True
0,baseline,candidate_80,80,60,21080990,0.0033333333333333344,0.00797962659424295,5.730699652519437,2.3938879782728844,False,True,True,True
0,baseline,candidate_80,80,61,21080991,0.0033333333333333344,0.00307856082199119,0.8529783061229159,0.9235682465973567,True,True,True,True
0,baseline,candidate_80,80,62,21080992,0.0033333333333333344,0.006837908764585242,4.208129664551247,2.051372629375572,False,True,True,True
0,baseline,candidate_80,80,63,21080993,0.0033333333333333344,0.006037494222091339,3.280620283360766,1.8112482666274012,False,True,True,True
0,baseline,candidate_80,80,64,21080994,0.0033333333333333344,0.008473424106771647,6.461902448389696,2.542027232031493,False,False,True,True
0,baseline,candidate_80,80,65,21080995,0.0033333333333333344,0.0072573206658340505,4.740183292206775,2.1771961997502145,False,True,True,True
0,baseline,candidate_80,80,66,21080996,0.0033333333333333344,0.003966423433801599,1.4159263370589412,1.1899270301404794,True,True,True,True
0,baseline,candidate_80,80,67,21080997,0.0033333333333333344,0.0033172933560401533,0.9903991689025322,0.9951880068120457,True,True,True,True
0,baseline,candidate_80,80,68,21080998,0.0033333333333333344,0.004050547769110448,1.4766243506861054,1.215164330733134,True,True,True,True
0,baseline,candidate_80,80,69,21080999,0.0033333333333333344,0.009801509057319946,8.646262182065238,2.9404527171959827,False,False,False,True
0,baseline,candidate_80,80,70,21081000,0.0033333333333333344,0.006731021931223019,4.077599061474471,2.019306579366905,False,True,True,True
0,baseline,candidate_80,80,71,21081001,0.0033333333333333344,0.004387470671931737,1.7324909007355003,1.3162412015795206,True,True,True,True
0,baseline,candidate_80,80,72,21081002,0.0033333333333333344,0.005966020972134414,3.203406561595287,1.7898062916403235,False,True,True,True
0,baseline,candidate_80,80,73,21081003,0.0033333333333333344,0.005410494238579961,2.634610311513624,1.623148271573988,False,True,True,True
0,baseline,candidate_80,80,74,21081004,0.0033333333333333344,0.002646067043534715,0.6301503718992489,0.7938201130604142,True,True,True,True
0,baseline,candidate_80,80,75,21081005,0.0033333333333333344,0.004293377590176693,1.6589782018648276,1.2880132770530075,True,True,True,True
0,baseline,candidate_80,80,76,21081006,0.0033333333333333344,0.005369381870714024,2.594723550619717,1.6108145612142066,False,True,True,True
0,baseline,candidate_80,80,77,21081007,0.0033333333333333344,0.006036523252596432,3.2795651681223643,1.810956975778929,False,True,True,True
0,baseline,candidate_80,80,78,21081008,0.0033333333333333344,0.00569899980498306,2.923073889947724,1.7096999414949174,False,True,True,True
0,baseline,candidate_80,80,79,21081009,0.0033333333333333344,0.004232442091250429,1.6122209450209466,1.2697326273751284,True,True,True,True
0,baseline,candidate_80,80,80,21081010,0.0033333333333333344,0.002292490605254297,0.4729961857661289,0.6877471815762889,True,True,True,True
0,baseline,candidate_80,80,81,21081011,0.0033333333333333344,0.00768355226926778,5.3133277927113,2.3050656807803334,False,True,True,True
0,baseline,candidate_80,80,82,21081012,0.0033333333333333344,0.009592658786703833,8.281719233831357,2.877797636011149,False,False,False,True
0,baseline,candidate_80,80,83,21081013,0.0033333333333333344,0.004705666712272,1.9928969286286282,1.4117000136815996,True,True,True,True
0,baseline,candidate_80,80,84,21081014,0.0033333333333333344,0.0025510433428403744,0.5857039923345169,0.765313002852112,True,True,True,True
0,baseline,candidate_80,80,85,21081015,0.0033333333333333344,0.003350497541874592,1.010325040029691,1.0051492625623772,True,True,True,True
0,baseline,candidate_80,80,86,21081016,0.0033333333333333344,0.005286056964985173,2.514815841336142,1.5858170894955514,False,True,True,True
0,baseline,candidate_80,80,87,21081017,0.0033333333333333344,0.011799003341304369,12.529483186330042,3.5397010023913094,False,False,False,False
0,baseline,candidate_80,80,88,21081018,0.0033333333333333344,0.003416942381124832,1.0507945712334326,1.0250827143374492,True,True,True,True
0,baseline,candidate_80,80,89,21081019,0.0033333333333333344,0.006883150442542269,4.263998401320282,2.0649451327626798,False,True,True,True
0,baseline,candidate_80,80,90,21081020,0.0033333333333333344,0.001532918503622809,0.2114855224874271,0.4598755510868425,True,True,True,True
0,baseline,candidate_80,80,91,21081021,0.0033333333333333344,0.0017232816430715462,0.26727296592126293,0.5169844929214636,True,True,True,True
0,baseline,candidate_80,80,92,21081022,0.0033333333333333344,0.002072608018811503,0.3866133599677566,0.6217824056434507,True,True,True,True
0,baseline,candidate_80,80,93,21081023,0.0033333333333333344,0.007620167354673988,5.22602554619152,2.2860502064021957,False,True,True,True
0,baseline,candidate_80,80,94,21081024,0.0033333333333333344,0.004798210520613507,2.0720541780113515,1.4394631561840516,True,True,True,True
0,baseline,candidate_80,80,95,21081025,0.0033333333333333344,0.004422284744629672,1.7600942126325876,1.326685423388901,True,True,True,True
0,baseline,candidate_80,80,96,21081026,0.0033333333333333344,0.006085378573471295,3.3328649144217164,1.825613572041388,False,True,True,True
0,baseline,candidate_80,80,97,21081027,0.0033333333333333344,0.006266773065291915,3.534520018668138,1.8800319195875739,False,True,True,True
0,baseline,candidate_80,80,98,21081028,0.0033333333333333344,0.003937989625077001,1.3956986058492677,1.1813968875230998,True,True,True,True
0,baseline,candidate_80,80,99,21081029,0.0033333333333333344,0.006289613411405894,3.5603313178443177,1.8868840234217676,False,True,True,True
0,baseline,candidate_107,107,0,21350930,0.0033333333333333335,0.0052956100059951645,2.5239136802036493,1.5886830017985492,False,True,True,True
0,baseline,candidate_107,107,1,21350931,0.0033333333333333335,0.006250471859638048,3.51615586213144,1.8751415578914143,False,True,True,True
0,baseline,candidate_107,107,2,21350932,0.0033333333333333335,0.0031501109296208215,0.8930878982024899,0.9450332788862464,True,True,True,True
0,baseline,candidate_107,107,3,21350933,0.0033333333333333335,0.0060729892353658475,3.3193078427582505,1.8218967706097542,False,True,True,True
0,baseline,candidate_107,107,4,21350934,0.0033333333333333335,0.008295020979653234,6.192663574759855,2.48850629389597,False,True,True,True
0,baseline,candidate_107,107,5,21350935,0.0033333333333333335,0.007820122974915324,5.503889100851865,2.346036892474597,False,True,True,True
0,baseline,candidate_107,107,6,21350936,0.0033333333333333335,0.003644562535905551,1.1954552470313669,1.0933687607716651,True,True,True,True
0,baseline,candidate_107,107,7,21350937,0.0033333333333333335,0.005068609772416836,2.31217245225355,1.5205829317250508,True,True,True,True
0,baseline,candidate_107,107,8,21350938,0.0033333333333333335,0.000533150975950437,0.025582496684121308,0.1599452927851311,True,True,True,True
0,baseline,candidate_107,107,9,21350939,0.0033333333333333335,0.004411851949589599,1.751799386258779,1.3235555848768796,True,True,True,True
0,baseline,candidate_107,107,10,21350940,0.0033333333333333335,0.0043003403698969895,1.6643634567269197,1.2901021109690967,True,True,True,True
0,baseline,candidate_107,107,11,21350941,0.0033333333333333335,0.0020169874821648983,0.3661414652888906,0.6050962446494694,True,True,True,True
0,baseline,candidate_107,107,12,21350942,0.0033333333333333335,0.00914841350850983,7.532412275041661,2.744524052552949,False,False,True,True
0,baseline,candidate_107,107,13,21350943,0.0033333333333333335,0.007489993576001637,5.049000339169121,2.246998072800491,False,True,True,True
0,baseline,candidate_107,107,14,21350944,0.0033333333333333335,0.0048125440008088,2.0844521783748693,1.44376320024264,True,True,True,True
0,baseline,candidate_107,107,15,21350945,0.0033333333333333335,0.007847501862014166,5.542495692688422,2.35425055860425,False,True,True,True
0,baseline,candidate_107,107,16,21350946,0.0033333333333333335,0.008006678973710497,5.769621736925199,2.402003692113149,False,True,True,True
0,baseline,candidate_107,107,17,21350947,0.0033333333333333335,0.0059105469695560015,3.1441108931394863,1.7731640908668003,False,True,True,True
0,baseline,candidate_107,107,18,21350948,0.0033333333333333335,0.005449328264437203,2.6725660680234755,1.6347984793311607,False,True,True,True
0,baseline,candidate_107,107,19,21350949,0.0033333333333333335,0.00698871587918402,4.395793467596298,2.096614763755206,False,True,True,True
0,baseline,candidate_107,107,20,21350950,0.0033333333333333335,0.004826201393935003,2.0962997905338145,1.4478604181805008,True,True,True,True
0,baseline,candidate_107,107,21,21350951,0.0033333333333333335,0.0036063321232702467,1.1705068244997794,1.081899636981074,True,True,True,True
0,baseline,candidate_107,107,22,21350952,0.0033333333333333335,0.003125181898352074,0.8790085708008724,0.9375545695056221,True,True,True,True
0,baseline,candidate_107,107,23,21350953,0.0033333333333333335,0.0068012188022125875,4.163091947601301,2.0403656406637762,False,True,True,True
0,baseline,candidate_107,107,24,21350954,0.0033333333333333335,0.0032180075276314656,0.9320015203103498,0.9654022582894396,True,True,True,True
0,baseline,candidate_107,107,25,21350955,0.0033333333333333335,0.008511579788746892,6.520229145018412,2.5534739366240675,False,False,True,True
0,baseline,candidate_107,107,26,21350956,0.0033333333333333335,0.0035635881441008622,1.1429244414698603,1.0690764432302586,True,True,True,True
0,baseline,candidate_107,107,27,21350957,0.0033333333333333335,0.00533036389045324,2.557150128418302,1.5991091671359718,False,True,True,True
0,baseline,candidate_107,107,28,21350958,0.0033333333333333335,0.006112545006274821,3.362688580836173,1.8337635018824463,False,True,True,True
0,baseline,candidate_107,107,29,21350959,0.0033333333333333335,0.004711340448412264,1.9977055938760926,1.4134021345236791,True,True,True,True
0,baseline,candidate_107,107,30,21350960,0.0033333333333333335,0.0037517059876875664,1.2667768036245661,1.12551179630627,True,True,True,True
0,baseline,candidate_107,107,31,21350961,0.0033333333333333335,0.0079637779158393,5.707958282352877,2.3891333747517898,False,True,True,True
0,baseline,candidate_107,107,32,21350962,0.0033333333333333335,0.003834547558353905,1.3233379479550103,1.1503642675061714,True,True,True,True
0,baseline,candidate_107,107,33,21350963,0.0033333333333333335,0.004231009180598942,1.6111294817681274,1.2693027541796826,True,True,True,True
0,baseline,candidate_107,107,34,21350964,0.0033333333333333335,0.0034857364312412577,1.0935322621274284,1.0457209293723773,True,True,True,True
0,baseline,candidate_107,107,35,21350965,0.0033333333333333335,0.001934568922203306,0.3368301223279374,0.5803706766609917,True,True,True,True
0,baseline,candidate_107,107,36,21350966,0.0033333333333333335,0.005776831952530244,3.003460866699695,1.7330495857590733,False,True,True,True
0,baseline,candidate_107,107,37,21350967,0.0033333333333333335,0.011483568138809996,11.868510347882284,3.4450704416429985,False,False,False,False
0,baseline,candidate_107,107,38,21350968,0.0033333333333333335,0.002639039452242328,0.6268076307442336,0.7917118356726983,True,True,True,True
0,baseline,candidate_107,107,39,21350969,0.0033333333333333335,0.004761674756805721,2.0406191840640737,1.4285024270417161,True,True,True,True
0,baseline,candidate_107,107,40,21350970,0.0033333333333333335,0.0047778084911182335,2.0544708580021336,1.43334254733547,True,True,True,True
0,baseline,candidate_107,107,41,21350971,0.0033333333333333335,0.005923120796999348,3.1575023978261565,1.7769362390998042,False,True,True,True
0,baseline,candidate_107,107,42,21350972,0.0033333333333333335,0.005009819515991607,2.2588462424529334,1.5029458547974819,True,True,True,True
0,baseline,candidate_107,107,43,21350973,0.0033333333333333335,0.005745577117626634,2.9710490773135296,1.7236731352879902,False,True,True,True
0,baseline,candidate_107,107,44,21350974,0.0033333333333333335,0.0045193167642794355,1.838180161430743,1.3557950292838306,True,True,True,True
0,baseline,candidate_107,107,45,21350975,0.0033333333333333335,0.0036977685577923003,1.230614307629761,1.10933056733769,True,True,True,True
0,baseline,candidate_107,107,46,21350976,0.0033333333333333335,0.005483934944997717,2.706618823287039,1.645180483499315,False,True,True,True
0,baseline,candidate_107,107,47,21350977,0.0033333333333333335,0.002948485891032198,0.7824212144654339,0.8845457673096593,True,True,True,True
0,baseline,candidate_107,107,48,21350978,0.0033333333333333335,0.003804940554629812,1.3029815361839956,1.1414821663889434,True,True,True,True
0,baseline,candidate_107,107,49,21350979,0.0033333333333333335,0.004261214458207266,1.6342153792951173,1.2783643374621796,True,True,True,True
0,baseline,candidate_107,107,50,21350980,0.0033333333333333335,0.004140960214315221,1.54327963468874,1.2422880642945662,True,True,True,True
0,baseline,candidate_107,107,51,21350981,0.0033333333333333335,0.010649316705692293,10.206715166832325,3.1947950117076878,False,False,False,True
0,baseline,candidate_107,107,52,21350982,0.0033333333333333335,0.0038682739417359047,1.3467188959481726,1.1604821825207714,True,True,True,True
0,baseline,candidate_107,107,53,21350983,0.0033333333333333335,0.004562774225690358,1.873701777116182,1.3688322677071074,True,True,True,True
0,baseline,candidate_107,107,54,21350984,0.0033333333333333335,0.003553277348363669,1.136320192295491,1.0659832045091007,True,True,True,True
0,baseline,candidate_107,107,55,21350985,0.0033333333333333335,0.006182252562401353,3.439822207078628,1.8546757687204058,False,True,True,True
0,baseline,candidate_107,107,56,21350986,0.0033333333333333335,0.008742340760029752,6.878566976802982,2.6227022280089254,False,False,True,True
0,baseline,candidate_107,107,57,21350987,0.0033333333333333335,0.0053491741471792306,2.575229765116558,1.6047522441537692,False,True,True,True
0,baseline,candidate_107,107,58,21350988,0.0033333333333333335,0.003870531375977829,1.348291181918594,1.1611594127933487,True,True,True,True
0,baseline,candidate_107,107,59,21350989,0.0033333333333333335,0.007831646881833125,5.520122359355385,2.3494940645499374,False,True,True,True
0,baseline,candidate_107,107,60,21350990,0.0033333333333333335,0.004052700537090257,1.4781943478998487,1.215810161127077,True,True,True,True
0,baseline,candidate_107,107,61,21350991,0.0033333333333333335,0.006805130111583456,4.167881625202187,2.0415390334750367,False,True,True,True
0,baseline,candidate_107,107,62,21350992,0.0033333333333333335,0.0064380879389753795,3.7304078678982218,1.9314263816926138,False,True,True,True
0,baseline,candidate_107,107,63,21350993,0.0033333333333333335,0.004161850525767263,1.5588899818946316,1.2485551577301788,True,True,True,True
0,baseline,candidate_107,107,64,21350994,0.0033333333333333335,0.003360458019170726,1.0163410288747954,1.0081374057512178,True,True,True,True
0,baseline,candidate_107,107,65,21350995,0.0033333333333333335,0.002572407560216234,0.5955552590271873,0.7717222680648702,True,True,True,True
0,baseline,candidate_107,107,66,21350996,0.0033333333333333335,0.0031543472944321285,0.8954916168502158,0.9463041883296385,True,True,True,True
0,baseline,candidate_107,107,67,21350997,0.0033333333333333335,0.007075779989074191,4.505999620840448,2.1227339967222574,False,True,True,True
0,baseline,candidate_107,107,68,21350998,0.0033333333333333335,0.0015648002900703131,0.22037399530237223,0.4694400870210939,True,True,True,True
0,baseline,candidate_107,107,69,21350999,0.0033333333333333335,0.002851981834700767,0.7320420346916836,0.85559455041023,True,True,True,True
0,baseline,candidate_107,107,70,21351000,0.0033333333333333335,0.0022943059513383414,0.47374558185118776,0.6882917854015024,True,True,True,True
0,baseline,candidate_107,107,71,21351001,0.0033333333333333335,0.00812198112025841,5.936991958605064,2.4365943360775226,False,True,True,True
0,baseline,candidate_107,107,72,21351002,0.0033333333333333335,0.00564634055144015,2.8693045460553703,1.693902165432045,False,True,True,True
0,baseline,candidate_107,107,73,21351003,0.0033333333333333335,0.005409856028178852,2.633988802106075,1.6229568084536554,False,True,True,True
0,baseline,candidate_107,107,74,21351004,0.0033333333333333335,0.002832590054851095,0.7221209776957195,0.8497770164553284,True,True,True,True
0,baseline,candidate_107,107,75,21351005,0.0033333333333333335,0.004293774566368654,1.6592850024114882,1.288132369910596,True,True,True,True
0,baseline,candidate_107,107,76,21351006,0.0033333333333333335,0.006268461475811601,3.5364248346360734,1.8805384427434804,False,True,True,True
0,baseline,candidate_107,107,77,21351007,0.0033333333333333335,0.0035484529571515153,1.1332366550205597,1.0645358871454544,True,True,True,True
0,baseline,candidate_107,107,78,21351008,0.0033333333333333335,0.006420882879021226,3.710496325149711,1.9262648637063675,False,True,True,True
0,baseline,candidate_107,107,79,21351009,0.0033333333333333335,0.005911860893182565,3.1455089298307217,1.7735582679547695,False,True,True,True
0,baseline,candidate_107,107,80,21351010,0.0033333333333333335,0.008778193648671757,6.935101536022304,2.633458094601527,False,False,True,True
0,baseline,candidate_107,107,81,21351011,0.0033333333333333335,0.009967946024211716,8.942395314743832,2.9903838072635147,False,False,False,True
0,baseline,candidate_107,107,82,21351012,0.0033333333333333335,0.003318877199213839,0.9913451277115345,0.9956631597641517,True,True,True,True
0,baseline,candidate_107,107,83,21351013,0.0033333333333333335,0.00568030298433889,2.9039257794500366,1.704090895301667,False,True,True,True
0,baseline,candidate_107,107,84,21351014,0.0033333333333333335,0.009037649055929716,7.351119041233254,2.7112947167789145,False,False,True,True
0,baseline,candidate_107,107,85,21351015,0.0033333333333333335,0.006068413209866953,3.3143074997118953,1.8205239629600858,False,True,True,True
0,baseline,candidate_107,107,86,21351016,0.0033333333333333335,0.0032380519564121106,0.9436482425181866,0.9714155869236331,True,True,True,True
0,baseline,candidate_107,107,87,21351017,0.0033333333333333335,0.003852587408194525,1.3358186764001103,1.1557762224583574,True,True,True,True
0,baseline,candidate_107,107,88,21351018,0.0033333333333333335,0.007103945146084391,4.541943297471837,2.1311835438253173,False,True,True,True
0,baseline,candidate_107,107,89,21351019,0.0033333333333333335,0.004639138158498881,1.9369442568276345,1.3917414475496641,True,True,True,True
0,baseline,candidate_107,107,90,21351020,0.0033333333333333335,0.008235748348524667,6.104479577420409,2.4707245045574,False,True,True,True
0,baseline,candidate_107,107,91,21351021,0.0033333333333333335,0.0012672561920871919,0.14453444307449967,0.38017685762615755,True,True,True,True
0,baseline,candidate_107,107,92,21351022,0.0033333333333333335,0.0011992121908302171,0.1294298890772228,0.3597636572490651,True,True,True,True
0,baseline,candidate_107,107,93,21351023,0.0033333333333333335,0.004206968595221525,1.5928726285062151,1.2620905785664573,True,True,True,True
0,baseline,candidate_107,107,94,21351024,0.0033333333333333335,0.007815267672346523,5.497056791138216,2.3445803017039566,False,True,True,True
0,baseline,candidate_107,107,95,21351025,0.0033333333333333335,0.005489893565604982,2.712503822550388,1.6469680696814946,False,True,True,True
0,baseline,candidate_107,107,96,21351026,0.0033333333333333335,0.003411341107807869,1.0473523338437833,1.0234023323423607,True,True,True,True
0,baseline,candidate_107,107,97,21351027,0.0033333333333333335,0.003055065045567842,0.8400080189385395,0.9165195136703526,True,True,True,True
0,baseline,candidate_107,107,98,21351028,0.0033333333333333335,0.0030838710071588874,0.8559234349915651,0.9251613021476661,True,True,True,True
0,baseline,candidate_107,107,99,21351029,0.0033333333333333335,0.006661595311990819,3.9939166890664244,1.9984785935972456,False,True,True,True
1,lateral_positive,initial,-1,0,21270930,0.002,0.005339884329433061,7.128591162931193,2.6699421647165305,False,False,True,True
1,lateral_positive,initial,-1,1,21270931,0.002,0.007458508572237688,13.907337530535768,3.729254286118844,False,False,False,False
1,lateral_positive,initial,-1,2,21270932,0.002,0.0035149555869642196,3.0887281945827456,1.7574777934821098,False,True,True,True
1,lateral_positive,initial,-1,3,21270933,0.002,0.0035797631963531596,3.2036761354911474,1.7898815981765797,False,True,True,True
1,lateral_positive,initial,-1,4,21270934,0.002,0.003030728070629298,2.2963281595250966,1.515364035314649,True,True,True,True
1,lateral_positive,initial,-1,5,21270935,0.002,0.0035092972674747387,3.0787918278764175,1.7546486337373692,False,True,True,True
1,lateral_positive,initial,-1,6,21270936,0.002,0.0036126065329414735,3.2627314904628535,1.8063032664707368,False,True,True,True
1,lateral_positive,initial,-1,7,21270937,0.002,0.004033925847209306,4.068139435195829,2.016962923604653,False,True,True,True
1,lateral_positive,initial,-1,8,21270938,0.002,0.004643893715823266,5.391437210965705,2.321946857911633,False,True,True,True
1,lateral_positive,initial,-1,9,21270939,0.002,0.003430183116692536,2.9415390535106303,1.715091558346268,False,True,True,True
1,lateral_positive,initial,-1,10,21270940,0.002,0.002125681481362391,1.129630440051752,1.0628407406811955,True,True,True,True
1,lateral_positive,initial,-1,11,21270941,0.002,0.0009491422466708735,0.22521775110385833,0.4745711233354368,True,True,True,True
1,lateral_positive,initial,-1,12,21270942,0.002,0.0019652241518561065,0.9655264917596382,0.9826120759280532,True,True,True,True
1,lateral_positive,initial,-1,13,21270943,0.002,0.0026425272499365072,1.74573756666425,1.3212636249682537,True,True,True,True
1,lateral_positive,initial,-1,14,21270944,0.002,0.0010267062323853176,0.26353142190471346,0.5133531161926588,True,True,True,True
1,lateral_positive,initial,-1,15,21270945,0.002,0.003973454353507117,3.9470848748511655,1.9867271767535586,False,True,True,True
1,lateral_positive,initial,-1,16,21270946,0.002,0.0028952051444764,2.0955532071506533,1.4476025722382,True,True,True,True
1,lateral_positive,initial,-1,17,21270947,0.002,0.003175570013769719,2.521061228088353,1.5877850068848594,False,True,True,True
1,lateral_positive,initial,-1,18,21270948,0.002,0.0017721549831098686,0.7851333210402848,0.8860774915549343,True,True,True,True
1,lateral_positive,initial,-1,19,21270949,0.002,0.005621443548952768,7.900156893515674,2.810721774476384,False,False,False,True
1,lateral_positive,initial,-1,20,21270950,0.002,0.005276559898983275,6.960521091889597,2.6382799494916376,False,False,True,True
1,lateral_positive,initial,-1,21,21270951,0.002,0.003505271825908424,3.071732643376844,1.752635912954212,False,True,True,True
1,lateral_positive,initial,-1,22,21270952,0.002,0.0021820016033566206,1.190282749262716,1.0910008016783102,True,True,True,True
1,lateral_positive,initial,-1,23,21270953,0.002,0.0021017829662760283,1.1043729093320152,1.050891483138014,True,True,True,True
1,lateral_positive,initial,-1,24,21270954,0.002,0.0037739865007984557,3.560743527052243,1.8869932503992277,False,True,True,True
1,lateral_positive,initial,-1,25,21270955,0.002,0.0023572939963175743,1.3892087462687202,1.178646998158787,True,True,True,True
1,lateral_positive,initial,-1,26,21270956,0.002,0.002210422579224876,1.2214919946867884,1.105211289612438,True,True,True,True
1,lateral_positive,initial,-1,27,21270957,0.002,0.004006857454917289,4.013726666006563,2.0034287274586444,False,True,True,True
1,lateral_positive,initial,-1,28,21270958,0.002,0.0010317219072861633,0.26611252349354964,0.5158609536430816,True,True,True,True
1,lateral_positive,initial,-1,29,21270959,0.002,0.0041143892203178035,4.232049664066836,2.0571946101589016,False,True,True,True
1,lateral_positive,initial,-1,30,21270960,0.002,0.0030602669880406227,2.3413085095228063,1.5301334940203113,True,True,True,True
1,lateral_positive,initial,-1,31,21270961,0.002,0.003398105672802953,2.8867805408839025,1.6990528364014763,False,True,True,True
1,lateral_positive,initial,-1,32,21270962,0.002,0.0009689590417670408,0.2347204061555255,0.4844795208835204,True,True,True,True
1,lateral_positive,initial,-1,33,21270963,0.002,0.0013047926046252732,0.42562093527120115,0.6523963023126366,True,True,True,True
1,lateral_positive,initial,-1,34,21270964,0.002,0.001450165069954893,0.52574468252932,0.7250825349774465,True,True,True,True
1,lateral_positive,initial,-1,35,21270965,0.002,0.0029379327732756643,2.157862245071809,1.4689663866378322,True,True,True,True
1,lateral_positive,initial,-1,36,21270966,0.002,0.0027907752341824513,1.9471066019315288,1.3953876170912256,True,True,True,True
1,lateral_positive,initial,-1,37,21270967,0.002,0.0023498889588524597,1.3804945297341744,1.1749444794262298,True,True,True,True
1,lateral_positive,initial,-1,38,21270968,0.002,0.002886474533769455,2.0829338085248983,1.4432372668847273,True,True,True,True
1,lateral_positive,initial,-1,39,21270969,0.002,0.0019018652056785514,0.9042728151426797,0.9509326028392757,True,True,True,True
1,lateral_positive,initial,-1,40,21270970,0.002,0.0015156297748941114,0.5742834036363937,0.7578148874470557,True,True,True,True
1,lateral_positive,initial,-1,41,21270971,0.002,0.0018585899012950418,0.8635891052989783,0.9292949506475209,True,True,True,True
1,lateral_positive,initial,-1,42,21270972,0.002,0.0016204512849503408,0.6564655917243027,0.8102256424751704,True,True,True,True
1,lateral_positive,initial,-1,43,21270973,0.002,0.0027080369378473233,1.833366014186377,1.3540184689236616,True,True,True,True
1,lateral_positive,initial,-1,44,21270974,0.002,0.00379332103163429,3.597321112259759,1.896660515817145,False,True,True,True
1,lateral_positive,initial,-1,45,21270975,0.002,0.004165958301444862,4.33880214234434,2.082979150722431,False,True,True,True
1,lateral_positive,initial,-1,46,21270976,0.002,0.0014217490860602702,0.5053426159283034,0.7108745430301351,True,True,True,True
1,lateral_positive,initial,-1,47,21270977,0.002,0.0027429857293718557,1.8809926778844128,1.371492864685928,True,True,True,True
1,lateral_positive,initial,-1,48,21270978,0.002,0.004299954442567422,4.622402052038827,2.1499772212837107,False,True,True,True
1,lateral_positive,initial,-1,49,21270979,0.002,0.0036031528893423212,3.2456776859939795,1.8015764446711606,False,True,True,True
1,lateral_positive,initial,-1,50,21270980,0.002,0.005526515170463607,7.635592482341098,2.7632575852318033,False,False,True,True
1,lateral_positive,initial,-1,51,21270981,0.002,0.001623066608647831,0.6585863040268928,0.8115333043239155,True,True,True,True
1,lateral_positive,initial,-1,52,21270982,0.002,0.0027677322127294627,1.9150854003450821,1.3838661063647313,True,True,True,True
1,lateral_positive,initial,-1,53,21270983,0.002,0.001614183406107054,0.6513970171378426,0.807091703053527,True,True,True,True
1,lateral_positive,initial,-1,54,21270984,0.002,0.0031325112967609996,2.45315675608382,1.5662556483804997,False,True,True,True
1,lateral_positive,initial,-1,55,21270985,0.002,0.003275010481227979,2.6814234130382797,1.6375052406139894,False,True,True,True
1,lateral_positive,initial,-1,56,21270986,0.002,0.0011619880624010922,0.33755406429066115,0.580994031200546,True,True,True,True
1,lateral_positive,initial,-1,57,21270987,0.002,0.0055552465976056635,7.715191190052326,2.7776232988028315,False,False,True,True
1,lateral_positive,initial,-1,58,21270988,0.002,0.0031562859635823203,2.4905352709766944,1.57814298179116,False,True,True,True
1,lateral_positive,initial,-1,59,21270989,0.002,0.0032682622247894077,2.670384492496352,1.6341311123947038,False,True,True,True
1,lateral_positive,initial,-1,60,21270990,0.002,0.0018958792186787956,0.8985895029545301,0.9479396093393978,True,True,True,True
1,lateral_positive,initial,-1,61,21270991,0.002,0.0017252815242404615,0.7441490844713725,0.8626407621202308,True,True,True,True
1,lateral_positive,initial,-1,62,21270992,0.002,0.002546526742548839,1.6211996126291004,1.2732633712744195,True,True,True,True
1,lateral_positive,initial,-1,63,21270993,0.002,0.0024469295048276615,1.4968660003990362,1.2234647524138307,True,True,True,True
1,lateral_positive,initial,-1,64,21270994,0.002,0.003043961426379389,2.3164252913214107,1.5219807131896943,True,True,True,True
1,lateral_positive,initial,-1,65,21270995,0.002,0.0028136531794399427,1.9791610535431245,1.4068265897199712,True,True,True,True
1,lateral_positive,initial,-1,66,21270996,0.002,0.0029837395215671775,2.2256753831404823,1.4918697607835887,True,True,True,True
1,lateral_positive,initial,-1,67,21270997,0.002,0.00289359559827171,2.093223871584354,1.446797799135855,True,True,True,True
1,lateral_positive,initial,-1,68,21270998,0.002,0.004300116262986057,4.622749968799293,2.1500581314930285,False,True,True,True
1,lateral_positive,initial,-1,69,21270999,0.002,0.0012781838834474114,0.4084385099761764,0.6390919417237056,True,True,True,True
1,lateral_positive,initial,-1,70,21271000,0.002,0.0020500607701262326,1.0506872903026405,1.0250303850631162,True,True,True,True
1,lateral_positive,initial,-1,71,21271001,0.002,0.002158949237453182,1.165265452474919,1.079474618726591,True,True,True,True
1,lateral_positive,initial,-1,72,21271002,0.002,0.00210107915165529,1.1036334003801282,1.050539575827645,True,True,True,True
1,lateral_positive,initial,-1,73,21271003,0.002,0.0025355253280673028,1.607222172317701,1.2677626640336515,True,True,True,True
1,lateral_positive,initial,-1,74,21271004,0.002,0.0028399522935768488,2.016332257448101,1.4199761467884244,True,True,True,True
1,lateral_positive,initial,-1,75,21271005,0.002,0.0014233121412981311,0.5064543628916678,0.7116560706490656,True,True,True,True
1,lateral_positive,initial,-1,76,21271006,0.002,0.003655875400450698,3.341356235905138,1.827937700225349,False,True,True,True
1,lateral_positive,initial,-1,77,21271007,0.002,0.0022974113086062582,1.31952468022798,1.148705654303129,True,True,True,True
1,lateral_positive,initial,-1,78,21271008,0.002,0.0016878660693434879,0.712222967010259,0.843933034671744,True,True,True,True
1,lateral_positive,initial,-1,79,21271009,0.002,0.009354668956488135,21.877457821370704,4.677334478244068,False,False,False,False
1,lateral_positive,initial,-1,80,21271010,0.002,0.0037618718032579805,3.5379198660368627,1.8809359016289902,False,True,True,True
1,lateral_positive,initial,-1,81,21271011,0.002,0.003566624116164264,3.1802018965011296,1.783312058082132,False,True,True,True
1,lateral_positive,initial,-1,82,21271012,0.002,0.005033517674928789,6.33407504595513,2.516758837464394,False,False,True,True
1,lateral_positive,initial,-1,83,21271013,0.002,0.003021746837527848,2.2827384875273875,1.510873418763924,True,True,True,True
1,lateral_positive,initial,-1,84,21271014,0.002,0.0030328604096257414,2.2995605660688048,1.5164302048128706,True,True,True,True
1,lateral_positive,initial,-1,85,21271015,0.002,0.005054282492696338,6.386442878994178,2.527141246348169,False,False,True,True
1,lateral_positive,initial,-1,86,21271016,0.002,0.0017259938881601829,0.7447637254915765,0.8629969440800914,True,True,True,True
1,lateral_positive,initial,-1,87,21271017,0.002,0.001746445887902929,0.7625183098432625,0.8732229439514645,True,True,True,True
1,lateral_positive,initial,-1,88,21271018,0.002,0.0028516552569139725,2.032984426071274,1.4258276284569862,True,True,True,True
1,lateral_positive,initial,-1,89,21271019,0.002,0.0030585423287559977,2.3386702941980406,1.5292711643779988,True,True,True,True
1,lateral_positive,initial,-1,90,21271020,0.002,0.0033035619178726516,2.728380336304608,1.6517809589363257,False,True,True,True
1,lateral_positive,initial,-1,91,21271021,0.002,0.0045670224081233194,5.214423419075131,2.28351120406166,False,True,True,True
1,lateral_positive,initial,-1,92,21271022,0.002,0.0007062988778547822,0.12471452621473113,0.3531494389273911,True,True,True,True
1,lateral_positive,initial,-1,93,21271023,0.002,0.0016195073137680086,0.6557009848370178,0.8097536568840042,True,True,True,True
1,lateral_positive,initial,-1,94,21271024,0.002,0.0023262241383120237,1.3528296854163795,1.1631120691560117,True,True,True,True
1,lateral_positive,initial,-1,95,21271025,0.002,0.0031378737614239523,2.461562935658226,1.5689368807119761,False,True,True,True
1,lateral_positive,initial,-1,96,21271026,0.002,0.001999598162039422,0.9995982024078585,0.9997990810197109,True,True,True,True
1,lateral_positive,initial,-1,97,21271027,0.002,0.0014682616583892038,0.5389480743739538,0.7341308291946019,True,True,True,True
1,lateral_positive,initial,-1,98,21271028,0.002,0.004630203989103186,5.359697245176764,2.315101994551593,False,True,True,True
1,lateral_positive,initial,-1,99,21271029,0.002,0.0031801421245787383,2.528325983130043,1.5900710622893692,False,True,True,True
1,lateral_positive,candidate_0,0,0,21280930,0.002,0.004389416529591773,4.816744367563372,2.1947082647958864,False,True,True,True
1,lateral_positive,candidate_0,0,1,21280931,0.002,0.0022176777594960138,1.229523661240815,1.1088388797480069,True,True,True,True
1,lateral_positive,candidate_0,0,2,21280932,0.002,0.0025429146435823275,1.616603721136359,1.2714573217911638,True,True,True,True
1,lateral_positive,candidate_0,0,3,21280933,0.002,0.0008104619066315328,0.16421212552520487,0.4052309533157664,True,True,True,True
1,lateral_positive,candidate_0,0,4,21280934,0.002,0.0015274285466200716,0.5832594912574761,0.7637142733100358,True,True,True,True
1,lateral_positive,candidate_0,0,5,21280935,0.002,0.006093496509531179,9.282674927917165,3.0467482547655895,False,False,False,True
1,lateral_positive,candidate_0,0,6,21280936,0.002,0.004742968243946083,5.623936940770248,2.3714841219730416,False,True,True,True
1,lateral_positive,candidate_0,0,7,21280937,0.002,0.0024340498809794914,1.481149705774069,1.2170249404897457,True,True,True,True
1,lateral_positive,candidate_0,0,8,21280938,0.002,0.0036896607685933357,3.4033991468241913,1.8448303842966678,False,True,True,True
1,lateral_positive,candidate_0,0,9,21280939,0.002,0.0022148084701801244,1.2263441398954058,1.1074042350900621,True,True,True,True
1,lateral_positive,candidate_0,0,10,21280940,0.002,0.0035353857473440073,3.124738095630786,1.7676928736720037,False,True,True,True
1,lateral_positive,candidate_0,0,11,21280941,0.002,0.003982082204321606,3.9642446704937058,1.991041102160803,False,True,True,True
1,lateral_positive,candidate_0,0,12,21280942,0.002,0.004969658013451177,6.174375192664875,2.4848290067255885,False,True,True,True
1,lateral_positive,candidate_0,0,13,21280943,0.002,0.002897062205340057,2.0982423554024487,1.4485311026700285,True,True,True,True
1,lateral_positive,candidate_0,0,14,21280944,0.002,0.004653344147044366,5.413402937708014,2.326672073522183,False,True,True,True
1,lateral_positive,candidate_0,0,15,21280945,0.002,0.001073721674370394,0.28821955850319064,0.5368608371851971,True,True,True,True
1,lateral_positive,candidate_0,0,16,21280946,0.002,0.003936886252070461,3.874768340435351,1.9684431260352306,False,True,True,True
1,lateral_positive,candidate_0,0,17,21280947,0.002,0.0027529021799666377,1.8946176031162667,1.3764510899833189,True,True,True,True
1,lateral_positive,candidate_0,0,18,21280948,0.002,0.0009415281887790163,0.2216188325663737,0.4707640943895081,True,True,True,True
1,lateral_positive,candidate_0,0,19,21280949,0.002,0.005793187902890478,8.390256519549142,2.896593951445239,False,False,False,True
1,lateral_positive,candidate_0,0,20,21280950,0.002,0.004112681365621679,4.228537003782949,2.0563406828108395,False,True,True,True
1,lateral_positive,candidate_0,0,21,21280951,0.002,0.0023384985399385293,1.3671438553236583,1.1692492699692647,True,True,True,True
1,lateral_positive,candidate_0,0,22,21280952,0.002,0.0026146685024593043,1.7091228444381954,1.3073342512296522,True,True,True,True
1,lateral_positive,candidate_0,0,23,21280953,0.002,0.0037510933431887205,3.517675317328683,1.8755466715943603,False,True,True,True
1,lateral_positive,candidate_0,0,24,21280954,0.002,0.002228646499839951,1.2417163053122162,1.1143232499199756,True,True,True,True
1,lateral_positive,candidate_0,0,25,21280955,0.002,0.00347272110267828,3.0149479642467627,1.73636055133914,False,True,True,True
1,lateral_positive,candidate_0,0,26,21280956,0.002,0.00335125816568914,2.8077328232745353,1.6756290828445701,False,True,True,True
1,lateral_positive,candidate_0,0,27,21280957,0.002,0.0023628289462465112,1.3957401573050998,1.1814144731232556,True,True,True,True
1,lateral_positive,candidate_0,0,28,21280958,0.002,0.000780054040017822,0.15212107633703148,0.390027020008911,True,True,True,True
1,lateral_positive,candidate_0,0,29,21280959,0.002,0.0023018945887456643,1.324679674424143,1.150947294372832,True,True,True,True
1,lateral_positive,candidate_0,0,30,21280960,0.002,0.002661702013958579,1.7711644027777886,1.3308510069792894,True,True,True,True
1,lateral_positive,candidate_0,0,31,21280961,0.002,0.0020279349543116817,1.0281300447297805,1.013967477155841,True,True,True,True
1,lateral_positive,candidate_0,0,32,21280962,0.002,0.0013129942637808715,0.4309884841803682,0.6564971318904358,True,True,True,True
1,lateral_positive,candidate_0,0,33,21280963,0.002,0.0030961963790231005,2.39660800436894,1.5480981895115502,False,True,True,True
1,lateral_positive,candidate_0,0,34,21280964,0.002,0.0029748376003087165,2.2124146870526307,1.4874188001543582,True,True,True,True
1,lateral_positive,candidate_0,0,35,21280965,0.002,0.003941026801494213,3.882923062523927,1.9705134007471066,False,True,True,True
1,lateral_positive,candidate_0,0,36,21280966,0.002,0.0020185954737911263,1.0186819217025056,1.0092977368955631,True,True,True,True
1,lateral_positive,candidate_0,0,37,21280967,0.002,0.002836809191267582,2.0118715969150585,1.418404595633791,True,True,True,True
1,lateral_positive,candidate_0,0,38,21280968,0.002,0.004420976184753077,4.886257606538467,2.210488092376538,False,True,True,True
1,lateral_positive,candidate_0,0,39,21280969,0.002,0.0037771872143602843,3.566785813081701,1.8885936071801421,False,True,True,True
1,lateral_positive,candidate_0,0,40,21280970,0.002,0.0037816308727889147,3.5751830145075623,1.8908154363944574,False,True,True,True
1,lateral_positive,candidate_0,0,41,21280971,0.002,0.0021454657980976596,1.150755872701707,1.0727328990488298,True,True,True,True
1,lateral_positive,candidate_0,0,42,21280972,0.002,0.003492907107340757,3.0501000151278936,1.7464535536703785,False,True,True,True
1,lateral_positive,candidate_0,0,43,21280973,0.002,0.0029592628248322514,2.189309116608539,1.4796314124161256,True,True,True,True
1,lateral_positive,candidate_0,0,44,21280974,0.002,0.0063621865694179405,10.119354486020507,3.1810932847089703,False,False,False,True
1,lateral_positive,candidate_0,0,45,21280975,0.002,0.0012210896238642928,0.37276496737726,0.6105448119321464,True,True,True,True
1,lateral_positive,candidate_0,0,46,21280976,0.002,0.003338983572281587,2.787202823991577,1.6694917861407934,False,True,True,True
1,lateral_positive,candidate_0,0,47,21280977,0.002,0.0020950758096887406,1.0973356620857329,1.0475379048443703,True,True,True,True
1,lateral_positive,candidate_0,0,48,21280978,0.002,0.002441800104916183,1.4905969380921706,1.2209000524580915,True,True,True,True
1,lateral_positive,candidate_0,0,49,21280979,0.002,0.004921521686283537,6.055343927139787,2.4607608431417685,False,True,True,True
1,lateral_positive,candidate_0,0,50,21280980,0.002,0.0016272408469175704,0.6619781934692529,0.8136204234587852,True,True,True,True
1,lateral_positive,candidate_0,0,51,21280981,0.002,0.002929463918744338,2.1454397128062337,1.464731959372169,True,True,True,True
1,lateral_positive,candidate_0,0,52,21280982,0.002,0.003576667945893301,3.1981383987951517,1.7883339729466505,False,True,True,True
1,lateral_positive,candidate_0,0,53,21280983,0.002,0.0036712263852039066,3.369475792854336,1.8356131926019532,False,True,True,True
1,lateral_positive,candidate_0,0,54,21280984,0.002,0.0031803157932430476,2.528602136187789,1.5901578966215237,False,True,True,True
1,lateral_positive,candidate_0,0,55,21280985,0.002,0.00235012484054485,1.3807716915364894,1.1750624202724251,True,True,True,True
1,lateral_positive,candidate_0,0,56,21280986,0.002,0.0025299833116671166,1.6002038893285278,1.2649916558335583,True,True,True,True
1,lateral_positive,candidate_0,0,57,21280987,0.002,0.0019407084702109648,0.9415873415871459,0.9703542351054824,True,True,True,True
1,lateral_positive,candidate_0,0,58,21280988,0.002,0.0029859632906694615,2.2289941933064,1.4929816453347307,True,True,True,True
1,lateral_positive,candidate_0,0,59,21280989,0.002,0.0022448286436418355,1.2598139098287109,1.1224143218209177,True,True,True,True
1,lateral_positive,candidate_0,0,60,21280990,0.002,0.003853268763575453,3.711920041086575,1.9266343817877263,False,True,True,True
1,lateral_positive,candidate_0,0,61,21280991,0.002,0.005922708732438061,8.769619682324516,2.9613543662190307,False,False,False,True
1,lateral_positive,candidate_0,0,62,21280992,0.002,0.00345852810134344,2.990354156945565,1.7292640506717198,False,True,True,True
1,lateral_positive,candidate_0,0,63,21280993,0.002,0.0018435336679041175,0.8496540961740022,0.9217668339520587,True,True,True,True
1,lateral_positive,candidate_0,0,64,21280994,0.002,0.004560498211671441,5.199535984664603,2.2802491058357206,False,True,True,True
1,lateral_positive,candidate_0,0,65,21280995,0.002,0.004131108087814766,4.266513508302144,2.065554043907383,False,True,True,True
1,lateral_positive,candidate_0,0,66,21280996,0.002,0.00376248010516301,3.539064135436864,1.881240052581505,False,True,True,True
1,lateral_positive,candidate_0,0,67,21280997,0.002,0.0038120392621846058,3.632910834109239,1.9060196310923028,False,True,True,True
1,lateral_positive,candidate_0,0,68,21280998,0.002,0.0011932962488428436,0.35598898437560045,0.5966481244214218,True,True,True,True
1,lateral_positive,candidate_0,0,69,21280999,0.002,0.0017659251366727862,0.7796228970831997,0.8829625683363931,True,True,True,True
1,lateral_positive,candidate_0,0,70,21281000,0.002,0.002605889303173284,1.697664765098236,1.3029446515866419,True,True,True,True
1,lateral_positive,candidate_0,0,71,21281001,0.002,0.00579614143681019,8.398813888877022,2.8980707184050947,False,False,False,True
1,lateral_positive,candidate_0,0,72,21281002,0.002,0.0021360473702200116,1.1406745919559569,1.0680236851100058,True,True,True,True
1,lateral_positive,candidate_0,0,73,21281003,0.002,0.0035885539591004713,3.2194298793439167,1.7942769795502356,False,True,True,True
1,lateral_positive,candidate_0,0,74,21281004,0.002,0.0026538153232971403,1.7606839425416763,1.3269076616485702,True,True,True,True
1,lateral_positive,candidate_0,0,75,21281005,0.002,0.002492710654962997,1.5534016023415136,1.2463553274814985,True,True,True,True
1,lateral_positive,candidate_0,0,76,21281006,0.002,0.0034375976620112155,2.954269421466244,1.7187988310056077,False,True,True,True
1,lateral_positive,candidate_0,0,77,21281007,0.002,0.0011010568453999644,0.30308154420053035,0.5505284226999823,True,True,True,True
1,lateral_positive,candidate_0,0,78,21281008,0.002,0.004775918270554573,5.702348831754247,2.3879591352772866,False,True,True,True
1,lateral_positive,candidate_0,0,79,21281009,0.002,0.0038994721033242157,3.8014706711509456,1.9497360516621078,False,True,True,True
1,lateral_positive,candidate_0,0,80,21281010,0.002,0.00377852448188737,3.5693118150555545,1.889262240943685,False,True,True,True
1,lateral_positive,candidate_0,0,81,21281011,0.002,0.0012095954147170874,0.36578026682615067,0.6047977073585437,True,True,True,True
1,lateral_positive,candidate_0,0,82,21281012,0.002,0.003331509764519654,2.7747393277724504,1.665754882259827,False,True,True,True
1,lateral_positive,candidate_0,0,83,21281013,0.002,0.0020655860061865776,1.066661387238454,1.0327930030932888,True,True,True,True
1,lateral_positive,candidate_0,0,84,21281014,0.002,0.0028167372425785143,1.9835021734322031,1.4083686212892572,True,True,True,True
1,lateral_positive,candidate_0,0,85,21281015,0.002,0.0033919408747703716,2.8763157244844986,1.6959704373851858,False,True,True,True
1,lateral_positive,candidate_0,0,86,21281016,0.002,0.0013379501136675874,0.4475276266657775,0.6689750568337937,True,True,True,True
1,lateral_positive,candidate_0,0,87,21281017,0.002,0.0034003876121767363,2.890658978261252,1.7001938060883681,False,True,True,True
1,lateral_positive,candidate_0,0,88,21281018,0.002,0.0024001734499878545,1.4402081475066502,1.2000867249939273,True,True,True,True
1,lateral_positive,candidate_0,0,89,21281019,0.002,0.0027606070342028606,1.9052377993225786,1.3803035171014302,True,True,True,True
1,lateral_positive,candidate_0,0,90,21281020,0.002,0.002179273492285857,1.1873082385449487,1.0896367461429284,True,True,True,True
1,lateral_positive,candidate_0,0,91,21281021,0.002,0.002116781393711355,1.1201908671906466,1.0583906968556775,True,True,True,True
1,lateral_positive,candidate_0,0,92,21281022,0.002,0.0022761384589146923,1.2952015710376377,1.1380692294573462,True,True,True,True
1,lateral_positive,candidate_0,0,93,21281023,0.002,0.003160050598606635,2.496479946438538,1.5800252993033175,False,True,True,True
1,lateral_positive,candidate_0,0,94,21281024,0.002,0.0025976820280406037,1.686987979701286,1.298841014020302,True,True,True,True
1,lateral_positive,candidate_0,0,95,21281025,0.002,0.0008625419332516499,0.1859946466543734,0.4312709666258249,True,True,True,True
1,lateral_positive,candidate_0,0,96,21281026,0.002,0.00341629013240092,2.917759567184974,1.7081450662004598,False,True,True,True
1,lateral_positive,candidate_0,0,97,21281027,0.002,0.003936342859543112,3.8736987769690105,1.9681714297715558,False,True,True,True
1,lateral_positive,candidate_0,0,98,21281028,0.002,0.002416356609947731,1.4596948166095227,1.2081783049738655,True,True,True,True
1,lateral_positive,candidate_0,0,99,21281029,0.002,0.004365116532592474,4.763560585778037,2.182558266296237,False,True,True,True
1,lateral_positive,candidate_26,26,0,21540930,0.002,0.0038293759028985128,3.6660299514249504,1.9146879514492563,False,True,True,True
1,lateral_positive,candidate_26,26,1,21540931,0.002,0.002379346442762988,1.4153223736722211,1.1896732213814938,True,True,True,True
1,lateral_positive,candidate_26,26,2,21540932,0.002,0.0025611108683871037,1.6398222200426362,1.280555434193552,True,True,True,True
1,lateral_positive,candidate_26,26,3,21540933,0.002,0.0023255101736290086,1.3519993919130053,1.1627550868145042,True,True,True,True
1,lateral_positive,candidate_26,26,4,21540934,0.002,0.001545700107157953,0.5972972053170269,0.7728500535789765,True,True,True,True
1,lateral_positive,candidate_26,26,5,21540935,0.002,0.003548455504169454,3.1478841162676234,1.774227752084727,False,True,True,True
1,lateral_positive,candidate_26,26,6,21540936,0.002,0.0015897295875719768,0.6318100404004419,0.7948647937859884,True,True,True,True
1,lateral_positive,candidate_26,26,7,21540937,0.002,0.00024387293440475768,0.014868502033796811,0.12193646720237884,True,True,True,True
1,lateral_positive,candidate_26,26,8,21540938,0.002,0.00517106752823816,6.6849848453997796,2.5855337641190803,False,False,True,True
1,lateral_positive,candidate_26,26,9,21540939,0.002,0.0018343479603745944,0.8412081099326086,0.9171739801872971,True,True,True,True
1,lateral_positive,candidate_26,26,10,21540940,0.002,0.0046887843695761116,5.496174716095314,2.3443921847880556,False,True,True,True
1,lateral_positive,candidate_26,26,11,21540941,0.002,0.0029131790926646135,2.121653106484555,1.4565895463323066,True,True,True,True
1,lateral_positive,candidate_26,26,12,21540942,0.002,0.0030816043714937255,2.37407137560231,1.5408021857468628,False,True,True,True
1,lateral_positive,candidate_26,26,13,21540943,0.002,0.004313991955777437,4.652631648628109,2.156995977888718,False,True,True,True
1,lateral_positive,candidate_26,26,14,21540944,0.002,0.004031883146858845,4.064020427481096,2.015941573429423,False,True,True,True
1,lateral_positive,candidate_26,26,15,21540945,0.002,0.0019253947339935226,0.9267862204224969,0.9626973669967613,True,True,True,True
1,lateral_positive,candidate_26,26,16,21540946,0.002,0.004433364188736823,4.913679507493526,2.2166820943684113,False,True,True,True
1,lateral_positive,candidate_26,26,17,21540947,0.002,0.0036406194585913245,3.3135275105684476,1.8203097292956623,False,True,True,True
1,lateral_positive,candidate_26,26,18,21540948,0.002,0.003957040028820205,3.914541447421353,1.9785200144101025,False,True,True,True
1,lateral_positive,candidate_26,26,19,21540949,0.002,0.0053745656206542125,7.221488902679551,2.687282810327106,False,False,True,True
1,lateral_positive,candidate_26,26,20,21540950,0.002,0.005523860466538412,7.628258613446492,2.761930233269206,False,False,True,True
1,lateral_positive,candidate_26,26,21,21540951,0.002,0.004028839539322257,4.057887008401595,2.0144197696611283,False,True,True,True
1,lateral_positive,candidate_26,26,22,21540952,0.002,0.0006766148554254753,0.11445191564560922,0.33830742771273764,True,True,True,True
1,lateral_positive,candidate_26,26,23,21540953,0.002,0.0023366720905163476,1.3650091146495096,1.1683360452581737,True,True,True,True
1,lateral_positive,candidate_26,26,24,21540954,0.002,0.0039455970218594495,3.8919339647265394,1.9727985109297248,False,True,True,True
1,lateral_positive,candidate_26,26,25,21540955,0.002,0.00277624190949552,1.9268797850098334,1.38812095474776,True,True,True,True
1,lateral_positive,candidate_26,26,26,21540956,0.002,0.0012093038258538537,0.365603935806192,0.6046519129269269,True,True,True,True
1,lateral_positive,candidate_26,26,27,21540957,0.002,0.003688621622720729,3.4014823689007265,1.8443108113603646,False,True,True,True
1,lateral_positive,candidate_26,26,28,21540958,0.002,0.0032741541968419772,2.6800214261744832,1.6370770984209886,False,True,True,True
1,lateral_positive,candidate_26,26,29,21540959,0.002,0.0032787485935017,2.6875480848473443,1.63937429675085,False,True,True,True
1,lateral_positive,candidate_26,26,30,21540960,0.002,0.0019621161100305015,0.9624749073103068,0.9810580550152507,True,True,True,True
1,lateral_positive,candidate_26,26,31,21540961,0.002,0.002709271198245124,1.8350376064101426,1.354635599122562,True,True,True,True
1,lateral_positive,candidate_26,26,32,21540962,0.002,0.003957171112732606,3.914800803861353,1.978585556366303,False,True,True,True
1,lateral_positive,candidate_26,26,33,21540963,0.002,0.003868196720491984,3.7407364671062355,1.934098360245992,False,True,True,True
1,lateral_positive,candidate_26,26,34,21540964,0.002,0.0019350315243320411,0.9360867500396958,0.9675157621660205,True,True,True,True
1,lateral_positive,candidate_26,26,35,21540965,0.002,0.0036733755651730724,3.3734220107026474,1.8366877825865362,False,True,True,True
1,lateral_positive,candidate_26,26,36,21540966,0.002,0.002286041258261715,1.3064961586187012,1.1430206291308573,True,True,True,True
1,lateral_positive,candidate_26,26,37,21540967,0.002,0.002895781764504219,2.0963880069087923,1.4478908822521095,True,True,True,True
1,lateral_positive,candidate_26,26,38,21540968,0.002,0.0044404514008995035,4.929402160937591,2.2202257004497516,False,True,True,True
1,lateral_positive,candidate_26,26,39,21540969,0.002,0.003378447143229244,2.85347627489846,1.689223571614622,False,True,True,True
1,lateral_positive,candidate_26,26,40,21540970,0.002,0.005046381624084537,6.366491873974521,2.523190812042268,False,False,True,True
1,lateral_positive,candidate_26,26,41,21540971,0.002,0.005205689094010071,6.774799735873848,2.602844547005035,False,False,True,True
1,lateral_positive,candidate_26,26,42,21540972,0.002,0.001708372849641671,0.7296344483482009,0.8541864248208354,True,True,True,True
1,lateral_positive,candidate_26,26,43,21540973,0.002,0.0035499379343623865,3.150514834456272,1.7749689671811932,False,True,True,True
1,lateral_positive,candidate_26,26,44,21540974,0.002,0.0028555150783020336,2.0384915906025673,1.4277575391510167,True,True,True,True
1,lateral_positive,candidate_26,26,45,21540975,0.002,0.0035578628308670806,3.164596980816379,1.7789314154335403,False,True,True,True
1,lateral_positive,candidate_26,26,46,21540976,0.002,0.0038221447244826665,3.65219757372267,1.9110723622413333,False,True,True,True
1,lateral_positive,candidate_26,26,47,21540977,0.002,0.0037501455642651145,3.5158979382943287,1.8750727821325572,False,True,True,True
1,lateral_positive,candidate_26,26,48,21540978,0.002,0.002020022889245356,1.020123118268789,1.010011444622678,True,True,True,True
1,lateral_positive,candidate_26,26,49,21540979,0.002,0.0031319278792544475,2.4522430602128154,1.5659639396272238,False,True,True,True
1,lateral_positive,candidate_26,26,50,21540980,0.002,0.002855062408861868,2.0378453396240332,1.427531204430934,True,True,True,True
1,lateral_positive,candidate_26,26,51,21540981,0.002,0.003569128334569231,3.184669267156233,1.7845641672846153,False,True,True,True
1,lateral_positive,candidate_26,26,52,21540982,0.002,0.003907482183734255,3.817104254050155,1.9537410918671274,False,True,True,True
1,lateral_positive,candidate_26,26,53,21540983,0.002,0.005201503835593354,6.763910537923093,2.6007519177966767,False,False,True,True
1,lateral_positive,candidate_26,26,54,21540984,0.002,0.0004441751199706107,0.049322884300226605,0.22208755998530536,True,True,True,True
1,lateral_positive,candidate_26,26,55,21540985,0.002,0.002542238437087955,1.6157440677518518,1.2711192185439775,True,True,True,True
1,lateral_positive,candidate_26,26,56,21540986,0.002,0.0016310313006875604,0.6650657759556388,0.8155156503437802,True,True,True,True
1,lateral_positive,candidate_26,26,57,21540987,0.002,0.005297204277394626,7.015093289111981,2.648602138697313,False,False,True,True
1,lateral_positive,candidate_26,26,58,21540988,0.002,0.003572355583511119,3.190431103760767,1.7861777917555595,False,True,True,True
1,lateral_positive,candidate_26,26,59,21540989,0.002,0.0036838192137254493,3.392630999853197,1.8419096068627245,False,True,True,True
1,lateral_positive,candidate_26,26,60,21540990,0.002,0.0029569986491653783,2.1859602527914683,1.4784993245826892,True,True,True,True
1,lateral_positive,candidate_26,26,61,21540991,0.002,0.0016413696944682884,0.6735236184797306,0.8206848472341441,True,True,True,True
1,lateral_positive,candidate_26,26,62,21540992,0.002,0.0019021125645776167,0.9045080520810096,0.9510562822888083,True,True,True,True
1,lateral_positive,candidate_26,26,63,21540993,0.002,0.0017593821814536233,0.7738564151041276,0.8796910907268116,True,True,True,True
1,lateral_positive,candidate_26,26,64,21540994,0.002,0.0036501427998728644,3.3308856148659287,1.825071399936432,False,True,True,True
1,lateral_positive,candidate_26,26,65,21540995,0.002,0.0038793521579802994,3.762343291406602,1.9396760789901497,False,True,True,True
1,lateral_positive,candidate_26,26,66,21540996,0.002,0.0038300098788229702,3.667243917970386,1.915004939411485,False,True,True,True
1,lateral_positive,candidate_26,26,67,21540997,0.002,0.0016775267407333737,0.7035239914688839,0.8387633703666868,True,True,True,True
1,lateral_positive,candidate_26,26,68,21540998,0.002,0.0035940420763121224,3.2292846115754883,1.7970210381560612,False,True,True,True
1,lateral_positive,candidate_26,26,69,21540999,0.002,0.0018517027873108944,0.8572008031337339,0.9258513936554472,True,True,True,True
1,lateral_positive,candidate_26,26,70,21541000,0.002,0.001307914937126303,0.42766037068952534,0.6539574685631515,True,True,True,True
1,lateral_positive,candidate_26,26,71,21541001,0.002,0.0009708875518269341,0.23565565957312443,0.48544377591346705,True,True,True,True
1,lateral_positive,candidate_26,26,72,21541002,0.002,0.00209822981909373,1.1006420934335268,1.049114909546865,True,True,True,True
1,lateral_positive,candidate_26,26,73,21541003,0.002,0.004439743975850026,4.927831642774149,2.219871987925013,False,True,True,True
1,lateral_positive,candidate_26,26,74,21541004,0.002,0.0019138571536764504,0.9157123011696311,0.9569285768382252,True,True,True,True
1,lateral_positive,candidate_26,26,75,21541005,0.002,0.005731509752637508,8.212551011144717,2.865754876318754,False,False,False,True
1,lateral_positive,candidate_26,26,76,21541006,0.002,0.002223879955033362,1.2364105135997974,1.111939977516681,True,True,True,True
1,lateral_positive,candidate_26,26,77,21541007,0.002,0.0029736723645484853,2.2106818329198448,1.4868361822742426,True,True,True,True
1,lateral_positive,candidate_26,26,78,21541008,0.002,0.003324841775689452,2.763643208342448,1.662420887844726,False,True,True,True
1,lateral_positive,candidate_26,26,79,21541009,0.002,0.00424637957598115,4.507934875827463,2.123189787990575,False,True,True,True
1,lateral_positive,candidate_26,26,80,21541010,0.002,0.00044341384547128275,0.049153959588907656,0.22170692273564138,True,True,True,True
1,lateral_positive,candidate_26,26,81,21541011,0.002,0.003373241609188561,2.8446897384902585,1.6866208045942805,False,True,True,True
1,lateral_positive,candidate_26,26,82,21541012,0.002,0.004824425125374112,5.818769447585255,2.4122125626870563,False,True,True,True
1,lateral_positive,candidate_26,26,83,21541013,0.002,0.0021273687755689412,1.131424476816424,1.0636843877844706,True,True,True,True
1,lateral_positive,candidate_26,26,84,21541014,0.002,0.0016739825515603428,0.700554395732119,0.8369912757801714,True,True,True,True
1,lateral_positive,candidate_26,26,85,21541015,0.002,0.002609187107456093,1.7019643404287732,1.3045935537280464,True,True,True,True
1,lateral_positive,candidate_26,26,86,21541016,0.002,0.0034789249220777974,3.025729653363502,1.7394624610388987,False,True,True,True
1,lateral_positive,candidate_26,26,87,21541017,0.002,0.0013962184478059686,0.48735648849842705,0.6981092239029842,True,True,True,True
1,lateral_positive,candidate_26,26,88,21541018,0.002,0.001428706821361581,0.5103007953512781,0.7143534106807905,True,True,True,True
1,lateral_positive,candidate_26,26,89,21541019,0.002,0.0022564433634774264,1.2728841631453303,1.1282216817387132,True,True,True,True
1,lateral_positive,candidate_26,26,90,21541020,0.002,0.0038666251228931655,3.737697460247147,1.9333125614465827,False,True,True,True
1,lateral_positive,candidate_26,26,91,21541021,0.002,0.003926489923345393,3.8543307795332282,1.9632449616726966,False,True,True,True
1,lateral_positive,candidate_26,26,92,21541022,0.002,0.0025113110257303623,1.5766707669887212,1.2556555128651812,True,True,True,True
1,lateral_positive,candidate_26,26,93,21541023,0.002,0.0044175671569273885,4.878724896490883,2.208783578463694,False,True,True,True
1,lateral_positive,candidate_26,26,94,21541024,0.002,0.0012400158278129743,0.384409813306674,0.6200079139064871,True,True,True,True
1,lateral_positive,candidate_26,26,95,21541025,0.002,0.0009429574688095721,0.22229219699593883,0.47147873440478605,True,True,True,True
1,lateral_positive,candidate_26,26,96,21541026,0.002,0.0010094009767597268,0.25472258297087264,0.5047004883798634,True,True,True,True
1,lateral_positive,candidate_26,26,97,21541027,0.002,0.003575692597079601,3.196394387202466,1.7878462985398005,False,True,True,True
1,lateral_positive,candidate_26,26,98,21541028,0.002,0.002782759920342827,1.935938193566604,1.3913799601714134,True,True,True,True
1,lateral_positive,candidate_26,26,99,21541029,0.002,0.003381997909923001,2.859477465680887,1.6909989549615005,False,True,True,True
1,lateral_positive,candidate_53,53,0,21810930,0.002666666666666667,0.0050783106497614755,3.6266117421769892,1.904366493660553,False,True,True,True
1,lateral_positive,candidate_53,53,1,21810931,0.002666666666666667,0.0031510579221951662,1.3962889728321914,1.1816467208231871,True,True,True,True
1,lateral_positive,candidate_53,53,2,21810932,0.002666666666666667,0.0036060801603379727,1.8286613610163784,1.3522800601267395,True,True,True,True
1,lateral_positive,candidate_53,53,3,21810933,0.002666666666666667,0.0049581640098445715,3.4570392677603428,1.859311503691714,False,True,True,True
1,lateral_positive,candidate_53,53,4,21810934,0.002666666666666667,0.0019196883431382057,0.5182317189535371,0.719883128676827,True,True,True,True
1,lateral_positive,candidate_53,53,5,21810935,0.002666666666666667,0.003398880000798235,1.6245541771630605,1.274580000299338,True,True,True,True
1,lateral_positive,candidate_53,53,6,21810936,0.002666666666666667,0.00583885096972336,4.794212903433668,2.1895691136462596,False,True,True,True
1,lateral_positive,candidate_53,53,7,21810937,0.002666666666666667,0.0019148464049251993,0.5156207935952287,0.7180674018469496,True,True,True,True
1,lateral_positive,candidate_53,53,8,21810938,0.002666666666666667,0.008272617378635817,9.623840384996342,3.102231516988431,False,False,False,True
1,lateral_positive,candidate_53,53,9,21810939,0.002666666666666667,0.003106047886922407,1.35668439504213,1.1647679575959025,True,True,True,True
1,lateral_positive,candidate_53,53,10,21810940,0.002666666666666667,0.005120914490550354,3.6877169839962067,1.9203429339563824,False,True,True,True
1,lateral_positive,candidate_53,53,11,21810941,0.002666666666666667,0.003960266091391149,2.205521369243792,1.4850997842716804,True,True,True,True
1,lateral_positive,candidate_53,53,12,21810942,0.002666666666666667,0.0035914099184487292,1.8138129190779242,1.3467787194182732,True,True,True,True
1,lateral_positive,candidate_53,53,13,21810943,0.002666666666666667,0.005663319055461826,4.510291320556456,2.1237446457981846,False,True,True,True
1,lateral_positive,candidate_53,53,14,21810944,0.002666666666666667,0.004507528956645781,2.857193057109403,1.6903233587421678,False,True,True,True
1,lateral_positive,candidate_53,53,15,21810945,0.002666666666666667,0.0019577369458759187,0.5389782116129394,0.7341513547034694,True,True,True,True
1,lateral_positive,candidate_53,53,16,21810946,0.002666666666666667,0.003503805557160296,1.7264043818982238,1.3139270839351107,True,True,True,True
1,lateral_positive,candidate_53,53,17,21810947,0.002666666666666667,0.0029837500377654664,1.2519512279810747,1.1189062641620497,True,True,True,True
1,lateral_positive,candidate_53,53,18,21810948,0.002666666666666667,0.0071004033862010745,7.089711784702829,2.662651269825403,False,False,True,True
1,lateral_positive,candidate_53,53,19,21810949,0.002666666666666667,0.003778599797930463,2.0078179358793937,1.4169749242239236,True,True,True,True
1,lateral_positive,candidate_53,53,20,21810950,0.002666666666666667,0.003473562979506445,1.6967305930215502,1.3025861173149167,True,True,True,True
1,lateral_positive,candidate_53,53,21,21810951,0.002666666666666667,0.0019235556231688804,0.520321814356587,0.72133335868833,True,True,True,True
1,lateral_positive,candidate_53,53,22,21810952,0.002666666666666667,0.001071698006416158,0.16151296175948915,0.4018867524060592,True,True,True,True
1,lateral_positive,candidate_53,53,23,21810953,0.002666666666666667,0.003606331664982296,1.8289164484482157,1.352374374368361,True,True,True,True
1,lateral_positive,candidate_53,53,24,21810954,0.002666666666666667,0.006595435128781047,6.1171543881504915,2.473288173292892,False,True,True,True
1,lateral_positive,candidate_53,53,25,21810955,0.002666666666666667,0.005765206970962893,4.674039105661752,2.1619526141110845,False,True,True,True
1,lateral_positive,candidate_53,53,26,21810956,0.002666666666666667,0.004726243278395271,3.141193433424817,1.7723412293982264,False,True,True,True
1,lateral_positive,candidate_53,53,27,21810957,0.002666666666666667,0.0075024898316930835,7.915409110498795,2.813433686884906,False,False,False,True
1,lateral_positive,candidate_53,53,28,21810958,0.002666666666666667,0.005228033723086864,3.843609835743772,1.9605126461575737,False,True,True,True
1,lateral_positive,candidate_53,53,29,21810959,0.002666666666666667,0.0075772433847516385,8.073930559466595,2.841466269281864,False,False,False,True
1,lateral_positive,candidate_53,53,30,21810960,0.002666666666666667,0.00500026199470352,3.5159934397044963,1.8750982480138196,False,True,True,True
1,lateral_positive,candidate_53,53,31,21810961,0.002666666666666667,0.00382847296657228,2.0611694890933245,1.4356773624646049,True,True,True,True
1,lateral_positive,candidate_53,53,32,21810962,0.002666666666666667,0.004095285869614217,2.358473393511826,1.5357322011053312,True,True,True,True
1,lateral_positive,candidate_53,53,33,21810963,0.002666666666666667,0.004887848096476597,3.359680173876078,1.8329430361787236,False,True,True,True
1,lateral_positive,candidate_53,53,34,21810964,0.002666666666666667,0.004368826692927439,2.6840596883674634,1.6383100098477892,False,True,True,True
1,lateral_positive,candidate_53,53,35,21810965,0.002666666666666667,0.003422751367892147,1.647453786526063,1.2835317629595548,True,True,True,True
1,lateral_positive,candidate_53,53,36,21810966,0.002666666666666667,0.005508923900721805,4.267721607742117,2.0658464627706765,False,True,True,True
1,lateral_positive,candidate_53,53,37,21810967,0.002666666666666667,0.0023428303091181076,0.771870073685969,0.8785613659192902,True,True,True,True
1,lateral_positive,candidate_53,53,38,21810968,0.002666666666666667,0.005565612185021193,4.356005483539177,2.087104569382947,False,True,True,True
1,lateral_positive,candidate_53,53,39,21810969,0.002666666666666667,0.0043123560373552585,2.6151208021285797,1.6171335140082217,False,True,True,True
1,lateral_positive,candidate_53,53,40,21810970,0.002666666666666667,0.0036449826097555518,1.8683294379497424,1.3668684786583318,True,True,True,True
1,lateral_positive,candidate_53,53,41,21810971,0.002666666666666667,0.004893136463054259,3.366954062728754,1.834926173645347,False,True,True,True
1,lateral_positive,candidate_53,53,42,21810972,0.002666666666666667,0.005803236127234799,4.735905405249817,2.1762135477130493,False,True,True,True
1,lateral_positive,candidate_53,53,43,21810973,0.002666666666666667,0.003287596361836643,1.51991575851959,1.232848635688741,True,True,True,True
1,lateral_positive,candidate_53,53,44,21810974,0.002666666666666667,0.0027156865851968547,1.0371028540806777,1.0183824694488204,True,True,True,True
1,lateral_positive,candidate_53,53,45,21810975,0.002666666666666667,0.00535514086340712,4.032778171912417,2.0081778237776695,False,True,True,True
1,lateral_positive,candidate_53,53,46,21810976,0.002666666666666667,0.007211866832342646,7.314050138546805,2.704450062128492,False,False,True,True
1,lateral_positive,candidate_53,53,47,21810977,0.002666666666666667,0.007068746907183134,7.026635086567188,2.650780090193675,False,False,True,True
1,lateral_positive,candidate_53,53,48,21810978,0.002666666666666667,0.0057195645824440235,4.600324548667698,2.1448367184165087,False,True,True,True
1,lateral_positive,candidate_53,53,49,21810979,0.002666666666666667,0.003690487532888233,1.915270063650489,1.3839328248330873,True,True,True,True
1,lateral_positive,candidate_53,53,50,21810980,0.002666666666666667,0.0047093910403961554,3.118832433473003,1.766021640148558,False,True,True,True
1,lateral_positive,candidate_53,53,51,21810981,0.002666666666666667,0.0034209581617293794,1.6457280109175887,1.282859310648517,True,True,True,True
1,lateral_positive,candidate_53,53,52,21810982,0.002666666666666667,0.0027050060650594173,1.0289612548136575,1.0143772743972814,True,True,True,True
1,lateral_positive,candidate_53,53,53,21810983,0.002666666666666667,0.00276383905522591,1.0742071391988819,1.036439645709716,True,True,True,True
1,lateral_positive,candidate_53,53,54,21810984,0.002666666666666667,0.0054939101929064186,4.24449129483577,2.060216322339907,False,True,True,True
1,lateral_positive,candidate_53,53,55,21810985,0.002666666666666667,0.0022838068363465578,0.7334681717451476,0.8564275636299591,True,True,True,True
1,lateral_positive,candidate_53,53,56,21810986,0.002666666666666667,0.003191167461467989,1.4320616860029438,1.1966877980504957,True,True,True,True
1,lateral_positive,candidate_53,53,57,21810987,0.002666666666666667,0.006383510243666899,5.730356676234407,2.393816341375087,False,True,True,True
1,lateral_positive,candidate_53,53,58,21810988,0.002666666666666667,0.005530141419334394,4.300659016570944,2.0738030322503977,False,True,True,True
1,lateral_positive,candidate_53,53,59,21810989,0.002666666666666667,0.004511549097277549,2.862291833036137,1.6918309114790806,False,True,True,True
1,lateral_positive,candidate_53,53,60,21810990,0.002666666666666667,0.003744850518550176,1.972111697758901,1.4043189444563158,True,True,True,True
1,lateral_positive,candidate_53,53,61,21810991,0.002666666666666667,0.004469731842554206,2.8094769484232365,1.6761494409578273,False,True,True,True
1,lateral_positive,candidate_53,53,62,21810992,0.002666666666666667,0.00389573041446532,2.1342256118704874,1.460898905424495,True,True,True,True
1,lateral_positive,candidate_53,53,63,21810993,0.002666666666666667,0.005836405301954866,4.79019752559659,2.1886519882330746,False,True,True,True
1,lateral_positive,candidate_53,53,64,21810994,0.002666666666666667,0.005459608085518788,4.19165443792436,2.047353032069545,False,True,True,True
1,lateral_positive,candidate_53,53,65,21810995,0.002666666666666667,0.0061646237587317364,5.3441136684449715,2.311733909524401,False,True,True,True
1,lateral_positive,candidate_53,53,66,21810996,0.002666666666666667,0.005561446915709639,4.349487908848535,2.0855425933911143,False,True,True,True
1,lateral_positive,candidate_53,53,67,21810997,0.002666666666666667,0.004122319305637579,2.3897132518545403,1.545869739614092,False,True,True,True
1,lateral_positive,candidate_53,53,68,21810998,0.002666666666666667,0.004556016402731065,2.918993268087353,1.7085061510241493,False,True,True,True
1,lateral_positive,candidate_53,53,69,21810999,0.002666666666666667,0.0026992726527099026,1.0246039950469996,1.0122272447662133,True,True,True,True
1,lateral_positive,candidate_53,53,70,21811000,0.002666666666666667,0.005809009748334135,4.7453335672838906,2.1783786556253,False,True,True,True
1,lateral_positive,candidate_53,53,71,21811001,0.002666666666666667,0.004400965547403072,2.723694996013428,1.6503620802761518,False,True,True,True
1,lateral_positive,candidate_53,53,72,21811002,0.002666666666666667,0.006307226210506571,5.594217534914214,2.365209828939964,False,True,True,True
1,lateral_positive,candidate_53,53,73,21811003,0.002666666666666667,0.0012522179819164923,0.2205070135642986,0.4695817432186845,True,True,True,True
1,lateral_positive,candidate_53,53,74,21811004,0.002666666666666667,0.0031114941451881486,1.3614462865603303,1.1668103044455556,True,True,True,True
1,lateral_positive,candidate_53,53,75,21811005,0.002666666666666667,0.0032856358001460435,1.5181034922001868,1.232113425054766,True,True,True,True
1,lateral_positive,candidate_53,53,76,21811006,0.002666666666666667,0.0010037928982996646,0.14169377568893068,0.37642233686237414,True,True,True,True
1,lateral_positive,candidate_53,53,77,21811007,0.002666666666666667,0.005193923203187816,3.793617877586172,1.9477212011954308,False,True,True,True
1,lateral_positive,candidate_53,53,78,21811008,0.002666666666666667,0.004148763662619762,2.4204712399135504,1.5557863734824104,False,True,True,True
1,lateral_positive,candidate_53,53,79,21811009,0.002666666666666667,0.00576321057057893,4.6708025738671,2.1612039639670986,False,True,True,True
1,lateral_positive,candidate_53,53,80,21811010,0.002666666666666667,0.004886080999452422,3.3572513718576524,1.832280374794658,False,True,True,True
1,lateral_positive,candidate_53,53,81,21811011,0.002666666666666667,0.0066938579544654165,6.301087637984989,2.510196732924531,False,False,True,True
1,lateral_positive,candidate_53,53,82,21811012,0.002666666666666667,0.004014394588218062,2.266223049831721,1.505397970581773,True,True,True,True
1,lateral_positive,candidate_53,53,83,21811013,0.002666666666666667,0.005291311802435057,3.937216020551511,1.984241925913146,False,True,True,True
1,lateral_positive,candidate_53,53,84,21811014,0.002666666666666667,0.003334892926784591,1.5639624609072036,1.2505848475442214,True,True,True,True
1,lateral_positive,candidate_53,53,85,21811015,0.002666666666666667,0.0031963908923608063,1.4367536348578747,1.1986465846353023,True,True,True,True
1,lateral_positive,candidate_53,53,86,21811016,0.002666666666666667,0.004461705634990618,2.7993961649963013,1.6731396131214815,False,True,True,True
1,lateral_positive,candidate_53,53,87,21811017,0.002666666666666667,0.005655624736659537,4.498044069644332,2.120859276247326,False,True,True,True
1,lateral_positive,candidate_53,53,88,21811018,0.002666666666666667,0.0034061370205772405,1.6314988222893934,1.277301382716465,True,True,True,True
1,lateral_positive,candidate_53,53,89,21811019,0.002666666666666667,0.004454960450775546,2.790938336902629,1.6706101690408297,False,True,True,True
1,lateral_positive,candidate_53,53,90,21811020,0.002666666666666667,0.004299720094321574,2.5998177500877264,1.61239503537059,False,True,True,True
1,lateral_positive,candidate_53,53,91,21811021,0.002666666666666667,0.0072242957832507,7.33928196992257,2.7091109187190123,False,False,True,True
1,lateral_positive,candidate_53,53,92,21811022,0.002666666666666667,0.0036291725254993922,1.8521568590399484,1.3609396970622718,True,True,True,True
1,lateral_positive,candidate_53,53,93,21811023,0.002666666666666667,0.009548686873638473,12.82182482964314,3.5807575776144267,False,False,False,False
1,lateral_positive,candidate_53,53,94,21811024,0.002666666666666667,0.006089280114465946,5.214281106435524,2.2834800429247295,False,True,True,True
1,lateral_positive,candidate_53,53,95,21811025,0.002666666666666667,0.001833331055345195,0.47265507541309576,0.687499145754448,True,True,True,True
1,lateral_positive,candidate_53,53,96,21811026,0.002666666666666667,0.001945328682314698,0.5321677053144711,0.7294982558680116,True,True,True,True
1,lateral_positive,candidate_53,53,97,21811027,0.002666666666666667,0.005696862868025675,4.563878419278241,2.136323575509628,False,True,True,True
1,lateral_positive,candidate_53,53,98,21811028,0.002666666666666667,0.003238009089392923,1.4744113401081353,1.214253408522346,True,True,True,True
1,lateral_positive,candidate_53,53,99,21811029,0.002666666666666667,0.005005055379288641,3.522737721058053,1.87689576723324,False,True,True,True
1,lateral_positive,candidate_80,80,0,22080930,0.0033333333333333335,0.005323990759845423,2.5510389849827497,1.5971972279536268,False,True,True,True
1,lateral_positive,candidate_80,80,1,22080931,0.0033333333333333335,0.00580548166391871,3.0333255615086716,1.741644499175613,False,True,True,True
1,lateral_positive,candidate_80,80,2,22080932,0.0033333333333333335,0.006997547317914094,4.406910161980205,2.099264195374228,False,True,True,True
1,lateral_positive,candidate_80,80,3,22080933,0.0033333333333333335,0.0067055262848692955,4.0467674481365705,2.0116578854607887,False,True,True,True
1,lateral_positive,candidate_80,80,4,22080934,0.0033333333333333335,0.004075345816684893,1.4947599173013946,1.2226037450054676,True,True,True,True
1,lateral_positive,candidate_80,80,5,22080935,0.0033333333333333335,0.006147273674602412,3.4010076267413853,1.8441821023807234,False,True,True,True
1,lateral_positive,candidate_80,80,6,22080936,0.0033333333333333335,0.005656661819832236,2.8798040649552967,1.6969985459496708,False,True,True,True
1,lateral_positive,candidate_80,80,7,22080937,0.0033333333333333335,0.006691242820033298,4.029545742898244,2.0073728460099893,False,True,True,True
1,lateral_positive,candidate_80,80,8,22080938,0.0033333333333333335,0.006227197823830723,3.490019346340987,1.8681593471492166,False,True,True,True
1,lateral_positive,candidate_80,80,9,22080939,0.0033333333333333335,0.0042837603374654915,1.6515542365958213,1.2851281012396474,True,True,True,True
1,lateral_positive,candidate_80,80,10,22080940,0.0033333333333333335,0.009671339114543263,8.418132024164501,2.9014017343629788,False,False,False,True
1,lateral_positive,candidate_80,80,11,22080941,0.0033333333333333335,0.007108985673710945,4.54839095781247,2.132695702113283,False,True,True,True
1,lateral_positive,candidate_80,80,12,22080942,0.0033333333333333335,0.0034907988851808486,1.0967109171101868,1.0472396655542544,True,True,True,True
1,lateral_positive,candidate_80,80,13,22080943,0.0033333333333333335,0.006229440422133707,3.492533517562203,1.8688321266401118,False,True,True,True
1,lateral_positive,candidate_80,80,14,22080944,0.0033333333333333335,0.012022596178369623,13.008853698133304,3.6067788535108867,False,False,False,False
1,lateral_positive,candidate_80,80,15,22080945,0.0033333333333333335,0.0018758026841031255,0.316677213871964,0.5627408052309376,True,True,True,True
1,lateral_positive,candidate_80,80,16,22080946,0.0033333333333333335,0.006007216924836164,3.2477989663834252,1.802165077450849,False,True,True,True
1,lateral_positive,candidate_80,80,17,22080947,0.0033333333333333335,0.0024831862465705804,0.5549592541641558,0.7449558739711741,True,True,True,True
1,lateral_positive,candidate_80,80,18,22080948,0.0033333333333333335,0.007009696577393026,4.422226149640394,2.102908973217908,False,True,True,True
1,lateral_positive,candidate_80,80,19,22080949,0.0033333333333333335,0.0024285628319328963,0.5308125685781335,0.7285688495798688,True,True,True,True
1,lateral_positive,candidate_80,80,20,22080950,0.0033333333333333335,0.009235754248848592,7.676924089061232,2.770726274654577,False,False,True,True
1,lateral_positive,candidate_80,80,21,22080951,0.0033333333333333335,0.00788352714838753,5.593500026942689,2.365058144516259,False,True,True,True
1,lateral_positive,candidate_80,80,22,22080952,0.0033333333333333335,0.005174458062846781,2.4097514619744045,1.552337418854034,False,True,True,True
1,lateral_positive,candidate_80,80,23,22080953,0.0033333333333333335,0.004953291881105502,2.208159041348311,1.4859875643316505,True,True,True,True
1,lateral_positive,candidate_80,80,24,22080954,0.0033333333333333335,0.00498278876108053,2.23453654537954,1.494836628324159,True,True,True,True
1,lateral_positive,candidate_80,80,25,22080955,0.0033333333333333335,0.005506267293608591,2.72870815577973,1.6518801880825773,False,True,True,True
1,lateral_positive,candidate_80,80,26,22080956,0.0033333333333333335,0.011099281283143502,11.087464050210567,3.3297843849430504,False,False,False,True
1,lateral_positive,candidate_80,80,27,22080957,0.0033333333333333335,0.002001704501271728,0.36061388193703475,0.6005113503815184,True,True,True,True
1,lateral_positive,candidate_80,80,28,22080958,0.0033333333333333335,0.0018434487341764617,0.3058472911983119,0.5530346202529385,True,True,True,True
1,lateral_positive,candidate_80,80,29,22080959,0.0033333333333333335,0.0064270137147827856,3.717585476100541,1.9281041144348356,False,True,True,True
1,lateral_positive,candidate_80,80,30,22080960,0.0033333333333333335,0.0015019190406983633,0.2030184724331062,0.450575712209509,True,True,True,True
1,lateral_positive,candidate_80,80,31,22080961,0.0033333333333333335,0.005742005846677146,2.9673568028947064,1.7226017540031435,False,True,True,True
1,lateral_positive,candidate_80,80,32,22080962,0.0033333333333333335,0.006233514959101094,3.4971037870803388,1.870054487730328,False,True,True,True
1,lateral_positive,candidate_80,80,33,22080963,0.0033333333333333335,0.001662408084449739,0.2487240575319465,0.49872242533492167,True,True,True,True
1,lateral_positive,candidate_80,80,34,22080964,0.0033333333333333335,0.005894136101450777,3.126675634418282,1.768240830435233,False,True,True,True
1,lateral_positive,candidate_80,80,35,22080965,0.0033333333333333335,0.0037927688125349887,1.294658573880426,1.1378306437604966,True,True,True,True
1,lateral_positive,candidate_80,80,36,22080966,0.0033333333333333335,0.002957154536099591,0.7870286655336948,0.8871463608298772,True,True,True,True
1,lateral_positive,candidate_80,80,37,22080967,0.0033333333333333335,0.0015523136438740262,0.21687098840617108,0.46569409316220783,True,True,True,True
1,lateral_positive,candidate_80,80,38,22080968,0.0033333333333333335,0.007043778332299189,4.465333187511078,2.1131334996897566,False,True,True,True
1,lateral_positive,candidate_80,80,39,22080969,0.0033333333333333335,0.007739667306964233,5.391220502024187,2.3219001920892697,False,True,True,True
1,lateral_positive,candidate_80,80,40,22080970,0.0033333333333333335,0.0053243618249905296,2.5513945959074826,1.5973085474971587,False,True,True,True
1,lateral_positive,candidate_80,80,41,22080971,0.0033333333333333335,0.006003512411144728,3.2437945143691906,1.8010537233434185,False,True,True,True
1,lateral_positive,candidate_80,80,42,22080972,0.0033333333333333335,0.005161381577349065,2.3975873808298487,1.5484144732047194,False,True,True,True
1,lateral_positive,candidate_80,80,43,22080973,0.0033333333333333335,0.005504653958470317,2.727109368225263,1.651396187541095,False,True,True,True
1,lateral_positive,candidate_80,80,44,22080974,0.0033333333333333335,0.00448893283125431,1.8135466167161551,1.346679849376293,True,True,True,True
1,lateral_positive,candidate_80,80,45,22080975,0.0033333333333333335,0.004044567034841401,1.4722670249393186,1.2133701104524204,True,True,True,True
1,lateral_positive,candidate_80,80,46,22080976,0.0033333333333333335,0.007737072010356095,5.387605496409211,2.3211216031068282,False,True,True,True
1,lateral_positive,candidate_80,80,47,22080977,0.0033333333333333335,0.005016605013277064,2.2649693273312907,1.5049815039831191,True,True,True,True
1,lateral_positive,candidate_80,80,48,22080978,0.0033333333333333335,0.0058282311715826575,3.057145073046698,1.748469351474797,False,True,True,True
1,lateral_positive,candidate_80,80,49,22080979,0.0033333333333333335,0.004820321080298877,2.091194578545635,1.446096324089663,True,True,True,True
1,lateral_positive,candidate_80,80,50,22080980,0.0033333333333333335,0.0026181079032742485,0.6169040093868372,0.7854323709822745,True,True,True,True
1,lateral_positive,candidate_80,80,51,22080981,0.0033333333333333335,0.001491721190331471,0.20027088987155464,0.44751635709944126,True,True,True,True
1,lateral_positive,candidate_80,80,52,22080982,0.0033333333333333335,0.00748294625880515,5.039503624094937,2.244883877641545,False,True,True,True
1,lateral_positive,candidate_80,80,53,22080983,0.0033333333333333335,0.004118803829891893,1.526809049021891,1.2356411489675678,True,True,True,True
1,lateral_positive,candidate_80,80,54,22080984,0.0033333333333333335,0.004670089552366214,1.9628762784408054,1.4010268657098641,True,True,True,True
1,lateral_positive,candidate_80,80,55,22080985,0.0033333333333333335,0.007315332838158185,4.816268507973193,2.1945998514474554,False,True,True,True
1,lateral_positive,candidate_80,80,56,22080986,0.0033333333333333335,0.006934321595911919,4.327633439597737,2.0802964787735756,False,True,True,True
1,lateral_positive,candidate_80,80,57,22080987,0.0033333333333333335,0.001790955375497225,0.2886769041320165,0.5372866126491674,True,True,True,True
1,lateral_positive,candidate_80,80,58,22080988,0.0033333333333333335,0.009067060125149575,7.399042138176966,2.7201180375448724,False,False,True,True
1,lateral_positive,candidate_80,80,59,22080989,0.0033333333333333335,0.007225685628518697,4.698947952196346,2.167705688555609,False,True,True,True
1,lateral_positive,candidate_80,80,60,22080990,0.0033333333333333335,0.00331053041128896,0.9863650443662142,0.9931591233866879,True,True,True,True
1,lateral_positive,candidate_80,80,61,22080991,0.0033333333333333335,0.009503688598249418,8.128808727524637,2.851106579474825,False,False,False,True
1,lateral_positive,candidate_80,80,62,22080992,0.0033333333333333335,0.006288820422456279,3.5594336075312847,1.8866461267368835,False,True,True,True
1,lateral_positive,candidate_80,80,63,22080993,0.0033333333333333335,0.00583694233512492,3.0662906241216197,1.751082700537476,False,True,True,True
1,lateral_positive,candidate_80,80,64,22080994,0.0033333333333333335,0.00300980223369666,0.815301853736886,0.9029406701089979,True,True,True,True
1,lateral_positive,candidate_80,80,65,22080995,0.0033333333333333335,0.006277084835999511,3.5461614634501504,1.8831254507998534,False,True,True,True
1,lateral_positive,candidate_80,80,66,22080996,0.0033333333333333335,0.005117403149995144,2.3569033499622196,1.5352209449985432,True,True,True,True
1,lateral_positive,candidate_80,80,67,22080997,0.0033333333333333335,0.006330780299263396,3.607090127778737,1.8992340897790185,False,True,True,True
1,lateral_positive,candidate_80,80,68,22080998,0.0033333333333333335,0.0050265073605947905,2.2739198621502243,1.5079522081784371,True,True,True,True
1,lateral_positive,candidate_80,80,69,22080999,0.0033333333333333335,0.005646590338587825,2.869558420665003,1.6939771015763474,False,True,True,True
1,lateral_positive,candidate_80,80,70,22081000,0.0033333333333333335,0.0020488115933578396,0.377786605056974,0.6146434780073519,True,True,True,True
1,lateral_positive,candidate_80,80,71,22081001,0.0033333333333333335,0.006160299581150907,3.4154361836575227,1.848089874345272,False,True,True,True
1,lateral_positive,candidate_80,80,72,22081002,0.0033333333333333335,0.005327123411114506,2.554041945351982,1.5981370233343517,False,True,True,True
1,lateral_positive,candidate_80,80,73,22081003,0.0033333333333333335,0.005552903771724776,2.775126626823171,1.6658711315174326,False,True,True,True
1,lateral_positive,candidate_80,80,74,22081004,0.0033333333333333335,0.002971182224556945,0.7945131430370838,0.8913546673670834,True,True,True,True
1,lateral_positive,candidate_80,80,75,22081005,0.0033333333333333335,0.001366482354053401,0.16805466215453915,0.40994470621602025,True,True,True,True
1,lateral_positive,candidate_80,80,76,22081006,0.0033333333333333335,0.0028829944402800805,0.7480491248417267,0.8648983320840241,True,True,True,True
1,lateral_positive,candidate_80,80,77,22081007,0.0033333333333333335,0.0037418967746024453,1.2601612324602163,1.1225690323807336,True,True,True,True
1,lateral_positive,candidate_80,80,78,22081008,0.0033333333333333335,0.0026243463331289186,0.619847430858648,0.7873038999386756,True,True,True,True
1,lateral_positive,candidate_80,80,79,22081009,0.0033333333333333335,0.006543936388443477,3.8540793110395186,1.963180916533043,False,True,True,True
1,lateral_positive,candidate_80,80,80,22081010,0.0033333333333333335,0.004344955726829796,1.6990776241299934,1.3034867180489387,True,True,True,True
1,lateral_positive,candidate_80,80,81,22081011,0.0033333333333333335,0.0055595065023830515,2.781730129503548,1.6678519507149154,False,True,True,True
1,lateral_positive,candidate_80,80,82,22081012,0.0033333333333333335,0.013146300786493413,15.554270193206158,3.943890235948024,False,False,False,False
1,lateral_positive,candidate_80,80,83,22081013,0.0033333333333333335,0.006089839854796688,3.337753451136312,1.8269519564390062,False,True,True,True
1,lateral_positive,candidate_80,80,84,22081014,0.0033333333333333335,0.004755855787213176,2.0356347841892153,1.4267567361639528,True,True,True,True
1,lateral_positive,candidate_80,80,85,22081015,0.0033333333333333335,0.007873708598433934,5.579575838374722,2.36211257953018,False,True,True,True
1,lateral_positive,candidate_80,80,86,22081016,0.0033333333333333335,0.006608174551766356,3.9301173815951223,1.9824523655299067,False,True,True,True
1,lateral_positive,candidate_80,80,87,22081017,0.0033333333333333335,0.004424879503099187,1.7621602755252572,1.327463850929756,True,True,True,True
1,lateral_positive,candidate_80,80,88,22081018,0.0033333333333333335,0.008606048206126699,6.665765915355891,2.5818144618380097,False,False,True,True
1,lateral_positive,candidate_80,80,89,22081019,0.0033333333333333335,0.005932586014315286,3.167601913552439,1.7797758042945857,False,True,True,True
1,lateral_positive,candidate_80,80,90,22081020,0.0033333333333333335,0.00802297502694887,5.793131545474069,2.406892508084661,False,True,True,True
1,lateral_positive,candidate_80,80,91,22081021,0.0033333333333333335,0.00631484293255855,3.5889517136596187,1.8944528797675648,False,True,True,True
1,lateral_positive,candidate_80,80,92,22081022,0.0033333333333333335,0.0031078509800002334,0.8692863942499569,0.93235529400007,True,True,True,True
1,lateral_positive,candidate_80,80,93,22081023,0.0033333333333333335,0.005650430687951321,2.873463026340783,1.695129206385396,False,True,True,True
1,lateral_positive,candidate_80,80,94,22081024,0.0033333333333333335,0.004708891539652189,1.9956293578987163,1.4126674618956565,True,True,True,True
1,lateral_positive,candidate_80,80,95,22081025,0.0033333333333333335,0.0036063789612842934,1.1705372291154579,1.081913688385288,True,True,True,True
1,lateral_positive,candidate_80,80,96,22081026,0.0033333333333333335,0.005548429967019107,2.770656758902408,1.6645289901057319,False,True,True,True
1,lateral_positive,candidate_80,80,97,22081027,0.0033333333333333335,0.005016347690881358,2.2647369740229655,1.5049043072644073,True,True,True,True
1,lateral_positive,candidate_80,80,98,22081028,0.0033333333333333335,0.006119845319431665,3.3707256060392683,1.8359535958294992,False,True,True,True
1,lateral_positive,candidate_80,80,99,22081029,0.0033333333333333335,0.006868093402030741,4.245363628111637,2.0604280206092223,False,True,True,True
1,lateral_positive,candidate_107,107,0,22350930,0.0033333333333333335,0.0013822743004050467,0.17196140174042351,0.414682290121514,True,True,True,True
1,lateral_positive,candidate_107,107,1,22350931,0.0033333333333333335,0.008168713603339624,6.005509374004724,2.4506140810018873,False,True,True,True
1,lateral_positive,candidate_107,107,2,22350932,0.0033333333333333335,0.004645792758421,1.9425051318777298,1.3937378275263,True,True,True,True
1,lateral_positive,candidate_107,107,3,22350933,0.0033333333333333335,0.006297659763419855,3.569446664621767,1.8892979290259564,False,True,True,True
1,lateral_positive,candidate_107,107,4,22350934,0.0033333333333333335,0.005719403456046908,2.9440418303737177,1.7158210368140723,False,True,True,True
1,lateral_positive,candidate_107,107,5,22350935,0.0033333333333333335,0.004493058712985477,1.8168818938501239,1.347917613895643,True,True,True,True
1,lateral_positive,candidate_107,107,6,22350936,0.0033333333333333335,0.006976118070619028,4.37996010016956,2.092835421185708,False,True,True,True
1,lateral_positive,candidate_107,107,7,22350937,0.0033333333333333335,0.006106028398483431,3.355522452277751,1.831808519545029,False,True,True,True
1,lateral_positive,candidate_107,107,8,22350938,0.0033333333333333335,0.006014493509603323,3.255671895935444,1.8043480528809968,False,True,True,True
1,lateral_positive,candidate_107,107,9,22350939,0.0033333333333333335,0.005564809615384327,2.787039544992647,1.669442884615298,False,True,True,True
1,lateral_positive,candidate_107,107,10,22350940,0.0033333333333333335,0.00510813857402132,2.34837717222641,1.532441572206396,True,True,True,True
1,lateral_positive,candidate_107,107,11,22350941,0.0033333333333333335,0.00553793267259071,2.7601828457532913,1.661379801777213,False,True,True,True
1,lateral_positive,candidate_107,107,12,22350942,0.0033333333333333335,0.010252428709212344,9.460106499373333,3.075728612763703,False,False,False,True
1,lateral_positive,candidate_107,107,13,22350943,0.0033333333333333335,0.00298248027671361,0.800566974088712,0.8947440830140829,True,True,True,True
1,lateral_positive,candidate_107,107,14,22350944,0.0033333333333333335,0.0067335971159688795,4.080719710816596,2.020079134790664,False,True,True,True
1,lateral_positive,candidate_107,107,15,22350945,0.0033333333333333335,0.003464878268232175,1.0804843272300835,1.0394634804696525,True,True,True,True
1,lateral_positive,candidate_107,107,16,22350946,0.0033333333333333335,0.005697839485820548,2.9218837325558185,1.7093518457461645,False,True,True,True
1,lateral_positive,candidate_107,107,17,22350947,0.0033333333333333335,0.00910576799582345,7.462350971438633,2.731730398747035,False,False,True,True
1,lateral_positive,candidate_107,107,18,22350948,0.0033333333333333335,0.003375107959683721,1.0252218365568366,1.0125323879051162,True,True,True,True
1,lateral_positive,candidate_107,107,19,22350949,0.0033333333333333335,0.007793450928499539,5.466408963743728,2.3380352785498615,False,True,True,True
1,lateral_positive,candidate_107,107,20,22350950,0.0033333333333333335,0.00541745197831209,2.641390734358582,1.6252355934936271,False,True,True,True
1,lateral_positive,candidate_107,107,21,22350951,0.0033333333333333335,0.009442616325943499,8.02467027710772,2.8327848977830494,False,False,False,True
1,lateral_positive,candidate_107,107,22,22350952,0.0033333333333333335,0.005618596378042108,2.8411762733413104,1.6855789134126322,False,True,True,True
1,lateral_positive,candidate_107,107,23,22350953,0.0033333333333333335,0.0026828872315110383,0.6478095507304467,0.8048661694533115,True,True,True,True
1,lateral_positive,candidate_107,107,24,22350954,0.0033333333333333335,0.0021409085478238583,0.4125140469130735,0.6422725643471574,True,True,True,True
1,lateral_positive,candidate_107,107,25,22350955,0.0033333333333333335,0.004119100421067195,1.5270289450952343,1.2357301263201583,True,True,True,True
1,lateral_positive,candidate_107,107,26,22350956,0.0033333333333333335,0.006907655326897139,4.294413190368937,2.0722965980691415,False,True,True,True
1,lateral_positive,candidate_107,107,27,22350957,0.0033333333333333335,0.001433377685503344,0.18491144303690307,0.43001330565100315,True,True,True,True
1,lateral_positive,candidate_107,107,28,22350958,0.0033333333333333335,0.008464445881582792,6.448215967401949,2.5393337644748373,False,False,True,True
1,lateral_positive,candidate_107,107,29,22350959,0.0033333333333333335,0.007186218185180915,4.647755862452239,2.1558654555542742,False,True,True,True
1,lateral_positive,candidate_107,107,30,22350960,0.0033333333333333335,0.00824927553644336,6.12454921885466,2.474782660933008,False,True,True,True
1,lateral_positive,candidate_107,107,31,22350961,0.0033333333333333335,0.003925454902249264,1.38682765706335,1.177636470674779,True,True,True,True
1,lateral_positive,candidate_107,107,32,22350962,0.0033333333333333335,0.003573962096977426,1.149588456356815,1.0721886290932277,True,True,True,True
1,lateral_positive,candidate_107,107,33,22350963,0.0033333333333333335,0.005345441541089614,2.5716370742285855,1.6036324623268843,False,True,True,True
1,lateral_positive,candidate_107,107,34,22350964,0.0033333333333333335,0.0067980334109437116,4.159193243067628,2.0394100232831134,False,True,True,True
1,lateral_positive,candidate_107,107,35,22350965,0.0033333333333333335,0.007157215356699569,4.610315849595851,2.1471646070098704,False,True,True,True
1,lateral_positive,candidate_107,107,36,22350966,0.0033333333333333335,0.004546996480609219,1.8607659295205359,1.3640989441827658,True,True,True,True
1,lateral_positive,candidate_107,107,37,22350967,0.0033333333333333335,0.0006872823774910898,0.04251213597688243,0.20618471324732693,True,True,True,True
1,lateral_positive,candidate_107,107,38,22350968,0.0033333333333333335,0.004712866764892669,1.9990001829266897,1.4138600294678005,True,True,True,True
1,lateral_positive,candidate_107,107,39,22350969,0.0033333333333333335,0.005782160606106708,3.0090043147331054,1.7346481818320123,False,True,True,True
1,lateral_positive,candidate_107,107,40,22350970,0.0033333333333333335,0.010461868534084692,9.850562390202423,3.1385605602254074,False,False,False,True
1,lateral_positive,candidate_107,107,41,22350971,0.0033333333333333335,0.004785053913103091,2.0607066856172875,1.435516173930927,True,True,True,True
1,lateral_positive,candidate_107,107,42,22350972,0.0033333333333333335,0.003548927413072134,1.133539720492938,1.0646782239216401,True,True,True,True
1,lateral_positive,candidate_107,107,43,22350973,0.0033333333333333335,0.006839067739866306,4.209556279543202,2.0517203219598916,False,True,True,True
1,lateral_positive,candidate_107,107,44,22350974,0.0033333333333333335,0.004045705876524675,1.4730962435411656,1.2137117629574024,True,True,True,True
1,lateral_positive,candidate_107,107,45,22350975,0.0033333333333333335,0.005223252726169497,2.4554132137293374,1.566975817850849,False,True,True,True
1,lateral_positive,candidate_107,107,46,22350976,0.0033333333333333335,0.008024993251025988,5.796046501111137,2.407497975307796,False,True,True,True
1,lateral_positive,candidate_107,107,47,22350977,0.0033333333333333335,0.004388351984329468,1.733186982453154,1.3165055952988403,True,True,True,True
1,lateral_positive,candidate_107,107,48,22350978,0.0033333333333333335,0.006980453249572689,4.385405481252292,2.0941359748718065,False,True,True,True
1,lateral_positive,candidate_107,107,49,22350979,0.0033333333333333335,0.003269910252560667,0.9623081753821227,0.9809730757682,True,True,True,True
1,lateral_positive,candidate_107,107,50,22350980,0.0033333333333333335,0.006062935086466604,3.308326367643702,1.8188805259399812,False,True,True,True
1,lateral_positive,candidate_107,107,51,22350981,0.0033333333333333335,0.006941712319769725,4.336863293739849,2.0825136959309174,False,True,True,True
1,lateral_positive,candidate_107,107,52,22350982,0.0033333333333333335,0.0013736383597728636,0.16981941090955344,0.41209150793185906,True,True,True,True
1,lateral_positive,candidate_107,107,53,22350983,0.0033333333333333335,0.007080751083746557,4.512333231898023,2.124225325123967,False,True,True,True
1,lateral_positive,candidate_107,107,54,22350984,0.0033333333333333335,0.006291588993730044,3.562568285942252,1.8874766981190132,False,True,True,True
1,lateral_positive,candidate_107,107,55,22350985,0.0033333333333333335,0.005960579749823342,3.1975659858603676,1.7881739249470026,False,True,True,True
1,lateral_positive,candidate_107,107,56,22350986,0.0033333333333333335,0.007103983169414853,4.541991918419654,2.131194950824456,False,True,True,True
1,lateral_positive,candidate_107,107,57,22350987,0.0033333333333333335,0.005244225639186082,2.4751712299226996,1.5732676917558244,False,True,True,True
1,lateral_positive,candidate_107,107,58,22350988,0.0033333333333333335,0.012422114059981344,13.887802594726756,3.726634217994403,False,False,False,False
1,lateral_positive,candidate_107,107,59,22350989,0.0033333333333333335,0.005567550316628626,2.789785487537236,1.6702650949885878,False,True,True,True
1,lateral_positive,candidate_107,107,60,22350990,0.0033333333333333335,0.0030115303823572163,0.816238371947454,0.9034591147071649,True,True,True,True
1,lateral_positive,candidate_107,107,61,22350991,0.0033333333333333335,0.008264361949273399,6.14697105857382,2.4793085847820198,False,True,True,True
1,lateral_positive,candidate_107,107,62,22350992,0.0033333333333333335,0.0076538772191839625,5.272365283770889,2.2961631657551886,False,True,True,True
1,lateral_positive,candidate_107,107,63,22350993,0.0033333333333333335,0.005800325638089524,3.0279399757090775,1.740097691426857,False,True,True,True
1,lateral_positive,candidate_107,107,64,22350994,0.0033333333333333335,0.005096288152242222,2.3374937637615996,1.5288864456726665,True,True,True,True
1,lateral_positive,candidate_107,107,65,22350995,0.0033333333333333335,0.0059435957214595,3.17936970901365,1.7830787164378499,False,True,True,True
1,lateral_positive,candidate_107,107,66,22350996,0.0033333333333333335,0.006968735087262545,4.3706941844799685,2.090620526178763,False,True,True,True
1,lateral_positive,candidate_107,107,67,22350997,0.0033333333333333335,0.009679639782991942,8.432588369563225,2.9038919348975827,False,False,False,True
1,lateral_positive,candidate_107,107,68,22350998,0.0033333333333333335,0.006513352022166332,3.818137910819242,1.9540056066498994,False,True,True,True
1,lateral_positive,candidate_107,107,69,22350999,0.0033333333333333335,0.007163870433263095,4.618893562612303,2.1491611299789284,False,True,True,True
1,lateral_positive,candidate_107,107,70,22351000,0.0033333333333333335,0.002538471935336485,0.5799455789841862,0.7615415806009455,True,True,True,True
1,lateral_positive,candidate_107,107,71,22351001,0.0033333333333333335,0.0075079128662707065,5.073188004676188,2.252373859881212,False,True,True,True
1,lateral_positive,candidate_107,107,72,22351002,0.0033333333333333335,0.005257885672538637,2.4880825570938363,1.577365701761591,False,True,True,True
1,lateral_positive,candidate_107,107,73,22351003,0.0033333333333333335,0.004960702610761459,2.2147713353173994,1.4882107832284375,True,True,True,True
1,lateral_positive,candidate_107,107,74,22351004,0.0033333333333333335,0.0030765218481995215,0.8518488014204098,0.9229565544598564,True,True,True,True
1,lateral_positive,candidate_107,107,75,22351005,0.0033333333333333335,0.0035069917078693383,1.1069091755157867,1.0520975123608014,True,True,True,True
1,lateral_positive,candidate_107,107,76,22351006,0.0033333333333333335,0.006420889985873948,3.7105045389626707,1.9262669957621843,False,True,True,True
1,lateral_positive,candidate_107,107,77,22351007,0.0033333333333333335,0.005306265475403133,2.5340807965909704,1.5918796426209398,False,True,True,True
1,lateral_positive,candidate_107,107,78,22351008,0.0033333333333333335,0.01025017168099903,9.455941754095901,3.075051504299709,False,False,False,True
1,lateral_positive,candidate_107,107,79,22351009,0.0033333333333333335,0.002664255449974025,0.6388431392444663,0.7992766349922075,True,True,True,True
1,lateral_positive,candidate_107,107,80,22351010,0.0033333333333333335,0.004758459672309834,2.037864460769911,1.4275379016929501,True,True,True,True
1,lateral_positive,candidate_107,107,81,22351011,0.0033333333333333335,0.005503966728146966,2.726428477009393,1.6511900184440897,False,True,True,True
1,lateral_positive,candidate_107,107,82,22351012,0.0033333333333333335,0.0020366888205423325,0.3733291216549905,0.6110066461626997,True,True,True,True
1,lateral_positive,candidate_107,107,83,22351013,0.0033333333333333335,0.004187334492621632,1.578039313778897,1.2562003477864896,True,True,True,True
1,lateral_positive,candidate_107,107,84,22351014,0.0033333333333333335,0.006303333523091617,3.5758812152997517,1.891000056927485,False,True,True,True
1,lateral_positive,candidate_107,107,85,22351015,0.0033333333333333335,0.004255534105204651,1.6298613468503949,1.276660231561395,True,True,True,True
1,lateral_positive,candidate_107,107,86,22351016,0.0033333333333333335,0.0038782270174963014,1.3536580319314429,1.1634681052488904,True,True,True,True
1,lateral_positive,candidate_107,107,87,22351017,0.0033333333333333335,0.005725017903297152,2.949824699376562,1.7175053709891455,False,True,True,True
1,lateral_positive,candidate_107,107,88,22351018,0.0033333333333333335,0.00438443318519964,1.7300928919931873,1.315329955559892,True,True,True,True
1,lateral_positive,candidate_107,107,89,22351019,0.0033333333333333335,0.007415611123167463,4.949215949704049,2.224683336950239,False,True,True,True
1,lateral_positive,candidate_107,107,90,22351020,0.0033333333333333335,0.005313370728178936,2.540871764556188,1.5940112184536808,False,True,True,True
1,lateral_positive,candidate_107,107,91,22351021,0.0033333333333333335,0.006212235643573645,3.4732684522158164,1.8636706930720934,False,True,True,True
1,lateral_positive,candidate_107,107,92,22351022,0.0033333333333333335,0.0030550227909691215,0.8399847828006682,0.9165068372907363,True,True,True,True
1,lateral_positive,candidate_107,107,93,22351023,0.0033333333333333335,0.004090176415560338,1.5056588799365411,1.2270529246681012,True,True,True,True
1,lateral_positive,candidate_107,107,94,22351024,0.0033333333333333335,0.003380671118096251,1.028604348785714,1.0142013354288753,True,True,True,True
1,lateral_positive,candidate_107,107,95,22351025,0.0033333333333333335,0.004287562106492512,1.6544869935327453,1.2862686319477534,True,True,True,True
1,lateral_positive,candidate_107,107,96,22351026,0.0033333333333333335,0.0072281210421025555,4.702116041935715,2.1684363126307664,False,True,True,True
1,lateral_positive,candidate_107,107,97,22351027,0.0033333333333333335,0.011133820101912857,11.156575505558292,3.340146030573857,False,False,False,True
1,lateral_positive,candidate_107,107,98,22351028,0.0033333333333333335,0.0018652502286719468,0.31312425740046745,0.559575068601584,True,True,True,True
1,lateral_positive,candidate_107,107,99,22351029,0.0033333333333333335,0.006028991321784096,3.271386272233314,1.8086973965352287,False,True,True,True
2,lateral_negative,initial,-1,0,22270930,0.002,0.0016219561073274233,0.6576854035241821,0.8109780536637117,True,True,True,True
2,lateral_negative,initial,-1,1,22270931,0.002,0.0021378719074017513,1.1426240731144006,1.0689359537008756,True,True,True,True
2,lateral_negative,initial,-1,2,22270932,0.002,0.004694230871006772,5.508950867578249,2.347115435503386,False,True,True,True
2,lateral_negative,initial,-1,3,22270933,0.002,0.0018348465466720956,0.8416654624586287,0.9174232733360478,True,True,True,True
2,lateral_negative,initial,-1,4,22270934,0.002,0.0013319882330850726,0.4435481632692735,0.6659941165425363,True,True,True,True
2,lateral_negative,initial,-1,5,22270935,0.002,0.003656688840918934,3.342843319825264,1.8283444204594668,False,True,True,True
2,lateral_negative,initial,-1,6,22270936,0.002,0.003623398600726687,3.282254354937028,1.8116993003633435,False,True,True,True
2,lateral_negative,initial,-1,7,22270937,0.002,0.0035021001204996087,3.0661763135008435,1.7510500602498043,False,True,True,True
2,lateral_negative,initial,-1,8,22270938,0.002,0.003940508406939103,3.8819016262894364,1.9702542034695514,False,True,True,True
2,lateral_negative,initial,-1,9,22270939,0.002,0.002205951281163631,1.2165552637168662,1.1029756405818154,True,True,True,True
2,lateral_negative,initial,-1,10,22270940,0.002,0.0033980755723905212,2.886729398919292,1.6990377861952606,False,True,True,True
2,lateral_negative,initial,-1,11,22270941,0.002,0.0037673270456297374,3.5481882671833214,1.8836635228148686,False,True,True,True
2,lateral_negative,initial,-1,12,22270942,0.002,0.005560086294891979,7.728639901661405,2.7800431474459897,False,False,True,True
2,lateral_negative,initial,-1,13,22270943,0.002,0.0035543391230700057,3.1583316504465144,1.7771695615350027,False,True,True,True
2,lateral_negative,initial,-1,14,22270944,0.002,0.0015463397898098235,0.5977916863872723,0.7731698949049117,True,True,True,True
2,lateral_negative,initial,-1,15,22270945,0.002,0.0026890836714737977,1.80779274804675,1.3445418357368988,True,True,True,True
2,lateral_negative,initial,-1,16,22270946,0.002,0.002608506494674318,1.7010765331895246,1.304253247337159,True,True,True,True
2,lateral_negative,initial,-1,17,22270947,0.002,0.001184137868209436,0.35054562273189693,0.592068934104718,True,True,True,True
2,lateral_negative,initial,-1,18,22270948,0.002,0.0022533049926640567,1.2693458474911912,1.1266524963320284,True,True,True,True
2,lateral_negative,initial,-1,19,22270949,0.002,0.003762839988804016,3.539741195335652,1.881419994402008,False,True,True,True
2,lateral_negative,initial,-1,20,22270950,0.002,0.002347752818202877,1.3779858238448877,1.1738764091014384,True,True,True,True
2,lateral_negative,initial,-1,21,22270951,0.002,0.003624452714720602,3.2841643703113856,1.812226357360301,False,True,True,True
2,lateral_negative,initial,-1,22,22270952,0.002,0.001260110993449945,0.39696992895335187,0.6300554967249725,True,True,True,True
2,lateral_negative,initial,-1,23,22270953,0.002,0.002583420305588704,1.6685151188320084,1.291710152794352,True,True,True,True
2,lateral_negative,initial,-1,24,22270954,0.002,0.001747241680768297,0.763213372753506,0.8736208403841486,True,True,True,True
2,lateral_negative,initial,-1,25,22270955,0.002,0.0023560683142179357,1.3877644753154366,1.1780341571089679,True,True,True,True
2,lateral_negative,initial,-1,26,22270956,0.002,0.0032780102009307556,2.686337719351523,1.6390051004653778,False,True,True,True
2,lateral_negative,initial,-1,27,22270957,0.002,0.0028363101315852946,2.011163790633348,1.4181550657926474,True,True,True,True
2,lateral_negative,initial,-1,28,22270958,0.002,0.005227343542143173,6.831280126896484,2.6136717710715867,False,False,True,True
2,lateral_negative,initial,-1,29,22270959,0.002,0.0028961121945788064,2.0968664608970173,1.4480560972894032,True,True,True,True
2,lateral_negative,initial,-1,30,22270960,0.002,0.002680520301566664,1.7962972717777599,1.340260150783332,True,True,True,True
2,lateral_negative,initial,-1,31,22270961,0.002,0.0039358309077965606,3.8726912336916746,1.9679154538982802,False,True,True,True
2,lateral_negative,initial,-1,32,22270962,0.002,0.0047590743467106076,5.662197159379749,2.379537173355304,False,True,True,True
2,lateral_negative,initial,-1,33,22270963,0.002,0.002460939083317365,1.514055292949728,1.2304695416586824,True,True,True,True
2,lateral_negative,initial,-1,34,22270964,0.002,0.0014109070133105624,0.4976646500522328,0.7054535066552812,True,True,True,True
2,lateral_negative,initial,-1,35,22270965,0.002,0.001684785522381599,0.7096255641066594,0.8423927611907994,True,True,True,True
2,lateral_negative,initial,-1,36,22270966,0.002,0.002976738965589759,2.2152437173150967,1.4883694827948795,True,True,True,True
2,lateral_negative,initial,-1,37,22270967,0.002,0.007068063747993459,12.489381286424836,3.5340318739967294,False,False,False,False
2,lateral_negative,initial,-1,38,22270968,0.002,0.005897940634664151,8.696425932505644,2.9489703173320754,False,False,False,True
2,lateral_negative,initial,-1,39,22270969,0.002,0.0033803796198627056,2.8567415935957827,1.6901898099313528,False,True,True,True
2,lateral_negative,initial,-1,40,22270970,0.002,0.0011181424285634277,0.31256062263843004,0.5590712142817138,True,True,True,True
2,lateral_negative,initial,-1,41,22270971,0.002,0.0024395989765323223,1.4879107915743885,1.2197994882661611,True,True,True,True
2,lateral_negative,initial,-1,42,22270972,0.002,0.0038767290925452655,3.7572571142467095,1.9383645462726327,False,True,True,True
2,lateral_negative,initial,-1,43,22270973,0.002,0.002922734803331952,2.135594682651966,1.461367401665976,True,True,True,True
2,lateral_negative,initial,-1,44,22270974,0.002,0.0024124707704046336,1.4550038045141818,1.2062353852023169,True,True,True,True
2,lateral_negative,initial,-1,45,22270975,0.002,0.003334948511838128,2.7804703941528364,1.667474255919064,False,True,True,True
2,lateral_negative,initial,-1,46,22270976,0.002,0.0009922853299371192,0.24615754400210438,0.4961426649685596,True,True,True,True
2,lateral_negative,initial,-1,47,22270977,0.002,0.002298366593694511,1.3206222497527276,1.1491832968472555,True,True,True,True
2,lateral_negative,initial,-1,48,22270978,0.002,0.0022306774175968568,1.2439804353441455,1.1153387087984283,True,True,True,True
2,lateral_negative,initial,-1,49,22270979,0.002,0.0023119461521294306,1.33627375258652,1.1559730760647153,True,True,True,True
2,lateral_negative,initial,-1,50,22270980,0.002,0.002027163162108383,1.0273476214523145,1.0135815810541915,True,True,True,True
2,lateral_negative,initial,-1,51,22270981,0.002,0.003633455034873411,3.300498872611735,1.8167275174367055,False,True,True,True
2,lateral_negative,initial,-1,52,22270982,0.002,0.002701840425412478,1.8249854210982699,1.350920212706239,True,True,True,True
2,lateral_negative,initial,-1,53,22270983,0.002,0.0022830066989586516,1.3030298968725198,1.1415033494793259,True,True,True,True
2,lateral_negative,initial,-1,54,22270984,0.002,0.004970984656454213,6.177672113675804,2.4854923282271066,False,True,True,True
2,lateral_negative,initial,-1,55,22270985,0.002,0.002878706115172766,2.0717372243832695,1.4393530575863829,True,True,True,True
2,lateral_negative,initial,-1,56,22270986,0.002,0.0027596373703206788,1.903899603917608,1.3798186851603393,True,True,True,True
2,lateral_negative,initial,-1,57,22270987,0.002,0.004250245202545598,4.516146070440468,2.125122601272799,False,True,True,True
2,lateral_negative,initial,-1,58,22270988,0.002,0.0033936585375282536,2.8792295673346016,1.6968292687641267,False,True,True,True
2,lateral_negative,initial,-1,59,22270989,0.002,0.0023582350077174913,1.3903180879060792,1.1791175038587456,True,True,True,True
2,lateral_negative,initial,-1,60,22270990,0.002,0.005625984706132535,7.912925978409296,2.8129923530662673,False,False,False,True
2,lateral_negative,initial,-1,61,22270991,0.002,0.0025646121670264447,1.6443088918150193,1.2823060835132223,True,True,True,True
2,lateral_negative,initial,-1,62,22270992,0.002,0.0029566580664555724,2.185456730484201,1.478329033227786,True,True,True,True
2,lateral_negative,initial,-1,63,22270993,0.002,0.0030593146731153925,2.3398515672847853,1.5296573365576962,True,True,True,True
2,lateral_negative,initial,-1,64,22270994,0.002,0.0035576835221469063,3.1642780109389044,1.778841761073453,False,True,True,True
2,lateral_negative,initial,-1,65,22270995,0.002,0.004222119914015214,4.45657414208096,2.111059957007607,False,True,True,True
2,lateral_negative,initial,-1,66,22270996,0.002,0.005618084724160229,7.890718991960629,2.8090423620801146,False,False,False,True
2,lateral_negative,initial,-1,67,22270997,0.002,0.004781562652798382,5.715835350659075,2.390781326399191,False,True,True,True
2,lateral_negative,initial,-1,68,22270998,0.002,0.0036193786268935556,3.2749754112034704,1.8096893134467777,False,True,True,True
2,lateral_negative,initial,-1,69,22270999,0.002,0.0012051254810773492,0.3630818562854781,0.6025627405386746,True,True,True,True
2,lateral_negative,initial,-1,70,22271000,0.002,0.0036119932734777695,3.261623851912163,1.8059966367388847,False,True,True,True
2,lateral_negative,initial,-1,71,22271001,0.002,0.004966435654919461,6.166370778613824,2.4832178274597303,False,True,True,True
2,lateral_negative,initial,-1,72,22271002,0.002,0.0038292503855551175,3.6657896288185046,1.9146251927775588,False,True,True,True
2,lateral_negative,initial,-1,73,22271003,0.002,0.0038094325167924107,3.62794402499884,1.9047162583962054,False,True,True,True
2,lateral_negative,initial,-1,74,22271004,0.002,0.002019000413370404,1.0190906672974653,1.009500206685202,True,True,True,True
2,lateral_negative,initial,-1,75,22271005,0.002,0.0019736312826903377,0.9738051100034769,0.9868156413451689,True,True,True,True
2,lateral_negative,initial,-1,76,22271006,0.002,0.0017670488197509002,0.7806153828457624,0.8835244098754501,True,True,True,True
2,lateral_negative,initial,-1,77,22271007,0.002,0.0030867828317150494,2.3820570625426947,1.5433914158575246,False,True,True,True
2,lateral_negative,initial,-1,78,22271008,0.002,0.001678814046785026,0.704604150920679,0.8394070233925129,True,True,True,True
2,lateral_negative,initial,-1,79,22271009,0.002,0.005179558293809899,6.706956029743728,2.5897791469049496,False,False,True,True
2,lateral_negative,initial,-1,80,22271010,0.002,0.0017642939172026295,0.7781832565695497,0.8821469586013148,True,True,True,True
2,lateral_negative,initial,-1,81,22271011,0.002,0.002413626076839247,1.4563977096996037,1.2068130384196236,True,True,True,True
2,lateral_negative,initial,-1,82,22271012,0.002,0.0025768695690437334,1.6600641939659093,1.2884347845218667,True,True,True,True
2,lateral_negative,initial,-1,83,22271013,0.002,0.002305214829577996,1.3285038526265773,1.152607414788998,True,True,True,True
2,lateral_negative,initial,-1,84,22271014,0.002,0.002607492566724143,1.6997543713804153,1.3037462833620717,True,True,True,True
2,lateral_negative,initial,-1,85,22271015,0.002,0.0035190936078944492,3.0960049552808933,1.7595468039472246,False,True,True,True
2,lateral_negative,initial,-1,86,22271016,0.002,0.0023726301813237773,1.4073434943321252,1.1863150906618887,True,True,True,True
2,lateral_negative,initial,-1,87,22271017,0.002,0.0019889655841145255,0.988996023698009,0.9944827920572628,True,True,True,True
2,lateral_negative,initial,-1,88,22271018,0.002,0.00406500001135942,4.1310562730880225,2.0325000056797102,False,True,True,True
2,lateral_negative,initial,-1,89,22271019,0.002,0.004242884824594257,4.50051790869306,2.1214424122971285,False,True,True,True
2,lateral_negative,initial,-1,90,22271020,0.002,0.003780842832651874,3.5736931313037616,1.890421416325937,False,True,True,True
2,lateral_negative,initial,-1,91,22271021,0.002,0.0031065761635643164,2.4127038650064967,1.5532880817821582,False,True,True,True
2,lateral_negative,initial,-1,92,22271022,0.002,0.003192120063300807,2.5474076246318873,1.5960600316504034,False,True,True,True
2,lateral_negative,initial,-1,93,22271023,0.002,0.0027049894826849507,1.8292420253590493,1.3524947413424753,True,True,True,True
2,lateral_negative,initial,-1,94,22271024,0.002,0.004225630046068237,4.463987321558664,2.1128150230341185,False,True,True,True
2,lateral_negative,initial,-1,95,22271025,0.002,0.0050337195623763,6.334583158162462,2.51685978118815,False,False,True,True
2,lateral_negative,initial,-1,96,22271026,0.002,0.005628243528574878,7.919281304236249,2.814121764287439,False,False,False,True
2,lateral_negative,initial,-1,97,22271027,0.002,0.002924582069043367,2.138295069642496,1.4622910345216835,True,True,True,True
2,lateral_negative,initial,-1,98,22271028,0.002,0.004002391963814125,4.004785358000972,2.0011959819070624,False,True,True,True
2,lateral_negative,initial,-1,99,22271029,0.002,0.003813836939561514,3.6363380503909837,1.9069184697807569,False,True,True,True
2,lateral_negative,candidate_0,0,0,22280930,0.002,0.003182781759760088,2.5325249325653814,1.591390879880044,False,True,True,True
2,lateral_negative,candidate_0,0,1,22280931,0.002,0.0026184106717631185,1.7140186115007463,1.3092053358815592,True,True,True,True
2,lateral_negative,candidate_0,0,2,22280932,0.002,0.0015791281640937002,0.6234114396584851,0.78956408204685,True,True,True,True
2,lateral_negative,candidate_0,0,3,22280933,0.002,0.0026439975300848093,1.7476807347736432,1.3219987650424045,True,True,True,True
2,lateral_negative,candidate_0,0,4,22280934,0.002,0.003098369150318221,2.399972847910914,1.5491845751591105,False,True,True,True
2,lateral_negative,candidate_0,0,5,22280935,0.002,0.0031738656001227238,2.518355711910594,1.5869328000613618,False,True,True,True
2,lateral_negative,candidate_0,0,6,22280936,0.002,0.0026095501409822614,1.7024379845751352,1.3047750704911307,True,True,True,True
2,lateral_negative,candidate_0,0,7,22280937,0.002,0.003402705457179467,2.894601107079731,1.7013527285897334,False,True,True,True
2,lateral_negative,candidate_0,0,8,22280938,0.002,0.0037888625219063606,3.588869802476657,1.8944312609531804,False,True,True,True
2,lateral_negative,candidate_0,0,9,22280939,0.002,0.003108850752873161,2.4162382509100055,1.5544253764365805,False,True,True,True
2,lateral_negative,candidate_0,0,10,22280940,0.002,0.003236867147937982,2.6193272333500413,1.6184335739689908,False,True,True,True
2,lateral_negative,candidate_0,0,11,22280941,0.002,0.0030312415526963983,2.2971063376983176,1.515620776348199,True,True,True,True
2,lateral_negative,candidate_0,0,12,22280942,0.002,0.002767535826562887,1.9148136378272804,1.3837679132814433,True,True,True,True
2,lateral_negative,candidate_0,0,13,22280943,0.002,0.001294316777078952,0.4188139798570114,0.6471583885394759,True,True,True,True
2,lateral_negative,candidate_0,0,14,22280944,0.002,0.004229452160702155,4.4720663949170305,2.1147260803510775,False,True,True,True
2,lateral_negative,candidate_0,0,15,22280945,0.002,0.0021954091601671154,1.2049553451364199,1.0977045800835576,True,True,True,True
2,lateral_negative,candidate_0,0,16,22280946,0.002,0.002788615361104953,1.9440939080476272,1.3943076805524766,True,True,True,True
2,lateral_negative,candidate_0,0,17,22280947,0.002,0.0034378451278791133,2.9546947808205393,1.7189225639395567,False,True,True,True
2,lateral_negative,candidate_0,0,18,22280948,0.002,0.004682972673583719,5.482558265382961,2.3414863367918595,False,True,True,True
2,lateral_negative,candidate_0,0,19,22280949,0.002,0.0028316504484639524,2.004561065571526,1.4158252242319762,True,True,True,True
2,lateral_negative,candidate_0,0,20,22280950,0.002,0.0017755211865799795,0.7881188709985947,0.8877605932899897,True,True,True,True
2,lateral_negative,candidate_0,0,21,22280951,0.002,0.0025569987431332372,1.6345606430962387,1.2784993715666186,True,True,True,True
2,lateral_negative,candidate_0,0,22,22280952,0.002,0.001745796623743456,0.7619514628685126,0.872898311871728,True,True,True,True
2,lateral_negative,candidate_0,0,23,22280953,0.002,0.0012257205685003126,0.3755977280111824,0.6128602842501563,True,True,True,True
2,lateral_negative,candidate_0,0,24,22280954,0.002,0.004063219055736504,4.127437273725062,2.0316095278682518,False,True,True,True
2,lateral_negative,candidate_0,0,25,22280955,0.002,0.004987663020512152,6.2191956015461,2.4938315102560757,False,True,True,True
2,lateral_negative,candidate_0,0,26,22280956,0.002,0.003382495293196762,2.8603186021245626,1.691247646598381,False,True,True,True
2,lateral_negative,candidate_0,0,27,22280957,0.002,0.0033700536775770006,2.8393154474375666,1.6850268387885003,False,True,True,True
2,lateral_negative,candidate_0,0,28,22280958,0.002,0.00362825750624714,3.2910631329096787,1.81412875312357,False,True,True,True
2,lateral_negative,candidate_0,0,29,22280959,0.002,0.0027812253500103107,1.9338036118849937,1.3906126750051553,True,True,True,True
2,lateral_negative,candidate_0,0,30,22280960,0.002,0.0038004885972634044,3.61092839448229,1.900244298631702,False,True,True,True
2,lateral_negative,candidate_0,0,31,22280961,0.002,0.004878453366581832,5.9498268124784035,2.439226683290916,False,True,True,True
2,lateral_negative,candidate_0,0,32,22280962,0.002,0.002123997134329752,1.1278409566602496,1.061998567164876,True,True,True,True
2,lateral_negative,candidate_0,0,33,22280963,0.002,0.0023437068351947732,1.373240432334675,1.1718534175973867,True,True,True,True
2,lateral_negative,candidate_0,0,34,22280964,0.002,0.0040665796541969465,4.13426752098214,2.033289827098473,False,True,True,True
2,lateral_negative,candidate_0,0,35,22280965,0.002,0.0027193834668511664,1.8487616099458672,1.3596917334255831,True,True,True,True
2,lateral_negative,candidate_0,0,36,22280966,0.002,0.0033244188454140777,2.7629401649360674,1.6622094227070388,False,True,True,True
2,lateral_negative,candidate_0,0,37,22280967,0.002,0.004675867243598848,5.465933619940172,2.337933621799424,False,True,True,True
2,lateral_negative,candidate_0,0,38,22280968,0.002,0.002174415203545012,1.182020369351924,1.0872076017725059,True,True,True,True
2,lateral_negative,candidate_0,0,39,22280969,0.002,0.004997775384841201,6.244439699331154,2.4988876924206003,False,True,True,True
2,lateral_negative,candidate_0,0,40,22280970,0.002,0.0028745895825480765,2.065816317023481,1.4372947912740381,True,True,True,True
2,lateral_negative,candidate_0,0,41,22280971,0.002,0.0024223647475745524,1.4669627425729812,1.2111823737872762,True,True,True,True
2,lateral_negative,candidate_0,0,42,22280972,0.002,0.005052356459854749,6.381576449359003,2.5261782299273743,False,False,True,True
2,lateral_negative,candidate_0,0,43,22280973,0.002,0.00237994626103631,1.4160360513551782,1.1899731305181551,True,True,True,True
2,lateral_negative,candidate_0,0,44,22280974,0.002,0.003707289318521559,3.435998522806011,1.8536446592607794,False,True,True,True
2,lateral_negative,candidate_0,0,45,22280975,0.002,0.004009384438669962,4.018790894262212,2.0046922193349808,False,True,True,True
2,lateral_negative,candidate_0,0,46,22280976,0.002,0.004004867290592864,4.009740503815157,2.0024336452964318,False,True,True,True
2,lateral_negative,candidate_0,0,47,22280977,0.002,0.0028983697801191707,2.100136845577013,1.4491848900595854,True,True,True,True
2,lateral_negative,candidate_0,0,48,22280978,0.002,0.004596255062657583,5.281390150251365,2.298127531328791,False,True,True,True
2,lateral_negative,candidate_0,0,49,22280979,0.002,0.0012291964777649553,0.3777309952374431,0.6145982388824777,True,True,True,True
2,lateral_negative,candidate_0,0,50,22280980,0.002,0.004366328184083077,4.766205452779555,2.1831640920415385,False,True,True,True
2,lateral_negative,candidate_0,0,51,22280981,0.002,0.0029580217084075548,2.1874731068525874,1.4790108542037774,True,True,True,True
2,lateral_negative,candidate_0,0,52,22280982,0.002,0.0038075929648481205,3.624441046490225,1.9037964824240603,False,True,True,True
2,lateral_negative,candidate_0,0,53,22280983,0.002,0.004453053104778513,4.95742048849439,2.226526552389257,False,True,True,True
2,lateral_negative,candidate_0,0,54,22280984,0.002,0.0034094681028904988,2.906118186156934,1.7047340514452494,False,True,True,True
2,lateral_negative,candidate_0,0,55,22280985,0.002,0.0023933584245847163,1.432041137132659,1.1966792122923582,True,True,True,True
2,lateral_negative,candidate_0,0,56,22280986,0.002,0.002393824348019158,1.4325987522923367,1.196912174009579,True,True,True,True
2,lateral_negative,candidate_0,0,57,22280987,0.002,0.0021839596183525958,1.192419903648704,1.0919798091762978,True,True,True,True
2,lateral_negative,candidate_0,0,58,22280988,0.002,0.0010346804686393362,0.2676409180459291,0.517340234319668,True,True,True,True
2,lateral_negative,candidate_0,0,59,22280989,0.002,0.002632234058587441,1.7321640347969283,1.3161170292937205,True,True,True,True
2,lateral_negative,candidate_0,0,60,22280990,0.002,0.0024246051974320007,1.4696775908535678,1.2123025987160003,True,True,True,True
2,lateral_negative,candidate_0,0,61,22280991,0.002,0.0031474155316408435,2.4765561322035032,1.5737077658204217,False,True,True,True
2,lateral_negative,candidate_0,0,62,22280992,0.002,0.0035575455559241536,3.164032595618924,1.7787727779620768,False,True,True,True
2,lateral_negative,candidate_0,0,63,22280993,0.002,0.003102942908864668,2.407063673918382,1.551471454432334,False,True,True,True
2,lateral_negative,candidate_0,0,64,22280994,0.002,0.003380016944689503,2.8561286365970404,1.6900084723447515,False,True,True,True
2,lateral_negative,candidate_0,0,65,22280995,0.002,0.0016561100779675752,0.685675147586442,0.8280550389837876,True,True,True,True
2,lateral_negative,candidate_0,0,66,22280996,0.002,0.0027216405780417243,1.851831859010823,1.360820289020862,True,True,True,True
2,lateral_negative,candidate_0,0,67,22280997,0.002,0.002302107764278663,1.3249250395880263,1.1510538821393317,True,True,True,True
2,lateral_negative,candidate_0,0,68,22280998,0.002,0.00566511824336654,8.0233911778311,2.83255912168327,False,False,False,True
2,lateral_negative,candidate_0,0,69,22280999,0.002,0.0053586287161098475,7.178725429279268,2.6793143580549237,False,False,True,True
2,lateral_negative,candidate_0,0,70,22281000,0.002,0.003234265604536011,2.6151185001711728,1.6171328022680056,False,True,True,True
2,lateral_negative,candidate_0,0,71,22281001,0.002,0.00311527656115276,2.4262370131169417,1.55763828057638,False,True,True,True
2,lateral_negative,candidate_0,0,72,22281002,0.002,0.00313889212986079,2.4631609507255017,1.569446064930395,False,True,True,True
2,lateral_negative,candidate_0,0,73,22281003,0.002,0.003210035113310086,2.5760813571709242,1.605017556655043,False,True,True,True
2,lateral_negative,candidate_0,0,74,22281004,0.002,0.0027673944506572783,1.9146180113821747,1.383697225328639,True,True,True,True
2,lateral_negative,candidate_0,0,75,22281005,0.002,0.003948556565354161,3.897774737450362,1.9742782826770804,False,True,True,True
2,lateral_negative,candidate_0,0,76,22281006,0.002,0.003196686902620861,2.554701788346939,1.5983434513104304,False,True,True,True
2,lateral_negative,candidate_0,0,77,22281007,0.002,0.0030298680215550115,2.2950250570104203,1.5149340107775058,True,True,True,True
2,lateral_negative,candidate_0,0,78,22281008,0.002,0.003956163605816461,3.9128076189966756,1.9780818029082303,False,True,True,True
2,lateral_negative,candidate_0,0,79,22281009,0.002,0.0034790503340722378,3.0259478067520376,1.739525167036119,False,True,True,True
2,lateral_negative,candidate_0,0,80,22281010,0.002,0.00444094070317421,4.930488582277362,2.220470351587105,False,True,True,True
2,lateral_negative,candidate_0,0,81,22281011,0.002,0.0043132322788103005,4.6509931727427745,2.15661613940515,False,True,True,True
2,lateral_negative,candidate_0,0,82,22281012,0.002,0.0029848738642754185,2.227367996408617,1.4924369321377091,True,True,True,True
2,lateral_negative,candidate_0,0,83,22281013,0.002,0.0015968114626305162,0.6374517117970521,0.798405731315258,True,True,True,True
2,lateral_negative,candidate_0,0,84,22281014,0.002,0.00522959993876702,6.837178879888007,2.61479996938351,False,False,True,True
2,lateral_negative,candidate_0,0,85,22281015,0.002,0.0024662235025723405,1.520564591160046,1.2331117512861702,True,True,True,True
2,lateral_negative,candidate_0,0,86,22281016,0.002,0.002316326646356082,1.3413422831548034,1.158163323178041,True,True,True,True
2,lateral_negative,candidate_0,0,87,22281017,0.002,0.0017143450919944129,0.7347447736113331,0.8571725459972064,True,True,True,True
2,lateral_negative,candidate_0,0,88,22281018,0.002,0.00246778032646823,1.5224849349259113,1.233890163234115,True,True,True,True
2,lateral_negative,candidate_0,0,89,22281019,0.002,0.0048140380687933665,5.793740631947942,2.4070190343966833,False,True,True,True
2,lateral_negative,candidate_0,0,90,22281020,0.002,0.00583262279534235,8.504872168186804,2.916311397671175,False,False,False,True
2,lateral_negative,candidate_0,0,91,22281021,0.002,0.003656469497251086,3.3424422960819027,1.828234748625543,False,True,True,True
2,lateral_negative,candidate_0,0,92,22281022,0.002,0.0030677781153120418,2.352815641196876,1.533889057656021,True,True,True,True
2,lateral_negative,candidate_0,0,93,22281023,0.002,0.0020151124659475743,1.0151695626043284,1.007556232973787,True,True,True,True
2,lateral_negative,candidate_0,0,94,22281024,0.002,0.003078415881888743,2.369161085466212,1.5392079409443715,False,True,True,True
2,lateral_negative,candidate_0,0,95,22281025,0.002,0.004930353115907652,6.077095461885073,2.465176557953826,False,True,True,True
2,lateral_negative,candidate_0,0,96,22281026,0.002,0.001661914267892156,0.6904897584558801,0.830957133946078,True,True,True,True
2,lateral_negative,candidate_0,0,97,22281027,0.002,0.0034801315054860185,3.0278288238690956,1.7400657527430092,False,True,True,True
2,lateral_negative,candidate_0,0,98,22281028,0.002,0.003924528473155267,3.8504809341516024,1.9622642365776333,False,True,True,True
2,lateral_negative,candidate_0,0,99,22281029,0.002,0.004546982927376294,5.168763435462872,2.273491463688147,False,True,True,True
2,lateral_negative,candidate_26,26,0,22540930,0.002,0.0029890985992055844,2.233677608943197,1.4945492996027923,True,True,True,True
2,lateral_negative,candidate_26,26,1,22540931,0.002,0.004000290268317626,4.000580557699177,2.000145134158813,False,True,True,True
2,lateral_negative,candidate_26,26,2,22540932,0.002,0.002743226506038816,1.8813229158584828,1.371613253019408,True,True,True,True
2,lateral_negative,candidate_26,26,3,22540933,0.002,0.0031192804811880515,2.432477680080191,1.5596402405940257,False,True,True,True
2,lateral_negative,candidate_26,26,4,22540934,0.002,0.002477766621021312,1.5348318570618422,1.2388833105106558,True,True,True,True
2,lateral_negative,candidate_26,26,5,22540935,0.002,0.0069206641523324695,11.973898077344925,3.460332076166235,False,False,False,False
2,lateral_negative,candidate_26,26,6,22540936,0.002,0.004534972644622381,5.141494221868328,2.26748632231119,False,True,True,True
2,lateral_negative,candidate_26,26,7,22540937,0.002,0.0032827413027824016,2.6940976152483747,1.6413706513912008,False,True,True,True
2,lateral_negative,candidate_26,26,8,22540938,0.002,0.00443063870063785,4.907639823897464,2.2153193503189246,False,True,True,True
2,lateral_negative,candidate_26,26,9,22540939,0.002,0.0034484300428826733,2.972917440163949,1.7242150214413365,False,True,True,True
2,lateral_negative,candidate_26,26,10,22540940,0.002,0.00289369736173706,2.0933711053310056,1.4468486808685301,True,True,True,True
2,lateral_negative,candidate_26,26,11,22540941,0.002,0.004143640715802503,4.29243959541407,2.0718203579012515,False,True,True,True
2,lateral_negative,candidate_26,26,12,22540942,0.002,0.002432024657399347,1.4786859835496027,1.2160123286996734,True,True,True,True
2,lateral_negative,candidate_26,26,13,22540943,0.002,0.004881769231528205,5.957917707473871,2.4408846157641024,False,True,True,True
2,lateral_negative,candidate_26,26,14,22540944,0.002,0.002204598868700409,1.2150640429687807,1.1022994343502044,True,True,True,True
2,lateral_negative,candidate_26,26,15,22540945,0.002,0.0018647172357896874,0.8692925923627832,0.9323586178948436,True,True,True,True
2,lateral_negative,candidate_26,26,16,22540946,0.002,0.0033993346071786454,2.888868942890599,1.6996673035893226,False,True,True,True
2,lateral_negative,candidate_26,26,17,22540947,0.002,0.002528215477280261,1.5979683748898648,1.2641077386401305,True,True,True,True
2,lateral_negative,candidate_26,26,18,22540948,0.002,0.002636290230530597,1.7375065448977673,1.3181451152652985,True,True,True,True
2,lateral_negative,candidate_26,26,19,22540949,0.002,0.004994766341627897,6.236922701864732,2.4973831708139484,False,True,True,True
2,lateral_negative,candidate_26,26,20,22540950,0.002,0.0028352571449799867,2.0096707695400164,1.4176285724899933,True,True,True,True
2,lateral_negative,candidate_26,26,21,22540951,0.002,0.005023947518475921,6.3100121671000915,2.5119737592379603,False,False,True,True
2,lateral_negative,candidate_26,26,22,22540952,0.002,0.002891752937452004,2.0905587628155735,1.445876468726002,True,True,True,True
2,lateral_negative,candidate_26,26,23,22540953,0.002,0.001310566999138757,0.4293964648078917,0.6552834995693785,True,True,True,True
2,lateral_negative,candidate_26,26,24,22540954,0.002,0.003106990663823126,2.4133477462710173,1.553495331911563,False,True,True,True
2,lateral_negative,candidate_26,26,25,22540955,0.002,0.005276994313219495,6.961667245437722,2.6384971566097475,False,False,True,True
2,lateral_negative,candidate_26,26,26,22540956,0.002,0.0045451227204579255,5.164535136005713,2.2725613602289627,False,True,True,True
2,lateral_negative,candidate_26,26,27,22540957,0.002,0.003907356187779636,3.8168580945449535,1.9536780938898182,False,True,True,True
2,lateral_negative,candidate_26,26,28,22540958,0.002,0.0026122707624843407,1.7059896341326297,1.3061353812421703,True,True,True,True
2,lateral_negative,candidate_26,26,29,22540959,0.002,0.0036173003314701586,3.2712154220135297,1.8086501657350793,False,True,True,True
2,lateral_negative,candidate_26,26,30,22540960,0.002,0.0014126162888040187,0.49887119484860976,0.7063081444020093,True,True,True,True
2,lateral_negative,candidate_26,26,31,22540961,0.002,0.0038483226524780156,3.7023968093938575,1.9241613262390078,False,True,True,True
2,lateral_negative,candidate_26,26,32,22540962,0.002,0.003742621491204469,3.5018039066063906,1.8713107456022344,False,True,True,True
2,lateral_negative,candidate_26,26,33,22540963,0.002,0.0022500240678140528,1.2656520764356243,1.1250120339070264,True,True,True,True
2,lateral_negative,candidate_26,26,34,22540964,0.002,0.005852185850075997,8.562019805957428,2.9260929250379983,False,False,False,True
2,lateral_negative,candidate_26,26,35,22540965,0.002,0.003217199817474665,2.5875936663897545,1.6085999087373324,False,True,True,True
2,lateral_negative,candidate_26,26,36,22540966,0.002,0.0005896360338641925,0.08691766310777381,0.29481801693209625,True,True,True,True
2,lateral_negative,candidate_26,26,37,22540967,0.002,0.002137131852826731,1.141833139091654,1.0685659264133656,True,True,True,True
2,lateral_negative,candidate_26,26,38,22540968,0.002,0.004731080087391797,5.595779698328794,2.3655400436958987,False,True,True,True
2,lateral_negative,candidate_26,26,39,22540969,0.002,0.0029427237621114702,2.1649057850238713,1.4713618810557352,True,True,True,True
2,lateral_negative,candidate_26,26,40,22540970,0.002,0.0016904083982559105,0.7143701382235282,0.8452041991279552,True,True,True,True
2,lateral_negative,candidate_26,26,41,22540971,0.002,0.0034836834368360283,3.0340125720214206,1.7418417184180142,False,True,True,True
2,lateral_negative,candidate_26,26,42,22540972,0.002,0.0031018798759334804,2.405414691180276,1.5509399379667401,False,True,True,True
2,lateral_negative,candidate_26,26,43,22540973,0.002,0.003941614317905373,3.884080857779159,1.9708071589526863,False,True,True,True
2,lateral_negative,candidate_26,26,44,22540974,0.002,0.0023776157338301646,1.4132641444391882,1.1888078669150823,True,True,True,True
2,lateral_negative,candidate_26,26,45,22540975,0.002,0.0020622169316500643,1.0631846682960515,1.0311084658250322,True,True,True,True
2,lateral_negative,candidate_26,26,46,22540976,0.002,0.0030434985032615214,2.31572078483878,1.5217492516307607,True,True,True,True
2,lateral_negative,candidate_26,26,47,22540977,0.002,0.0029629723211291007,2.1948012439442928,1.4814861605645504,True,True,True,True
2,lateral_negative,candidate_26,26,48,22540978,0.002,0.002266761599078945,1.2845520367647338,1.1333807995394725,True,True,True,True
2,lateral_negative,candidate_26,26,49,22540979,0.002,0.007247132542520523,13.130232522214996,3.6235662712602617,False,False,False,False
2,lateral_negative,candidate_26,26,50,22540980,0.002,0.00442420550337113,4.893398584014848,2.212102751685565,False,True,True,True
2,lateral_negative,candidate_26,26,51,22540981,0.002,0.0030855862719309434,2.3802106603821747,1.5427931359654716,False,True,True,True
2,lateral_negative,candidate_26,26,52,22540982,0.002,0.002836047017439331,2.0107906712816317,1.4180235087196655,True,True,True,True
2,lateral_negative,candidate_26,26,53,22540983,0.002,0.004230737106407245,4.4747841158827875,2.1153685532036226,False,True,True,True
2,lateral_negative,candidate_26,26,54,22540984,0.002,0.004705976735554859,5.536554258895892,2.3529883677774293,False,True,True,True
2,lateral_negative,candidate_26,26,55,22540985,0.002,0.0022142579688058054,1.2257345881050028,1.1071289844029026,True,True,True,True
2,lateral_negative,candidate_26,26,56,22540986,0.002,0.002426436625289162,1.4718986741361646,1.213218312644581,True,True,True,True
2,lateral_negative,candidate_26,26,57,22540987,0.002,0.0019293299411218122,0.9305785054272739,0.964664970560906,True,True,True,True
2,lateral_negative,candidate_26,26,58,22540988,0.002,0.0013832194004452757,0.478323977442047,0.6916097002226378,True,True,True,True
2,lateral_negative,candidate_26,26,59,22540989,0.002,0.0026943167100740547,1.8148356335460694,1.3471583550370274,True,True,True,True
2,lateral_negative,candidate_26,26,60,22540990,0.002,0.004710088650471949,5.546233773826168,2.3550443252359745,False,True,True,True
2,lateral_negative,candidate_26,26,61,22540991,0.002,0.0015383862234397607,0.5916580431173123,0.7691931117198804,True,True,True,True
2,lateral_negative,candidate_26,26,62,22540992,0.002,0.003063932755678716,2.3469209828302424,1.531966377839358,True,True,True,True
2,lateral_negative,candidate_26,26,63,22540993,0.002,0.0029869895972038226,2.230526713450964,1.4934947986019114,True,True,True,True
2,lateral_negative,candidate_26,26,64,22540994,0.002,0.005142583873151699,6.611542223099984,2.5712919365758498,False,False,True,True
2,lateral_negative,candidate_26,26,65,22540995,0.002,0.0022245214071416114,1.2371238727078238,1.1122607035708056,True,True,True,True
2,lateral_negative,candidate_26,26,66,22540996,0.002,0.005221047291790883,6.814833705779227,2.6105236458954413,False,False,True,True
2,lateral_negative,candidate_26,26,67,22540997,0.002,0.0038663334650468188,3.7371336157352353,1.9331667325234094,False,True,True,True
2,lateral_negative,candidate_26,26,68,22540998,0.002,0.0037835735172647876,3.578857140136859,1.8917867586323938,False,True,True,True
2,lateral_negative,candidate_26,26,69,22540999,0.002,0.0031455415481277827,2.4736079077495323,1.5727707740638914,False,True,True,True
2,lateral_negative,candidate_26,26,70,22541000,0.002,0.007439098358179927,13.83504609566882,3.719549179089963,False,False,False,False
2,lateral_negative,candidate_26,26,71,22541001,0.002,0.0030243504352952632,2.2866738888676625,1.5121752176476315,True,True,True,True
2,lateral_negative,candidate_26,26,72,22541002,0.002,0.0021107312004120114,1.1137965500981828,1.0553656002060057,True,True,True,True
2,lateral_negative,candidate_26,26,73,22541003,0.002,0.004287774915542542,4.596253431588964,2.143887457771271,False,True,True,True
2,lateral_negative,candidate_26,26,74,22541004,0.002,0.0023668680294363425,1.4005160671919687,1.1834340147181712,True,True,True,True
2,lateral_negative,candidate_26,26,75,22541005,0.002,0.0011688137575213053,0.34153139994276815,0.5844068787606527,True,True,True,True
2,lateral_negative,candidate_26,26,76,22541006,0.002,0.0028504774732555603,2.031305456384351,1.4252387366277801,True,True,True,True
2,lateral_negative,candidate_26,26,77,22541007,0.002,0.0016705316813921504,0.6976690246337214,0.8352658406960752,True,True,True,True
2,lateral_negative,candidate_26,26,78,22541008,0.002,0.004218896551881761,4.449772028869954,2.109448275940881,False,True,True,True
2,lateral_negative,candidate_26,26,79,22541009,0.002,0.0020996981665736777,1.1021830976782159,1.0498490832868388,True,True,True,True
2,lateral_negative,candidate_26,26,80,22541010,0.002,0.001248357004676895,0.3895988027814673,0.6241785023384475,True,True,True,True
2,lateral_negative,candidate_26,26,81,22541011,0.002,0.0031689222492370817,2.5105170554274516,1.584461124618541,False,True,True,True
2,lateral_negative,candidate_26,26,82,22541012,0.002,0.0038864379602036644,3.776100004628005,1.9432189801018322,False,True,True,True
2,lateral_negative,candidate_26,26,83,22541013,0.002,0.004180367307493429,4.368867706389966,2.0901836537467147,False,True,True,True
2,lateral_negative,candidate_26,26,84,22541014,0.002,0.00372198624601149,3.463295403874676,1.8609931230057448,False,True,True,True
2,lateral_negative,candidate_26,26,85,22541015,0.002,0.0014547955915379719,0.5291075532895795,0.7273977957689859,True,True,True,True
2,lateral_negative,candidate_26,26,86,22541016,0.002,0.004435379588981945,4.918148024589414,2.2176897944909726,False,True,True,True
2,lateral_negative,candidate_26,26,87,22541017,0.002,0.0034147026274672894,2.9150485085080025,1.7073513137336447,False,True,True,True
2,lateral_negative,candidate_26,26,88,22541018,0.002,0.004522130302315961,5.112415617781062,2.2610651511579807,False,True,True,True
2,lateral_negative,candidate_26,26,89,22541019,0.002,0.0011548599642693161,0.33342538426803153,0.577429982134658,True,True,True,True
2,lateral_negative,candidate_26,26,90,22541020,0.002,0.0019604255218068772,0.9608170566379418,0.9802127609034386,True,True,True,True
2,lateral_negative,candidate_26,26,91,22541021,0.002,0.004955993684871132,6.140468351120635,2.477996842435566,False,True,True,True
2,lateral_negative,candidate_26,26,92,22541022,0.002,0.005702754647839433,8.130352643363565,2.8513773239197167,False,False,False,True
2,lateral_negative,candidate_26,26,93,22541023,0.002,0.0014416609262714666,0.5195965565844758,0.7208304631357333,True,True,True,True
2,lateral_negative,candidate_26,26,94,22541024,0.002,0.003242113870533546,2.6278255873765026,1.621056935266773,False,True,True,True
2,lateral_negative,candidate_26,26,95,22541025,0.002,0.0019441986516073296,0.9449770992279397,0.9720993258036648,True,True,True,True
2,lateral_negative,candidate_26,26,96,22541026,0.002,0.003012884154526125,2.2693677321486505,1.5064420772630625,True,True,True,True
2,lateral_negative,candidate_26,26,97,22541027,0.002,0.0011331962887415035,0.32103345720437926,0.5665981443707517,True,True,True,True
2,lateral_negative,candidate_26,26,98,22541028,0.002,0.003803148383481919,3.6159844066952838,1.9015741917409594,False,True,True,True
2,lateral_negative,candidate_26,26,99,22541029,0.002,0.005756175476030505,8.283389027713753,2.8780877380152523,False,False,False,True
2,lateral_negative,candidate_53,53,0,22810930,0.0026666666666666666,0.007497905660074173,7.905739118536734,2.811714622527815,False,False,False,True
2,lateral_negative,candidate_53,53,1,22810931,0.0026666666666666666,0.003552950201868272,1.7751733786344088,1.3323563257006021,True,True,True,True
2,lateral_negative,candidate_53,53,2,22810932,0.0026666666666666666,0.0015420542610986058,0.3343965952742391,0.5782703479119772,True,True,True,True
2,lateral_negative,candidate_53,53,3,22810933,0.0026666666666666666,0.0021375189546845867,0.6425138364800468,0.8015696080067201,True,True,True,True
2,lateral_negative,candidate_53,53,4,22810934,0.0026666666666666666,0.004409557542698183,2.7343403047077808,1.6535840785118188,False,True,True,True
2,lateral_negative,candidate_53,53,5,22810935,0.0026666666666666666,0.0037320197101217184,1.95862093829114,1.3995073912956444,True,True,True,True
2,lateral_negative,candidate_53,53,6,22810936,0.0026666666666666666,0.0063505695224027395,5.671368739528672,2.3814635709010274,False,True,True,True
2,lateral_negative,candidate_53,53,7,22810937,0.0026666666666666666,0.004267396988565441,2.560876461283696,1.6002738707120405,False,True,True,True
2,lateral_negative,candidate_53,53,8,22810938,0.0026666666666666666,0.003978185723018065,2.2255258565847327,1.4918196461317745,True,True,True,True
2,lateral_negative,candidate_53,53,9,22810939,0.0026666666666666666,0.004524851966088368,2.879196372423811,1.6968194872831381,False,True,True,True
2,lateral_negative,candidate_53,53,10,22810940,0.0026666666666666666,0.0023975572299451266,0.8083519693399897,0.8990839612294225,True,True,True,True
2,lateral_negative,candidate_53,53,11,22810941,0.0026666666666666666,0.0032977676582995508,1.5293350586427894,1.2366628718623316,True,True,True,True
2,lateral_negative,candidate_53,53,12,22810942,0.0026666666666666666,0.0032764996711463906,1.509672669612526,1.2286873766798965,True,True,True,True
2,lateral_negative,candidate_53,53,13,22810943,0.0026666666666666666,0.002239626767465932,0.7053648830929548,0.8398600377997246,True,True,True,True
2,lateral_negative,candidate_53,53,14,22810944,0.0026666666666666666,0.0045770578795964875,2.9460176484154164,1.7163967048486828,False,True,True,True
2,lateral_negative,candidate_53,53,15,22810945,0.0026666666666666666,0.003747592549654262,1.9750007697502685,1.4053472061203482,True,True,True,True
2,lateral_negative,candidate_53,53,16,22810946,0.0026666666666666666,0.0035095872431265165,1.7321066180319913,1.3160952161724437,True,True,True,True
2,lateral_negative,candidate_53,53,17,22810947,0.0026666666666666666,0.003409906830825921,1.6351122086596794,1.2787150615597205,True,True,True,True
2,lateral_negative,candidate_53,53,18,22810948,0.0026666666666666666,0.00424394830858818,2.532810550214317,1.5914806157205676,False,True,True,True
2,lateral_negative,candidate_53,53,19,22810949,0.0026666666666666666,0.0042952871966127106,2.5944598267572765,1.6107326987297665,False,True,True,True
2,lateral_negative,candidate_53,53,20,22810950,0.0026666666666666666,0.004151586472073555,2.423766126811521,1.5568449270275833,False,True,True,True
2,lateral_negative,candidate_53,53,21,22810951,0.0026666666666666666,0.005001533849259262,3.517782306368367,1.8755751934722231,False,True,True,True
2,lateral_negative,candidate_53,53,22,22810952,0.0026666666666666666,0.003514223890373087,1.7366863432034467,1.3178339588899075,True,True,True,True
2,lateral_negative,candidate_53,53,23,22810953,0.0026666666666666666,0.005752649468214476,4.653699736520854,2.1572435505804286,False,True,True,True
2,lateral_negative,candidate_53,53,24,22810954,0.0026666666666666666,0.005096159429251162,3.6521495055485897,1.9110597859691858,False,True,True,True
2,lateral_negative,candidate_53,53,25,22810955,0.0026666666666666666,0.0014176924928730051,0.2826354381115044,0.531634684827377,True,True,True,True
2,lateral_negative,candidate_53,53,26,22810956,0.0026666666666666666,0.002068151845221485,0.6014885702193328,0.7755569419580569,True,True,True,True
2,lateral_negative,candidate_53,53,27,22810957,0.0026666666666666666,0.0028337417804425486,1.1292317547504898,1.0626531676659559,True,True,True,True
2,lateral_negative,candidate_53,53,28,22810958,0.0026666666666666666,0.004356777606001374,2.6692749995843057,1.6337916022505155,False,True,True,True
2,lateral_negative,candidate_53,53,29,22810959,0.0026666666666666666,0.004212086209037811,2.4949223764265414,1.5795323283891791,False,True,True,True
2,lateral_negative,candidate_53,53,30,22810960,0.0026666666666666666,0.0025218982985637504,0.8943709258545102,0.9457118619614064,True,True,True,True
2,lateral_negative,candidate_53,53,31,22810961,0.0026666666666666666,0.005653291221804516,4.494333042918563,2.1199842081766938,False,True,True,True
2,lateral_negative,candidate_53,53,32,22810962,0.0026666666666666666,0.005828993422231783,4.778038731996758,2.1858725333369184,False,True,True,True
2,lateral_negative,candidate_53,53,33,22810963,0.0026666666666666666,0.00414054905859446,2.410895602494488,1.5527058969729226,False,True,True,True
2,lateral_negative,candidate_53,53,34,22810964,0.0026666666666666666,0.003108067877388713,1.358449583970316,1.1655254540207673,True,True,True,True
2,lateral_negative,candidate_53,53,35,22810965,0.0026666666666666666,0.0033333031826887154,1.5624717338985075,1.2499886935082682,True,True,True,True
2,lateral_negative,candidate_53,53,36,22810966,0.0026666666666666666,0.0031220850581471543,1.3707302498867417,1.1707818968051829,True,True,True,True
2,lateral_negative,candidate_53,53,37,22810967,0.0026666666666666666,0.004935266448698241,3.4251827230752956,1.8507249182618404,False,True,True,True
2,lateral_negative,candidate_53,53,38,22810968,0.0026666666666666666,0.0055818143929348965,4.381404175852758,2.093180397350586,False,True,True,True
2,lateral_negative,candidate_53,53,39,22810969,0.0026666666666666666,0.0026926507547954844,1.0195830122766598,1.0097440330483067,True,True,True,True
2,lateral_negative,candidate_53,53,40,22810970,0.0026666666666666666,0.0063556307537749185,5.680412195390091,2.3833615326655946,False,True,True,True
2,lateral_negative,candidate_53,53,41,22810971,0.0026666666666666666,0.00312111213764959,1.369876074719568,1.1704170516185963,True,True,True,True
2,lateral_negative,candidate_53,53,42,22810972,0.0026666666666666666,0.007036995566224009,6.9636524904923025,2.6388733373340036,False,False,True,True
2,lateral_negative,candidate_53,53,43,22810973,0.0026666666666666666,0.006373471951409655,5.712348475603913,2.3900519817786208,False,True,True,True
2,lateral_negative,candidate_53,53,44,22810974,0.0026666666666666666,0.005997685446030019,5.058594943526294,2.2491320422612575,False,True,True,True
2,lateral_negative,candidate_53,53,45,22810975,0.0026666666666666666,0.005654362695571047,4.496036834962333,2.120386010839143,False,True,True,True
2,lateral_negative,candidate_53,53,46,22810976,0.0026666666666666666,0.004493498143238393,2.839433282337218,1.6850618037143974,False,True,True,True
2,lateral_negative,candidate_53,53,47,22810977,0.0026666666666666666,0.005622731208541655,4.445874315493355,2.1085242032031206,False,True,True,True
2,lateral_negative,candidate_53,53,48,22810978,0.0026666666666666666,0.0043780362055804685,2.695387643068138,1.6417635770926757,False,True,True,True
2,lateral_negative,candidate_53,53,49,22810979,0.0026666666666666666,0.005351477842203562,4.027263060318145,2.006804190826336,False,True,True,True
2,lateral_negative,candidate_53,53,50,22810980,0.0026666666666666666,0.004852103792673602,3.310721889592156,1.8195389222526008,False,True,True,True
2,lateral_negative,candidate_53,53,51,22810981,0.0026666666666666666,0.0010849638294743618,0.1655362281470164,0.40686143605288566,True,True,True,True
2,lateral_negative,candidate_53,53,52,22810982,0.0026666666666666666,0.0028730943511236294,1.1608131305332279,1.0774103816713612,True,True,True,True
2,lateral_negative,candidate_53,53,53,22810983,0.0026666666666666666,0.003093625616571463,1.3458542984306952,1.1601096062142988,True,True,True,True
2,lateral_negative,candidate_53,53,54,22810984,0.0026666666666666666,0.004033277235731235,2.287592614725158,1.512478963399213,True,True,True,True
2,lateral_negative,candidate_53,53,55,22810985,0.0026666666666666666,0.0038018227297635485,2.032573509639388,1.4256835236613308,True,True,True,True
2,lateral_negative,candidate_53,53,56,22810986,0.0026666666666666666,0.002900862616891315,1.1833599265421524,1.0878234813342431,True,True,True,True
2,lateral_negative,candidate_53,53,57,22810987,0.0026666666666666666,0.002241787690422956,0.7067266943810473,0.8406703839086086,True,True,True,True
2,lateral_negative,candidate_53,53,58,22810988,0.0026666666666666666,0.005850226037734601,4.812910972395173,2.1938347641504756,False,True,True,True
2,lateral_negative,candidate_53,53,59,22810989,0.0026666666666666666,0.005712509512875478,4.58898256894118,2.1421910673283047,False,True,True,True
2,lateral_negative,candidate_53,53,60,22810990,0.0026666666666666666,0.0051508559453090266,3.730966448811377,1.931570979490885,False,True,True,True
2,lateral_negative,candidate_53,53,61,22810991,0.0026666666666666666,0.005718858746664005,4.59918919185404,2.144572029999002,False,True,True,True
2,lateral_negative,candidate_53,53,62,22810992,0.0026666666666666666,0.004186240370796155,2.4643980621679966,1.5698401390485581,False,True,True,True
2,lateral_negative,candidate_53,53,63,22810993,0.0026666666666666666,0.0043356061914598485,2.643395772294137,1.6258523217974432,False,True,True,True
2,lateral_negative,candidate_53,53,64,22810994,0.0026666666666666666,0.0038112934395756444,2.042712799108924,1.4292350398408666,True,True,True,True
2,lateral_negative,candidate_53,53,65,22810995,0.0026666666666666666,0.003921178371171698,2.1621993494828535,1.470441889189387,True,True,True,True
2,lateral_negative,candidate_53,53,66,22810996,0.0026666666666666666,0.006378671256094515,5.721672233436522,2.3920017210354434,False,True,True,True
2,lateral_negative,candidate_53,53,67,22810997,0.0026666666666666666,0.003491305651982548,1.7141083812513682,1.3092396194934555,True,True,True,True
2,lateral_negative,candidate_53,53,68,22810998,0.0026666666666666666,0.0033571736620735377,1.58493023399816,1.2589401232775768,True,True,True,True
2,lateral_negative,candidate_53,53,69,22810999,0.0026666666666666666,0.007655277989744178,8.241086404724298,2.8707292461540668,False,False,False,True
2,lateral_negative,candidate_53,53,70,22811000,0.0026666666666666666,0.004670901208152229,3.068060357294712,1.751587953057086,False,True,True,True
2,lateral_negative,candidate_53,53,71,22811001,0.0026666666666666666,0.0016588350758798215,0.3869625668862956,0.6220631534549331,True,True,True,True
2,lateral_negative,candidate_53,53,72,22811002,0.0026666666666666666,0.0027025714015165704,1.0271098378540182,1.013464275568714,True,True,True,True
2,lateral_negative,candidate_53,53,73,22811003,0.0026666666666666666,0.0027805127242566457,1.0872071732465316,1.0426922715962421,True,True,True,True
2,lateral_negative,candidate_53,53,74,22811004,0.0026666666666666666,0.0009246569013894736,0.12023302293101007,0.34674633802105265,True,True,True,True
2,lateral_negative,candidate_53,53,75,22811005,0.0026666666666666666,0.003765189811210269,1.993592012968353,1.411946179203851,True,True,True,True
2,lateral_negative,candidate_53,53,76,22811006,0.0026666666666666666,0.0070028417424885,6.896220816141474,2.6260656534331877,False,False,True,True
2,lateral_negative,candidate_53,53,77,22811007,0.0026666666666666666,0.0030774052299819814,1.3317782272763137,1.154026961243243,True,True,True,True
2,lateral_negative,candidate_53,53,78,22811008,0.0026666666666666666,0.002468596550188103,0.8569643804438348,0.9257237063205387,True,True,True,True
2,lateral_negative,candidate_53,53,79,22811009,0.0026666666666666666,0.0029009061652602447,1.183395456512564,1.0878398119725918,True,True,True,True
2,lateral_negative,candidate_53,53,80,22811010,0.0026666666666666666,0.0018911277381702285,0.5029262046670563,0.7091729018138357,True,True,True,True
2,lateral_negative,candidate_53,53,81,22811011,0.0026666666666666666,0.0063016935497723445,5.584407411830959,2.3631350811646294,False,True,True,True
2,lateral_negative,candidate_53,53,82,22811012,0.0026666666666666666,0.006449891111358348,5.850154033365857,2.4187091667593807,False,True,True,True
2,lateral_negative,candidate_53,53,83,22811013,0.0026666666666666666,0.0033983951868046002,1.6240907595510947,1.2743981950517251,True,True,True,True
2,lateral_negative,candidate_53,53,84,22811014,0.0026666666666666666,0.0012336949575887709,0.21403170680343175,0.4626356090957891,True,True,True,True
2,lateral_negative,candidate_53,53,85,22811015,0.0026666666666666666,0.008150605690369144,9.342052469982825,3.056477133888429,False,False,False,True
2,lateral_negative,candidate_53,53,86,22811016,0.0026666666666666666,0.003519895533051282,1.742296579255458,1.3199608248942307,True,True,True,True
2,lateral_negative,candidate_53,53,87,22811017,0.0026666666666666666,0.0034920919520261295,1.7148805595726715,1.3095344820097985,True,True,True,True
2,lateral_negative,candidate_53,53,88,22811018,0.0026666666666666666,0.004005943587826963,2.256691504057307,1.5022288454351111,True,True,True,True
2,lateral_negative,candidate_53,53,89,22811019,0.0026666666666666666,0.005102785453590279,3.6616527260680156,1.9135445450963549,False,True,True,True
2,lateral_negative,candidate_53,53,90,22811020,0.0026666666666666666,0.0013963818427750769,0.27420219152323866,0.5236431910406538,True,True,True,True
2,lateral_negative,candidate_53,53,91,22811021,0.0026666666666666666,0.008648024331058615,10.517108179300568,3.243009124146981,False,False,False,True
2,lateral_negative,candidate_53,53,92,22811022,0.0026666666666666666,0.0029195637042662348,1.1986667188971718,1.094836389099838,True,True,True,True
2,lateral_negative,candidate_53,53,93,22811023,0.0026666666666666666,0.0035489550014671323,1.7711833503429242,1.3308581255501746,True,True,True,True
2,lateral_negative,candidate_53,53,94,22811024,0.0026666666666666666,0.0030684266802268045,1.3240184473023313,1.1506600050850517,True,True,True,True
2,lateral_negative,candidate_53,53,95,22811025,0.0026666666666666666,0.005144330998169486,3.7215198870085495,1.9291241243135573,False,True,True,True
2,lateral_negative,candidate_53,53,96,22811026,0.0026666666666666666,0.004353105985628465,2.6647778984223325,1.6324147446106743,False,True,True,True
2,lateral_negative,candidate_53,53,97,22811027,0.0026666666666666666,0.002115260423739283,0.6292021865959253,0.7932226589022312,True,True,True,True
2,lateral_negative,candidate_53,53,98,22811028,0.0026666666666666666,0.0052702903081370345,3.905994365443569,1.976358865551388,False,True,True,True
2,lateral_negative,candidate_53,53,99,22811029,0.0026666666666666666,0.0034514283608838426,1.6751753058253118,1.2942856353314411,True,True,True,True
2,lateral_negative,candidate_80,80,0,23080930,0.0033333333333333344,0.0038399844143405266,1.3270932272140332,1.1519953243021577,True,True,True,True
2,lateral_negative,candidate_80,80,1,23080931,0.0033333333333333344,0.009213395491915272,7.639799084140013,2.7640186475745807,False,False,True,True
2,lateral_negative,candidate_80,80,2,23080932,0.0033333333333333344,0.0035245458993105,1.1180181416711805,1.0573637697931495,True,True,True,True
2,lateral_negative,candidate_80,80,3,23080933,0.0033333333333333344,0.003019333123772152,0.8204735261076926,0.9057999371316453,True,True,True,True
2,lateral_negative,candidate_80,80,4,23080934,0.0033333333333333344,0.006302166990005605,3.574557789292465,1.8906500970016809,False,True,True,True
2,lateral_negative,candidate_80,80,5,23080935,0.0033333333333333344,0.005377877000914773,2.6029404933271247,1.6133631002744313,False,True,True,True
2,lateral_negative,candidate_80,80,6,23080936,0.0033333333333333344,0.006187237793747669,3.4453720364741547,1.8561713381243001,False,True,True,True
2,lateral_negative,candidate_80,80,7,23080937,0.0033333333333333344,0.009352419314166617,7.872097232519705,2.8057257942499843,False,False,False,True
2,lateral_negative,candidate_80,80,8,23080938,0.0033333333333333344,0.0010454081938827016,0.09835904626533824,0.3136224581648104,True,True,True,True
2,lateral_negative,candidate_80,80,9,23080939,0.0033333333333333344,0.007549667647591236,5.129773343017718,2.26490029427737,False,True,True,True
2,lateral_negative,candidate_80,80,10,23080940,0.0033333333333333344,0.002384823348162919,0.5118644161748692,0.7154470044488754,True,True,True,True
2,lateral_negative,candidate_80,80,11,23080941,0.0033333333333333344,0.003773250367548402,1.2813676502583728,1.1319751102645201,True,True,True,True
2,lateral_negative,candidate_80,80,12,23080942,0.0033333333333333344,0.005913982370123754,3.147766872672109,1.7741947110371254,False,True,True,True
2,lateral_negative,candidate_80,80,13,23080943,0.0033333333333333344,0.008320716846193222,6.231089595107127,2.496215053857966,False,True,True,True
2,lateral_negative,candidate_80,80,14,23080944,0.0033333333333333344,0.0037771910017238485,1.2840454677153241,1.1331573005171542,True,True,True,True
2,lateral_negative,candidate_80,80,15,23080945,0.0033333333333333344,0.007164281968840956,4.6194242516153645,2.149284590652286,False,True,True,True
2,lateral_negative,candidate_80,80,16,23080946,0.0033333333333333344,0.009034967038312742,7.346756644505789,2.710490111493822,False,False,True,True
2,lateral_negative,candidate_80,80,17,23080947,0.0033333333333333344,0.007554135903906014,5.135847232921371,2.2662407711718036,False,True,True,True
2,lateral_negative,candidate_80,80,18,23080948,0.0033333333333333344,0.00468261857342841,1.9734225033795034,1.4047855720285225,True,True,True,True
2,lateral_negative,candidate_80,80,19,23080949,0.0033333333333333344,0.003901012752242694,1.3696110443844098,1.1703038256728078,True,True,True,True
2,lateral_negative,candidate_80,80,20,23080950,0.0033333333333333344,0.0049153151187392155,2.1744290444855663,1.4745945356217642,True,True,True,True
2,lateral_negative,candidate_80,80,21,23080951,0.0033333333333333344,0.004911323176963567,2.1708985813721537,1.4733969530890696,True,True,True,True
2,lateral_negative,candidate_80,80,22,23080952,0.0033333333333333344,0.005167601845571653,2.403369795091998,1.5502805536714952,False,True,True,True
2,lateral_negative,candidate_80,80,23,23080953,0.0033333333333333344,0.0038875038875837084,1.360141782838059,1.166251166275112,True,True,True,True
2,lateral_negative,candidate_80,80,24,23080954,0.0033333333333333344,0.0038363622712779205,1.324590792883621,1.1509086813833758,True,True,True,True
2,lateral_negative,candidate_80,80,25,23080955,0.0033333333333333344,0.0038624460403436406,1.3426640473109632,1.158733812103092,True,True,True,True
2,lateral_negative,candidate_80,80,26,23080956,0.0033333333333333344,0.004970842990113078,2.223835202912068,1.491252897033923,True,True,True,True
2,lateral_negative,candidate_80,80,27,23080957,0.0033333333333333344,0.005852439679924297,3.082594518643714,1.7557319039772885,False,True,True,True
2,lateral_negative,candidate_80,80,28,23080958,0.0033333333333333344,0.004791080834450904,2.065901000601848,1.4373242503352708,True,True,True,True
2,lateral_negative,candidate_80,80,29,23080959,0.0033333333333333344,0.0033190906658145747,0.9914726563107686,0.9957271997443721,True,True,True,True
2,lateral_negative,candidate_80,80,30,23080960,0.0033333333333333344,0.002454261895477797,0.5421061306434839,0.7362785686433388,True,True,True,True
2,lateral_negative,candidate_80,80,31,23080961,0.0033333333333333344,0.006032553966376286,3.2752536621518007,1.8097661899128852,False,True,True,True
2,lateral_negative,candidate_80,80,32,23080962,0.0033333333333333344,0.008726177299154862,6.853155323065703,2.617853189746458,False,False,True,True
2,lateral_negative,candidate_80,80,33,23080963,0.0033333333333333344,0.00913861973492969,7.516293359368172,2.741585920478906,False,False,True,True
2,lateral_negative,candidate_80,80,34,23080964,0.0033333333333333344,0.00689829618637958,4.282784124751712,2.0694888559138733,False,True,True,True
2,lateral_negative,candidate_80,80,35,23080965,0.0033333333333333344,0.0068045837471576755,4.167212397487413,2.041375124147302,False,True,True,True
2,lateral_negative,candidate_80,80,36,23080966,0.0033333333333333344,0.009066500551365573,7.398128902312096,2.719950165409671,False,False,True,True
2,lateral_negative,candidate_80,80,37,23080967,0.0033333333333333344,0.007517614161643116,5.086307041500339,2.2552842484929343,False,True,True,True
2,lateral_negative,candidate_80,80,38,23080968,0.0033333333333333344,0.005164676583609361,2.400649579195456,1.549402975082808,False,True,True,True
2,lateral_negative,candidate_80,80,39,23080969,0.0033333333333333344,0.004162801189454166,1.5596022368628903,1.2488403568362494,True,True,True,True
2,lateral_negative,candidate_80,80,40,23080970,0.0033333333333333344,0.0027935595727229495,0.702357757771682,0.8380678718168846,True,True,True,True
2,lateral_negative,candidate_80,80,41,23080971,0.0033333333333333344,0.005029555330015267,2.2766784135916467,1.5088665990045795,True,True,True,True
2,lateral_negative,candidate_80,80,42,23080972,0.0033333333333333344,0.002802224086122056,0.7067213845958328,0.8406672258366165,True,True,True,True
2,lateral_negative,candidate_80,80,43,23080973,0.0033333333333333344,0.008308646871771153,6.2130251555813265,2.492594061531345,False,True,True,True
2,lateral_negative,candidate_80,80,44,23080974,0.0033333333333333344,0.0033125822355944256,0.987588096081818,0.9937746706783274,True,True,True,True
2,lateral_negative,candidate_80,80,45,23080975,0.0033333333333333344,0.004917978218242987,2.1767858779601204,1.4753934654728955,True,True,True,True
2,lateral_negative,candidate_80,80,46,23080976,0.0033333333333333344,0.0067187841256054716,4.062785411383924,2.0156352376816407,False,True,True,True
2,lateral_negative,candidate_80,80,47,23080977,0.0033333333333333344,0.010252453003481979,9.460151332974592,3.0757359010445926,False,False,False,True
2,lateral_negative,candidate_80,80,48,23080978,0.0033333333333333344,0.0038723006348186655,1.3495240985775327,1.1616901904455992,True,True,True,True
2,lateral_negative,candidate_80,80,49,23080979,0.0033333333333333344,0.004880558728031752,2.1437868147990207,1.4641676184095251,True,True,True,True
2,lateral_negative,candidate_80,80,50,23080980,0.0033333333333333344,0.004059487904833235,1.4831497844538584,1.21784637144997,True,True,True,True
2,lateral_negative,candidate_80,80,51,23080981,0.0033333333333333344,0.005389466578430949,2.614171500002176,1.6168399735292842,False,True,True,True
2,lateral_negative,candidate_80,80,52,23080982,0.0033333333333333344,0.007070577080663749,4.499375422824673,2.121173124199124,False,True,True,True
2,lateral_negative,candidate_80,80,53,23080983,0.0033333333333333344,0.008541648350764711,6.566378089330932,2.5624945052294126,False,False,True,True
2,lateral_negative,candidate_80,80,54,23080984,0.0033333333333333344,0.007951807432111085,5.690811729363934,2.385542229633325,False,True,True,True
2,lateral_negative,candidate_80,80,55,23080985,0.0033333333333333344,0.006536911956346669,3.8458096132525204,1.961073586904,False,True,True,True
2,lateral_negative,candidate_80,80,56,23080986,0.0033333333333333344,0.005134302070968642,2.372495198035758,1.540290621290592,False,True,True,True
2,lateral_negative,candidate_80,80,57,23080987,0.0033333333333333344,0.0065607765379722075,3.87394099030859,1.9682329613916616,False,True,True,True
2,lateral_negative,candidate_80,80,58,23080988,0.0033333333333333344,0.007162729551960407,4.61742251710742,2.1488188655881215,False,True,True,True
2,lateral_negative,candidate_80,80,59,23080989,0.0033333333333333344,0.008774483571593168,6.929240575334251,2.6323450714779497,False,False,True,True
2,lateral_negative,candidate_80,80,60,23080990,0.0033333333333333344,0.005948146599103882,3.1842403167987943,1.784443979731164,False,True,True,True
2,lateral_negative,candidate_80,80,61,23080991,0.0033333333333333344,0.007652188230066748,5.270038623753482,2.2956564690200234,False,True,True,True
2,lateral_negative,candidate_80,80,62,23080992,0.0033333333333333344,0.0061112183286426685,3.361229051430426,1.8333654985927998,False,True,True,True
2,lateral_negative,candidate_80,80,63,23080993,0.0033333333333333344,0.006459109805324681,3.754808952951727,1.9377329415974038,False,True,True,True
2,lateral_negative,candidate_80,80,64,23080994,0.0033333333333333344,0.003867800015825671,1.3463889266178943,1.1603400047477008,True,True,True,True
2,lateral_negative,candidate_80,80,65,23080995,0.0033333333333333344,0.006519991753054149,3.8259263213904675,1.9559975259162439,False,True,True,True
2,lateral_negative,candidate_80,80,66,23080996,0.0033333333333333344,0.007867281300919857,5.570470356102288,2.3601843902759563,False,True,True,True
2,lateral_negative,candidate_80,80,67,23080997,0.0033333333333333344,0.004994191054602599,2.244774986088534,1.498257316380779,True,True,True,True
2,lateral_negative,candidate_80,80,68,23080998,0.0033333333333333344,0.0038746940026343113,1.351192825264526,1.162408200790293,True,True,True,True
2,lateral_negative,candidate_80,80,69,23080999,0.0033333333333333344,0.0018101854341180822,0.29490941753039407,0.5430556302354245,True,True,True,True
2,lateral_negative,candidate_80,80,70,23081000,0.0033333333333333344,0.0024218497636821967,0.5278820650062758,0.7265549291046588,True,True,True,True
2,lateral_negative,candidate_80,80,71,23081001,0.0033333333333333344,0.006762325958364403,4.115614713045211,2.02869778750932,False,True,True,True
2,lateral_negative,candidate_80,80,72,23081002,0.0033333333333333344,0.006633190231194094,3.9599291378887855,1.9899570693582276,False,True,True,True
2,lateral_negative,candidate_80,80,73,23081003,0.0033333333333333344,0.0070223037504443826,4.438147496715469,2.106691125133314,False,True,True,True
2,lateral_negative,candidate_80,80,74,23081004,0.0033333333333333344,0.003913899652613665,1.3786749441656418,1.1741698957840991,True,True,True,True
2,lateral_negative,candidate_80,80,75,23081005,0.0033333333333333344,0.007503342469791674,5.0670133397081445,2.2510027409375013,False,True,True,True
2,lateral_negative,candidate_80,80,76,23081006,0.0033333333333333344,0.006308743824679126,3.5820223780884275,1.8926231474037372,False,True,True,True
2,lateral_negative,candidate_80,80,77,23081007,0.0033333333333333344,0.0025769949136939083,0.5976812506683842,0.7730984741081722,True,True,True,True
2,lateral_negative,candidate_80,80,78,23081008,0.0033333333333333344,0.00597556331025386,3.213662118736684,1.7926689930761572,False,True,True,True
2,lateral_negative,candidate_80,80,79,23081009,0.0033333333333333344,0.005728733399284461,2.9536547724069546,1.7186200197853378,False,True,True,True
2,lateral_negative,candidate_80,80,80,23081010,0.0033333333333333344,0.004556111092105888,1.8682333455249263,1.366833327631766,True,True,True,True
2,lateral_negative,candidate_80,80,81,23081011,0.0033333333333333344,0.00771130925204084,5.351786134254956,2.313392775612251,False,True,True,True
2,lateral_negative,candidate_80,80,82,23081012,0.0033333333333333344,0.005418031571730034,2.6419559501037067,1.6254094715190097,False,True,True,True
2,lateral_negative,candidate_80,80,83,23081013,0.0033333333333333344,0.009487923840353548,8.101862892031424,2.8463771521060632,False,False,False,True
2,lateral_negative,candidate_80,80,84,23081014,0.0033333333333333344,0.009565429306407521,8.234769403429183,2.8696287919222554,False,False,False,True
2,lateral_negative,candidate_80,80,85,23081015,0.0033333333333333344,0.0016322087451127898,0.23976948488603997,0.48966262353383677,True,True,True,True
2,lateral_negative,candidate_80,80,86,23081016,0.0033333333333333344,0.006450836337417601,3.7451960506932576,1.9352509012252799,False,True,True,True
2,lateral_negative,candidate_80,80,87,23081017,0.0033333333333333344,0.004903820845019444,2.164271299204248,1.4711462535058326,True,True,True,True
2,lateral_negative,candidate_80,80,88,23081018,0.0033333333333333344,0.00779886205378326,5.474002440054637,2.3396586161349773,False,True,True,True
2,lateral_negative,candidate_80,80,89,23081019,0.0033333333333333344,0.0031003251070578436,0.8650814192507901,0.9300975321173528,True,True,True,True
2,lateral_negative,candidate_80,80,90,23081020,0.0033333333333333344,0.0057867870055157795,3.0138213462485637,1.7360361016547332,False,True,True,True
2,lateral_negative,candidate_80,80,91,23081021,0.0033333333333333344,0.005415571149819071,2.6395569790877373,1.6246713449457209,False,True,True,True
2,lateral_negative,candidate_80,80,92,23081022,0.0033333333333333344,0.007375391820568575,4.895676405621883,2.2126175461705717,False,True,True,True
2,lateral_negative,candidate_80,80,93,23081023,0.0033333333333333344,0.003085487524699435,0.8568209938568256,0.9256462574098302,True,True,True,True
2,lateral_negative,candidate_80,80,94,23081024,0.0033333333333333344,0.0030404884272869736,0.8320112888819406,0.9121465281860918,True,True,True,True
2,lateral_negative,candidate_80,80,95,23081025,0.0033333333333333344,0.004194196367690573,1.5832154853673908,1.2582589103071715,True,True,True,True
2,lateral_negative,candidate_80,80,96,23081026,0.0033333333333333344,0.0033421957757809534,1.0053245343283237,1.0026587327342857,True,True,True,True
2,lateral_negative,candidate_80,80,97,23081027,0.0033333333333333344,0.004180692549157388,1.5730371171522077,1.2542077647472158,True,True,True,True
2,lateral_negative,candidate_80,80,98,23081028,0.0033333333333333344,0.005242260344824933,2.4733164170631605,1.5726781034474793,False,True,True,True
2,lateral_negative,candidate_80,80,99,23081029,0.0033333333333333344,0.007835597824386399,5.525693393897595,2.350679347315919,False,True,True,True
2,lateral_negative,candidate_107,107,0,23350930,0.0033333333333333335,0.009188173307348972,7.598027585329212,2.7564519922046915,False,False,True,True
2,lateral_negative,candidate_107,107,1,23350931,0.0033333333333333335,0.006951833834762388,4.349519429953241,2.085550150428716,False,True,True,True
2,lateral_negative,candidate_107,107,2,23350932,0.0033333333333333335,0.00786613390848817,5.568845639964061,2.3598401725464506,False,True,True,True
2,lateral_negative,candidate_107,107,3,23350933,0.0033333333333333335,0.004223544311160626,1.6054493893503556,1.2670632933481878,True,True,True,True
2,lateral_negative,candidate_107,107,4,23350934,0.0033333333333333335,0.007179371946951995,4.638904339741313,2.1538115840855983,False,True,True,True
2,lateral_negative,candidate_107,107,5,23350935,0.0033333333333333335,0.0011409388303713103,0.11715672731841481,0.3422816491113931,True,True,True,True
2,lateral_negative,candidate_107,107,6,23350936,0.0033333333333333335,0.0032275096329134603,0.9375136587494259,0.968252889874038,True,True,True,True
2,lateral_negative,candidate_107,107,7,23350937,0.0033333333333333335,0.0018065077577380005,0.293712325089082,0.5419523273214001,True,True,True,True
2,lateral_negative,candidate_107,107,8,23350938,0.0033333333333333335,0.005623749687230356,2.8463904490161167,1.6871249061691067,False,True,True,True
2,lateral_negative,candidate_107,107,9,23350939,0.0033333333333333335,0.0017472786336255833,0.27476843611720364,0.524183590087675,True,True,True,True
2,lateral_negative,candidate_107,107,10,23350940,0.0033333333333333335,0.009378664804341708,7.916341816097808,2.8135994413025123,False,False,False,True
2,lateral_negative,candidate_107,107,11,23350941,0.0033333333333333335,0.004979067942475292,2.2312005818206617,1.4937203827425873,True,True,True,True
2,lateral_negative,candidate_107,107,12,23350942,0.0033333333333333335,0.008100221965353531,5.905223629919623,2.430066589606059,False,True,True,True
2,lateral_negative,candidate_107,107,13,23350943,0.0033333333333333335,0.003890120949617655,1.3619736902388746,1.1670362848852964,True,True,True,True
2,lateral_negative,candidate_107,107,14,23350944,0.0033333333333333335,0.0067655488322426625,4.1195385901314046,2.0296646496727986,False,True,True,True
2,lateral_negative,candidate_107,107,15,23350945,0.0033333333333333335,0.0070776491360723505,4.508380556401111,2.123294740821705,False,True,True,True
2,lateral_negative,candidate_107,107,16,23350946,0.0033333333333333335,0.0081463172103117,5.972623568191853,2.44389516309351,False,True,True,True
2,lateral_negative,candidate_107,107,17,23350947,0.0033333333333333335,0.004331240948457997,1.6883683338239395,1.299372284537399,True,True,True,True
2,lateral_negative,candidate_107,107,18,23350948,0.0033333333333333335,0.0053241366259469325,2.551178773057462,1.5972409877840796,False,True,True,True
2,lateral_negative,candidate_107,107,19,23350949,0.0033333333333333335,0.0062419440959176715,3.506567948690532,1.8725832287753013,False,True,True,True
2,lateral_negative,candidate_107,107,20,23350950,0.0033333333333333335,0.006187986230888006,3.4462056234293588,1.8563958692664018,False,True,True,True
2,lateral_negative,candidate_107,107,21,23350951,0.0033333333333333335,0.004368880643033677,1.7178406265766915,1.310664192910103,True,True,True,True
2,lateral_negative,candidate_107,107,22,23350952,0.0033333333333333335,0.004102134465504684,1.5144756455773256,1.230640339651405,True,True,True,True
2,lateral_negative,candidate_107,107,23,23350953,0.0033333333333333335,0.006316272507778578,3.5905768553267534,1.8948817523335733,False,True,True,True
2,lateral_negative,candidate_107,107,24,23350954,0.0033333333333333335,0.004237303353175522,1.6159265736149269,1.2711910059526565,True,True,True,True
2,lateral_negative,candidate_107,107,25,23350955,0.0033333333333333335,0.0040642686766529925,1.4866451888420398,1.2192806029958976,True,True,True,True
2,lateral_negative,candidate_107,107,26,23350956,0.0033333333333333335,0.0034363539039266398,1.062767533772867,1.0309061711779919,True,True,True,True
2,lateral_negative,candidate_107,107,27,23350957,0.0033333333333333335,0.002453405901161052,0.5417280464266685,0.7360217703483156,True,True,True,True
2,lateral_negative,candidate_107,107,28,23350958,0.0033333333333333335,0.010442462340117309,9.81405177522914,3.1327387020351924,False,False,False,True
2,lateral_negative,candidate_107,107,29,23350959,0.0033333333333333335,0.003546384024976417,1.1319155687347136,1.063915207492925,True,True,True,True
2,lateral_negative,candidate_107,107,30,23350960,0.0033333333333333335,0.008248384159850573,6.123225712362645,2.4745152479551717,False,True,True,True
2,lateral_negative,candidate_107,107,31,23350961,0.0033333333333333335,0.007385676525227226,4.909339596176325,2.2157029575681677,False,True,True,True
2,lateral_negative,candidate_107,107,32,23350962,0.0033333333333333335,0.003521145913797892,1.1158621691630028,1.0563437741393675,True,True,True,True
2,lateral_negative,candidate_107,107,33,23350963,0.0033333333333333335,0.0019363515381738273,0.3374511551449332,0.5809054614521482,True,True,True,True
2,lateral_negative,candidate_107,107,34,23350964,0.0033333333333333335,0.0022640174240588914,0.4613197406798032,0.6792052272176674,True,True,True,True
2,lateral_negative,candidate_107,107,35,23350965,0.0033333333333333335,0.003851989157598141,1.3354038423228267,1.1555967472794422,True,True,True,True
2,lateral_negative,candidate_107,107,36,23350966,0.0033333333333333335,0.004271054796230235,1.6417718165161164,1.2813164388690705,True,True,True,True
2,lateral_negative,candidate_107,107,37,23350967,0.0033333333333333335,0.0017880392172896476,0.28773758183091974,0.5364117651868943,True,True,True,True
2,lateral_negative,candidate_107,107,38,23350968,0.0033333333333333335,0.006573594418160179,3.8890929217019985,1.9720783254480534,False,True,True,True
2,lateral_negative,candidate_107,107,39,23350969,0.0033333333333333335,0.0077084823730315475,5.347863044580426,2.312544711909464,False,True,True,True
2,lateral_negative,candidate_107,107,40,23350970,0.0033333333333333335,0.004588697940332395,1.8950533908849687,1.3766093820997185,True,True,True,True
2,lateral_negative,candidate_107,107,41,23350971,0.0033333333333333335,0.003315502201639629,0.9893299364169503,0.9946506604918887,True,True,True,True
2,lateral_negative,candidate_107,107,42,23350972,0.0033333333333333335,0.00182384542687658,0.29937709270247526,0.547153628062974,True,True,True,True
2,lateral_negative,candidate_107,107,43,23350973,0.0033333333333333335,0.0043292357846817535,1.6868054231432128,1.298770735404526,True,True,True,True
2,lateral_negative,candidate_107,107,44,23350974,0.0033333333333333335,0.0033827360861782875,1.0298613085859516,1.014820825853486,True,True,True,True
2,lateral_negative,candidate_107,107,45,23350975,0.0033333333333333335,0.006946435790923517,4.342767317768089,2.083930737277055,False,True,True,True
2,lateral_negative,candidate_107,107,46,23350976,0.0033333333333333335,0.0037703955138106955,1.2794294097507435,1.1311186541432086,True,True,True,True
2,lateral_negative,candidate_107,107,47,23350977,0.0033333333333333335,0.009338341905427275,7.848416658839318,2.8015025716281823,False,False,False,True
2,lateral_negative,candidate_107,107,48,23350978,0.0033333333333333335,0.00517416756183638,2.409480896216384,1.5522502685509139,False,True,True,True
2,lateral_negative,candidate_107,107,49,23350979,0.0033333333333333335,0.004343096731912313,1.6976240300472671,1.3029290195736938,True,True,True,True
2,lateral_negative,candidate_107,107,50,23350980,0.0033333333333333335,0.003052306024288509,0.838491485931713,0.9156918072865526,True,True,True,True
2,lateral_negative,candidate_107,107,51,23350981,0.0033333333333333335,0.00702051516104824,4.435886981385736,2.1061545483144717,False,True,True,True
2,lateral_negative,candidate_107,107,52,23350982,0.0033333333333333335,0.0015092162431239928,0.20499603016583687,0.4527648729371978,True,True,True,True
2,lateral_negative,candidate_107,107,53,23350983,0.0033333333333333335,0.005017528319345513,2.2658031391890785,1.505258495803654,True,True,True,True
2,lateral_negative,candidate_107,107,54,23350984,0.0033333333333333335,0.005013869632847403,2.262499982567041,1.5041608898542207,True,True,True,True
2,lateral_negative,candidate_107,107,55,23350985,0.0033333333333333335,0.006833389857965364,4.20256952558495,2.050016957389609,False,True,True,True
2,lateral_negative,candidate_107,107,56,23350986,0.0033333333333333335,0.0024867531804073227,0.556554724223934,0.7460259541221967,True,True,True,True
2,lateral_negative,candidate_107,107,57,23350987,0.0033333333333333335,0.004776821237497628,2.053621902150753,1.4330463712492882,True,True,True,True
2,lateral_negative,candidate_107,107,58,23350988,0.0033333333333333335,0.00594419781883902,3.1800138938541505,1.7832593456517059,False,True,True,True
2,lateral_negative,candidate_107,107,59,23350989,0.0033333333333333335,0.008606897037672492,6.6670808955385965,2.5820691113017475,False,False,True,True
2,lateral_negative,candidate_107,107,60,23350990,0.0033333333333333335,0.008699646207638877,6.811545972427694,2.609893862291663,False,False,True,True
2,lateral_negative,candidate_107,107,61,23350991,0.0033333333333333335,0.005348565881958228,2.5746441294282834,1.6045697645874684,False,True,True,True
2,lateral_negative,candidate_107,107,62,23350992,0.0033333333333333335,0.0030094420889484382,0.8151067518060905,0.9028326266845315,True,True,True,True
2,lateral_negative,candidate_107,107,63,23350993,0.0033333333333333335,0.008122369616677316,5.937559937093052,2.4367108850031944,False,True,True,True
2,lateral_negative,candidate_107,107,64,23350994,0.0033333333333333335,0.0046975797946966266,1.9860530334787796,1.4092739384089878,True,True,True,True
2,lateral_negative,candidate_107,107,65,23350995,0.0033333333333333335,0.009604001512076908,8.301316053957796,2.881200453623072,False,False,False,True
2,lateral_negative,candidate_107,107,66,23350996,0.0033333333333333335,0.0086360041802048,6.712251138046328,2.59080125406144,False,False,True,True
2,lateral_negative,candidate_107,107,67,23350997,0.0033333333333333335,0.008752892670289824,6.895181708785197,2.625867801086947,False,False,True,True
2,lateral_negative,candidate_107,107,68,23350998,0.0033333333333333335,0.008261639188006624,6.142921386552605,2.478491756401987,False,True,True,True
2,lateral_negative,candidate_107,107,69,23350999,0.0033333333333333335,0.01016014745363624,9.290573665166784,3.0480442360908717,False,False,False,True
2,lateral_negative,candidate_107,107,70,23351000,0.0033333333333333335,0.0017856800615728761,0.2869787954069019,0.5357040184718628,True,True,True,True
2,lateral_negative,candidate_107,107,71,23351001,0.0033333333333333335,0.004103462002025906,1.5154560361863405,1.2310386006077716,True,True,True,True
2,lateral_negative,candidate_107,107,72,23351002,0.0033333333333333335,0.005026151865517325,2.2735982317718952,1.5078455596551974,True,True,True,True
2,lateral_negative,candidate_107,107,73,23351003,0.0033333333333333335,0.004361159485492455,1.7117740852110732,1.3083478456477364,True,True,True,True
2,lateral_negative,candidate_107,107,74,23351004,0.0033333333333333335,0.004831875207498332,2.101231621875334,1.4495625622494996,True,True,True,True
2,lateral_negative,candidate_107,107,75,23351005,0.0033333333333333335,0.009077688599560279,7.416398727952797,2.7233065798680833,False,False,True,True
2,lateral_negative,candidate_107,107,76,23351006,0.0033333333333333335,0.007248563829372283,4.728750982963575,2.1745691488116847,False,True,True,True
2,lateral_negative,candidate_107,107,77,23351007,0.0033333333333333335,0.008858405346057007,7.0624210747546226,2.657521603817102,False,False,True,True
2,lateral_negative,candidate_107,107,78,23351008,0.0033333333333333335,0.003911950315962616,1.377301974710401,1.173585094788785,True,True,True,True
2,lateral_negative,candidate_107,107,79,23351009,0.0033333333333333335,0.004254909585462197,1.6293830022412277,1.2764728756386592,True,True,True,True
2,lateral_negative,candidate_107,107,80,23351010,0.0033333333333333335,0.0065510315876687935,3.862441337637087,1.965309476300638,False,True,True,True
2,lateral_negative,candidate_107,107,81,23351011,0.0033333333333333335,0.0032138825451340073,0.9296136912525338,0.9641647635402021,True,True,True,True
2,lateral_negative,candidate_107,107,82,23351012,0.0033333333333333335,0.007033420268533404,4.452210060643484,2.1100260805600213,False,True,True,True
2,lateral_negative,candidate_107,107,83,23351013,0.0033333333333333335,0.008968549727145099,7.239139578744696,2.6905649181435294,False,False,True,True
2,lateral_negative,candidate_107,107,84,23351014,0.0033333333333333335,0.004310060575259629,1.6718959946166625,1.2930181725778886,True,True,True,True
2,lateral_negative,candidate_107,107,85,23351015,0.0033333333333333335,0.006332816594077472,3.6094109412800686,1.8998449782232414,False,True,True,True
2,lateral_negative,candidate_107,107,86,23351016,0.0033333333333333335,0.004234812435512072,1.6140272727570912,1.2704437306536214,True,True,True,True
2,lateral_negative,candidate_107,107,87,23351017,0.0033333333333333335,0.006832043577493919,4.200913750029831,2.049613073248176,False,True,True,True
2,lateral_negative,candidate_107,107,88,23351018,0.0033333333333333335,0.0011744276806362002,0.12413523393400719,0.35232830419086003,True,True,True,True
2,lateral_negative,candidate_107,107,89,23351019,0.0033333333333333335,0.0033759530578119966,1.0257353143695151,1.012785917343599,True,True,True,True
2,lateral_negative,candidate_107,107,90,23351020,0.0033333333333333335,0.006260517655691515,3.527467318550266,1.8781552967074544,False,True,True,True
2,lateral_negative,candidate_107,107,91,23351021,0.0033333333333333335,0.0031087798595633865,0.8698060993704252,0.9326339578690159,True,True,True,True
2,lateral_negative,candidate_107,107,92,23351022,0.0033333333333333335,0.006439015831571134,3.7314832391301325,1.9317047494713402,False,True,True,True
2,lateral_negative,candidate_107,107,93,23351023,0.0033333333333333335,0.006291810673102164,3.5628193391546072,1.8875432019306493,False,True,True,True
2,lateral_negative,candidate_107,107,94,23351024,0.0033333333333333335,0.0048017803692515185,2.075138524307632,1.4405341107754555,True,True,True,True
2,lateral_negative,candidate_107,107,95,23351025,0.0033333333333333335,0.007356015998332226,4.869987423094768,2.206804799499668,False,True,True,True
2,lateral_negative,candidate_107,107,96,23351026,0.0033333333333333335,0.004726400974048681,2.0104979550739484,1.4179202922146041,True,True,True,True
2,lateral_negative,candidate_107,107,97,23351027,0.0033333333333333335,0.00886270822309128,7.06928373428848,2.658812466927384,False,False,True,True
2,lateral_negative,candidate_107,107,98,23351028,0.0033333333333333335,0.008639142166296724,6.717129963253743,2.591742649889017,False,False,True,True
2,lateral_negative,candidate_107,107,99,23351029,0.0033333333333333335,0.0024125480369606165,0.5238349227578271,0.7237644110881849,True,True,True,True
3,superior_shift,initial,-1,0,23270930,0.002,0.0042234365480205505,4.459354068788936,2.111718274010275,False,True,True,True
3,superior_shift,initial,-1,1,23270931,0.002,0.004636789234511304,5.374953601319982,2.318394617255652,False,True,True,True
3,superior_shift,initial,-1,2,23270932,0.002,0.0034294143380112193,2.9402206754392326,1.7147071690056095,False,True,True,True
3,superior_shift,initial,-1,3,23270933,0.002,0.004095193064919442,4.192651559741074,2.0475965324597207,False,True,True,True
3,superior_shift,initial,-1,4,23270934,0.002,0.0032478393209445272,2.637115063668352,1.6239196604722637,False,True,True,True
3,superior_shift,initial,-1,5,23270935,0.002,0.0018933452286782671,0.8961890387396899,0.9466726143391335,True,True,True,True
3,superior_shift,initial,-1,6,23270936,0.002,0.0020821657742229284,1.0838535778363416,1.0410828871114641,True,True,True,True
3,superior_shift,initial,-1,7,23270937,0.002,0.0016716158685218694,0.698574902973531,0.8358079342609347,True,True,True,True
3,superior_shift,initial,-1,8,23270938,0.002,0.001311149617448222,0.42977832983365477,0.655574808724111,True,True,True,True
3,superior_shift,initial,-1,9,23270939,0.002,0.0029897759248637477,2.2346900202237197,1.4948879624318738,True,True,True,True
3,superior_shift,initial,-1,10,23270940,0.002,0.002658778523105052,1.7672758087311704,1.329389261552526,True,True,True,True
3,superior_shift,initial,-1,11,23270941,0.002,0.002797187775767082,1.956064863225199,1.398593887883541,True,True,True,True
3,superior_shift,initial,-1,12,23270942,0.002,0.0008816830893398073,0.1943412675069467,0.44084154466990366,True,True,True,True
3,superior_shift,initial,-1,13,23270943,0.002,0.002560560886077147,1.639118012827046,1.2802804430385735,True,True,True,True
3,superior_shift,initial,-1,14,23270944,0.002,0.0037196719043876758,3.4589897690727596,1.859835952193838,False,True,True,True
3,superior_shift,initial,-1,15,23270945,0.002,0.0024459701438279626,1.495692486124446,1.2229850719139812,True,True,True,True
3,superior_shift,initial,-1,16,23270946,0.002,0.0033110679433424267,2.740792731357462,1.6555339716712134,False,True,True,True
3,superior_shift,initial,-1,17,23270947,0.002,0.0011976822779425286,0.3586107097244011,0.5988411389712643,True,True,True,True
3,superior_shift,initial,-1,18,23270948,0.002,0.0028150521645974517,1.9811296723512,1.407526082298726,True,True,True,True
3,superior_shift,initial,-1,19,23270949,0.002,0.0034046057953370707,2.8978351554106925,1.7023028976685353,False,True,True,True
3,superior_shift,initial,-1,20,23270950,0.002,0.00485267663901985,5.887117640722248,2.426338319509925,False,True,True,True
3,superior_shift,initial,-1,21,23270951,0.002,0.0029063433455008654,2.111707910484291,1.4531716727504327,True,True,True,True
3,superior_shift,initial,-1,22,23270952,0.002,0.003611163537947971,3.2601255244512273,1.8055817689739855,False,True,True,True
3,superior_shift,initial,-1,23,23270953,0.002,0.0033946611855517157,2.8809311411728453,1.6973305927758577,False,True,True,True
3,superior_shift,initial,-1,24,23270954,0.002,0.002728259082735187,1.860849405631761,1.3641295413675936,True,True,True,True
3,superior_shift,initial,-1,25,23270955,0.002,0.004915037766145029,6.0393990606579795,2.4575188830725145,False,True,True,True
3,superior_shift,initial,-1,26,23270956,0.002,0.002506873797178078,1.571104058744509,1.253436898589039,True,True,True,True
3,superior_shift,initial,-1,27,23270957,0.002,0.0028265906446549314,1.9974036681126952,1.4132953223274656,True,True,True,True
3,superior_shift,initial,-1,28,23270958,0.002,0.0021076718001646934,1.11057010430237,1.0538359000823467,True,True,True,True
3,superior_shift,initial,-1,29,23270959,0.002,0.004081191296371301,4.164030599394216,2.0405956481856506,False,True,True,True
3,superior_shift,initial,-1,30,23270960,0.002,0.004664530302323032,5.43946073532245,2.3322651511615162,False,True,True,True
3,superior_shift,initial,-1,31,23270961,0.002,0.0011290401903925266,0.3186829378803982,0.5645200951962633,True,True,True,True
3,superior_shift,initial,-1,32,23270962,0.002,0.0027836294773300406,1.9371482667651787,1.3918147386650204,True,True,True,True
3,superior_shift,initial,-1,33,23270963,0.002,0.0026511870472990346,1.7571981899415434,1.3255935236495173,True,True,True,True
3,superior_shift,initial,-1,34,23270964,0.002,0.0018609700750553768,0.8658024050629037,0.9304850375276884,True,True,True,True
3,superior_shift,initial,-1,35,23270965,0.002,0.002721328706338169,1.851407481985043,1.3606643531690843,True,True,True,True
3,superior_shift,initial,-1,36,23270966,0.002,0.0021207232172124444,1.1243667410059752,1.0603616086062222,True,True,True,True
3,superior_shift,initial,-1,37,23270967,0.002,0.005653712117387428,7.991115176573359,2.8268560586937137,False,False,False,True
3,superior_shift,initial,-1,38,23270968,0.002,0.002093873055642859,1.0960760932867908,1.0469365278214293,True,True,True,True
3,superior_shift,initial,-1,39,23270969,0.002,0.002040955815381779,1.0413751600851757,1.0204779076908896,True,True,True,True
3,superior_shift,initial,-1,40,23270970,0.002,0.003259999382901979,2.6568989941303216,1.6299996914509896,False,True,True,True
3,superior_shift,initial,-1,41,23270971,0.002,0.0016556772529577096,0.6853167914903969,0.8278386264788548,True,True,True,True
3,superior_shift,initial,-1,42,23270972,0.002,0.00206948530536603,1.0706923572814828,1.034742652683015,True,True,True,True
3,superior_shift,initial,-1,43,23270973,0.002,0.004097452884968445,4.197280036134057,2.0487264424842224,False,True,True,True
3,superior_shift,initial,-1,44,23270974,0.002,0.0032167986651929115,2.5869484130967244,1.6083993325964556,False,True,True,True
3,superior_shift,initial,-1,45,23270975,0.002,0.0017237365733567063,0.74281694358188,0.8618682866783531,True,True,True,True
3,superior_shift,initial,-1,46,23270976,0.002,0.002775322580794827,1.9256038568674145,1.3876612903974135,True,True,True,True
3,superior_shift,initial,-1,47,23270977,0.002,0.0021808204866790785,1.1889944987797934,1.0904102433395393,True,True,True,True
3,superior_shift,initial,-1,48,23270978,0.002,0.003753809760774857,3.5227719300221474,1.8769048803874284,False,True,True,True
3,superior_shift,initial,-1,49,23270979,0.002,0.0029670058021585444,2.200780857510617,1.4835029010792722,True,True,True,True
3,superior_shift,initial,-1,50,23270980,0.002,0.005574779966221974,7.7695429179474695,2.787389983110987,False,False,True,True
3,superior_shift,initial,-1,51,23270981,0.002,0.0034508181674444967,2.977036506191249,1.7254090837222482,False,True,True,True
3,superior_shift,initial,-1,52,23270982,0.002,0.002324058568694139,1.3503120576801626,1.1620292843470694,True,True,True,True
3,superior_shift,initial,-1,53,23270983,0.002,0.0023563149775922307,1.3880550684063688,1.1781574887961153,True,True,True,True
3,superior_shift,initial,-1,54,23270984,0.002,0.0026859460150023035,1.8035764988766885,1.3429730075011517,True,True,True,True
3,superior_shift,initial,-1,55,23270985,0.002,0.0032789510879749455,2.68788005933302,1.6394755439874726,False,True,True,True
3,superior_shift,initial,-1,56,23270986,0.002,0.0050697469244813265,6.425583469571968,2.5348734622406632,False,False,True,True
3,superior_shift,initial,-1,57,23270987,0.002,0.005900668114653439,8.704471049821944,2.9503340573267196,False,False,False,True
3,superior_shift,initial,-1,58,23270988,0.002,0.004053590374928547,4.107898731928339,2.0267951874642733,False,True,True,True
3,superior_shift,initial,-1,59,23270989,0.002,0.005563528814587676,7.738213217686838,2.7817644072938377,False,False,True,True
3,superior_shift,initial,-1,60,23270990,0.002,0.0028743289657152823,2.065441750787471,1.437164482857641,True,True,True,True
3,superior_shift,initial,-1,61,23270991,0.002,0.00592472130844815,8.77558064569489,2.962360654224075,False,False,False,True
3,superior_shift,initial,-1,62,23270992,0.002,0.005064495012060615,6.4122774317967135,2.5322475060303073,False,False,True,True
3,superior_shift,initial,-1,63,23270993,0.002,0.0024327670663109985,1.4795888997318556,1.2163835331554993,True,True,True,True
3,superior_shift,initial,-1,64,23270994,0.002,0.003408957519402085,2.9052478422720043,1.7044787597010425,False,True,True,True
3,superior_shift,initial,-1,65,23270995,0.002,0.004958098411144196,6.145684963647651,2.479049205572098,False,True,True,True
3,superior_shift,initial,-1,66,23270996,0.002,0.001661906963860865,0.6904836891323095,0.8309534819304324,True,True,True,True
3,superior_shift,initial,-1,67,23270997,0.002,0.005088250692653975,6.472573777823414,2.5441253463269873,False,False,True,True
3,superior_shift,initial,-1,68,23270998,0.002,0.0020449762882099693,1.045482004835256,1.0224881441049847,True,True,True,True
3,superior_shift,initial,-1,69,23270999,0.002,0.004255196587336671,4.526674499220412,2.1275982936683353,False,True,True,True
3,superior_shift,initial,-1,70,23271000,0.002,0.0032975012083789374,2.7183785548151382,1.6487506041894686,False,True,True,True
3,superior_shift,initial,-1,71,23271001,0.002,0.0013940677265656567,0.4858562065629846,0.6970338632828283,True,True,True,True
3,superior_shift,initial,-1,72,23271002,0.002,0.003974531843015426,3.949225842785899,1.9872659215077129,False,True,True,True
3,superior_shift,initial,-1,73,23271003,0.002,0.005612423456535804,7.874824263868326,2.8062117282679018,False,False,False,True
3,superior_shift,initial,-1,74,23271004,0.002,0.003138194837592236,2.4620667096726403,1.569097418796118,False,True,True,True
3,superior_shift,initial,-1,75,23271005,0.002,0.002284245788957153,1.3044447060921216,1.1421228944785764,True,True,True,True
3,superior_shift,initial,-1,76,23271006,0.002,0.0037104782221659637,3.4419121592919732,1.8552391110829818,False,True,True,True
3,superior_shift,initial,-1,77,23271007,0.002,0.0032174970217357045,2.5880717712195325,1.6087485108678523,False,True,True,True
3,superior_shift,initial,-1,78,23271008,0.002,0.0024457224480103896,1.4953895731754834,1.2228612240051948,True,True,True,True
3,superior_shift,initial,-1,79,23271009,0.002,0.0048963819858457895,5.993639137828789,2.448190992922895,False,True,True,True
3,superior_shift,initial,-1,80,23271010,0.002,0.003112222112695608,2.4214816196878783,1.556111056347804,False,True,True,True
3,superior_shift,initial,-1,81,23271011,0.002,0.00415647524489691,4.3190716153602065,2.0782376224484547,False,True,True,True
3,superior_shift,initial,-1,82,23271012,0.002,0.003663345587763493,3.355025223846563,1.8316727938817465,False,True,True,True
3,superior_shift,initial,-1,83,23271013,0.002,0.0010676175246416755,0.28495179473050464,0.5338087623208377,True,True,True,True
3,superior_shift,initial,-1,84,23271014,0.002,0.00570606186779467,8.139785509775098,2.8530309338973345,False,False,False,True
3,superior_shift,initial,-1,85,23271015,0.002,0.00039864209156728056,0.039728879292284025,0.19932104578364027,True,True,True,True
3,superior_shift,initial,-1,86,23271016,0.002,0.003794418082839656,3.599402146845143,1.897209041419828,False,True,True,True
3,superior_shift,initial,-1,87,23271017,0.002,0.0012278387752396285,0.3768970144954878,0.6139193876198142,True,True,True,True
3,superior_shift,initial,-1,88,23271018,0.002,0.002736919327324294,1.8726818510703165,1.3684596636621469,True,True,True,True
3,superior_shift,initial,-1,89,23271019,0.002,0.0012985329486369837,0.42154695467396486,0.6492664743184918,True,True,True,True
3,superior_shift,initial,-1,90,23271020,0.002,0.0017278844961591713,0.7463962080168083,0.8639422480795856,True,True,True,True
3,superior_shift,initial,-1,91,23271021,0.002,0.004394123821738258,4.827081040191909,2.1970619108691287,False,True,True,True
3,superior_shift,initial,-1,92,23271022,0.002,0.0027749442423331,1.9250788870144053,1.38747212116655,True,True,True,True
3,superior_shift,initial,-1,93,23271023,0.002,0.003229156014931518,2.6068621421921008,1.614578007465759,False,True,True,True
3,superior_shift,initial,-1,94,23271024,0.002,0.0016485001363325856,0.6793881748721384,0.8242500681662928,True,True,True,True
3,superior_shift,initial,-1,95,23271025,0.002,0.003327620694315056,2.768264871308454,1.6638103471575278,False,True,True,True
3,superior_shift,initial,-1,96,23271026,0.002,0.00426281810049882,4.542904539485092,2.13140905024941,False,True,True,True
3,superior_shift,initial,-1,97,23271027,0.002,0.004616327295318727,5.327619424376178,2.3081636476593634,False,True,True,True
3,superior_shift,initial,-1,98,23271028,0.002,0.0019034480123041094,0.9057785838861163,0.9517240061520547,True,True,True,True
3,superior_shift,initial,-1,99,23271029,0.002,0.0035050546574866325,3.071352037992184,1.7525273287433163,False,True,True,True
3,superior_shift,candidate_0,0,0,23280930,0.002,0.0031490115913367376,2.4790685005932835,1.5745057956683688,False,True,True,True
3,superior_shift,candidate_0,0,1,23280931,0.002,0.0041437700410106,4.292707538194247,2.0718850205053,False,True,True,True
3,superior_shift,candidate_0,0,2,23280932,0.002,0.005028399592633974,6.32120061580038,2.514199796316987,False,False,True,True
3,superior_shift,candidate_0,0,3,23280933,0.002,0.003116817250626576,2.4286374434508518,1.5584086253132878,False,True,True,True
3,superior_shift,candidate_0,0,4,23280934,0.002,0.003924321969862808,3.850075730786977,1.962160984931404,False,True,True,True
3,superior_shift,candidate_0,0,5,23280935,0.002,0.0013281679885011198,0.4410075514197777,0.6640839942505599,True,True,True,True
3,superior_shift,candidate_0,0,6,23280936,0.002,0.0033341436937916265,2.779128542712618,1.6670718468958132,False,True,True,True
3,superior_shift,candidate_0,0,7,23280937,0.002,0.004976145087172329,6.190504982147326,2.4880725435861644,False,True,True,True
3,superior_shift,candidate_0,0,8,23280938,0.002,0.0018965828177856584,0.899256596179947,0.9482914088928291,True,True,True,True
3,superior_shift,candidate_0,0,9,23280939,0.002,0.0017037263955736832,0.7256709077436236,0.8518631977868416,True,True,True,True
3,superior_shift,candidate_0,0,10,23280940,0.002,0.003116356874653005,2.427920042549261,1.5581784373265024,False,True,True,True
3,superior_shift,candidate_0,0,11,23280941,0.002,0.0027897166229874414,1.9456297091431136,1.3948583114937207,True,True,True,True
3,superior_shift,candidate_0,0,12,23280942,0.002,0.0012106899911911702,0.36644256369261896,0.6053449955955851,True,True,True,True
3,superior_shift,candidate_0,0,13,23280943,0.002,0.0025882896117581534,1.6748107785837931,1.2941448058790768,True,True,True,True
3,superior_shift,candidate_0,0,14,23280944,0.002,0.0035688859312443654,3.1842366975584904,1.7844429656221827,False,True,True,True
3,superior_shift,candidate_0,0,15,23280945,0.002,0.0032721952603162983,2.676815455409112,1.6360976301581491,False,True,True,True
3,superior_shift,candidate_0,0,16,23280946,0.002,0.0031749879030090965,2.520137046063525,1.5874939515045483,False,True,True,True
3,superior_shift,candidate_0,0,17,23280947,0.002,0.0016454373195807779,0.6768659931672938,0.8227186597903889,True,True,True,True
3,superior_shift,candidate_0,0,18,23280948,0.002,0.002976662050101259,2.2151292401282574,1.4883310250506294,True,True,True,True
3,superior_shift,candidate_0,0,19,23280949,0.002,0.0023568774579791193,1.388717837982529,1.1784387289895597,True,True,True,True
3,superior_shift,candidate_0,0,20,23280950,0.002,0.005229809892831522,6.837727878789614,2.6149049464157605,False,False,True,True
3,superior_shift,candidate_0,0,21,23280951,0.002,0.0015972591481748062,0.6378091966070268,0.7986295740874031,True,True,True,True
3,superior_shift,candidate_0,0,22,23280952,0.002,0.00428483964704241,4.58996270021663,2.142419823521205,False,True,True,True
3,superior_shift,candidate_0,0,23,23280953,0.002,0.0014906991086625825,0.5555459581418545,0.7453495543312912,True,True,True,True
3,superior_shift,candidate_0,0,24,23280954,0.002,0.0038962261901638903,3.7951446312297556,1.9481130950819452,False,True,True,True
3,superior_shift,candidate_0,0,25,23280955,0.002,0.0026677966642440483,1.7792847604379178,1.3338983321220241,True,True,True,True
3,superior_shift,candidate_0,0,26,23280956,0.002,0.0033468316012167437,2.8003204417257583,1.673415800608372,False,True,True,True
3,superior_shift,candidate_0,0,27,23280957,0.002,0.0012966369309942443,0.4203168327045432,0.6483184654971221,True,True,True,True
3,superior_shift,candidate_0,0,28,23280958,0.002,0.0015328562403077836,0.5874120633626285,0.7664281201538918,True,True,True,True
3,superior_shift,candidate_0,0,29,23280959,0.002,0.004433371265561994,4.913695194577689,2.216685632780997,False,True,True,True
3,superior_shift,candidate_0,0,30,23280960,0.002,0.0025662523314112793,1.6464127571184566,1.2831261657056396,True,True,True,True
3,superior_shift,candidate_0,0,31,23280961,0.002,0.0016645613241082912,0.6926911004292868,0.8322806620541455,True,True,True,True
3,superior_shift,candidate_0,0,32,23280962,0.002,0.004776300607826852,5.7032618740817895,2.388150303913426,False,True,True,True
3,superior_shift,candidate_0,0,33,23280963,0.002,0.0037900568474049743,3.5911327266403337,1.895028423702487,False,True,True,True
3,superior_shift,candidate_0,0,34,23280964,0.002,0.00461266066116324,5.319159593760724,2.30633033058162,False,True,True,True
3,superior_shift,candidate_0,0,35,23280965,0.002,0.005691387921137698,8.097974117218023,2.845693960568849,False,False,False,True
3,superior_shift,candidate_0,0,36,23280966,0.002,0.0041156804864383644,4.2347064666123835,2.0578402432191822,False,True,True,True
3,superior_shift,candidate_0,0,37,23280967,0.002,0.0007423467286251667,0.13776966637512172,0.37117336431258335,True,True,True,True
3,superior_shift,candidate_0,0,38,23280968,0.002,0.004238469925920442,4.4911568282330085,2.119234962960221,False,True,True,True
3,superior_shift,candidate_0,0,39,23280969,0.002,0.0007322187791982044,0.13403608515262722,0.3661093895991022,True,True,True,True
3,superior_shift,candidate_0,0,40,23280970,0.002,0.003101126541103189,2.404246455983657,1.5505632705515944,False,True,True,True
3,superior_shift,candidate_0,0,41,23280971,0.002,0.0026199955306300668,1.7160941451303813,1.3099977653150334,True,True,True,True
3,superior_shift,candidate_0,0,42,23280972,0.002,0.005323701744416226,7.085450065875092,2.6618508722081127,False,False,True,True
3,superior_shift,candidate_0,0,43,23280973,0.002,0.0036861172749531484,3.3968651411770066,1.843058637476574,False,True,True,True
3,superior_shift,candidate_0,0,44,23280974,0.002,0.002871695435627988,2.061658668751655,1.4358477178139941,True,True,True,True
3,superior_shift,candidate_0,0,45,23280975,0.002,0.0009339427619420307,0.2180622706459772,0.46697138097101537,True,True,True,True
3,superior_shift,candidate_0,0,46,23280976,0.002,0.0022498323879936682,1.265436443516323,1.1249161939968342,True,True,True,True
3,superior_shift,candidate_0,0,47,23280977,0.002,0.002728186594670384,1.8607505238347968,1.364093297335192,True,True,True,True
3,superior_shift,candidate_0,0,48,23280978,0.002,0.002153723599934673,1.1596313362288917,1.0768617999673364,True,True,True,True
3,superior_shift,candidate_0,0,49,23280979,0.002,0.0034723408436601578,3.014287733637634,1.7361704218300789,False,True,True,True
3,superior_shift,candidate_0,0,50,23280980,0.002,0.003746930352739661,3.5098717670704405,1.8734651763698305,False,True,True,True
3,superior_shift,candidate_0,0,51,23280981,0.002,0.0031812999379738135,2.5301673238380475,1.5906499689869067,False,True,True,True
3,superior_shift,candidate_0,0,52,23280982,0.002,0.00245823662555634,1.5107318268066556,1.22911831277817,True,True,True,True
3,superior_shift,candidate_0,0,53,23280983,0.002,0.0027748225994527792,1.9249101146084697,1.3874112997263897,True,True,True,True
3,superior_shift,candidate_0,0,54,23280984,0.002,0.003668878391023648,3.365167162030068,1.834439195511824,False,True,True,True
3,superior_shift,candidate_0,0,55,23280985,0.002,0.003817284305204979,3.6429148666910653,1.9086421526024895,False,True,True,True
3,superior_shift,candidate_0,0,56,23280986,0.002,0.004547299620751695,5.169483460222128,2.2736498103758476,False,True,True,True
3,superior_shift,candidate_0,0,57,23280987,0.002,0.0020456865191587283,1.0462083336669386,1.0228432595793642,True,True,True,True
3,superior_shift,candidate_0,0,58,23280988,0.002,0.0035306124628075057,3.11630609063292,1.7653062314037529,False,True,True,True
3,superior_shift,candidate_0,0,59,23280989,0.002,0.0026824648786972992,1.7989044563611292,1.3412324393486497,True,True,True,True
3,superior_shift,candidate_0,0,60,23280990,0.002,0.0032711370307428865,2.675084368474347,1.6355685153714432,False,True,True,True
3,superior_shift,candidate_0,0,61,23280991,0.002,0.003383128014927811,2.861388791347348,1.6915640074639056,False,True,True,True
3,superior_shift,candidate_0,0,62,23280992,0.002,0.004422465200471331,4.889549612344982,2.2112326002356655,False,True,True,True
3,superior_shift,candidate_0,0,63,23280993,0.002,0.0032534886774935896,2.6462971436447464,1.6267443387467948,False,True,True,True
3,superior_shift,candidate_0,0,64,23280994,0.002,0.0023045679978489705,1.3277584141774033,1.1522839989244853,True,True,True,True
3,superior_shift,candidate_0,0,65,23280995,0.002,0.005033702186017667,6.334539424379759,2.5168510930088335,False,False,True,True
3,superior_shift,candidate_0,0,66,23280996,0.002,0.0018771599187134681,0.8809323401060886,0.938579959356734,True,True,True,True
3,superior_shift,candidate_0,0,67,23280997,0.002,0.0032236987394952607,2.5980583907558334,1.6118493697476304,False,True,True,True
3,superior_shift,candidate_0,0,68,23280998,0.002,0.0031834050716677866,2.5335169625800464,1.5917025358338932,False,True,True,True
3,superior_shift,candidate_0,0,69,23280999,0.002,0.0028217231163628234,1.9905303363540812,1.4108615581814117,True,True,True,True
3,superior_shift,candidate_0,0,70,23281000,0.002,0.008728548257344688,19.04688867019875,4.364274128672344,False,False,False,False
3,superior_shift,candidate_0,0,71,23281001,0.002,0.002073731445419784,1.0750905269307067,1.036865722709892,True,True,True,True
3,superior_shift,candidate_0,0,72,23281002,0.002,0.004387096556951037,4.811654050002912,2.1935482784755185,False,True,True,True
3,superior_shift,candidate_0,0,73,23281003,0.002,0.0017187879400815276,0.7385579957424253,0.8593939700407638,True,True,True,True
3,superior_shift,candidate_0,0,74,23281004,0.002,0.005020450129680254,6.30122987615162,2.5102250648401268,False,False,True,True
3,superior_shift,candidate_0,0,75,23281005,0.002,0.002198096231360978,1.2079067605808338,1.099048115680489,True,True,True,True
3,superior_shift,candidate_0,0,76,23281006,0.002,0.002185583833965217,1.1941941738225241,1.0927919169826084,True,True,True,True
3,superior_shift,candidate_0,0,77,23281007,0.002,0.003431482074191012,2.9437673063735623,1.715741037095506,False,True,True,True
3,superior_shift,candidate_0,0,78,23281008,0.002,0.0019673657701670838,0.9676320184062807,0.9836828850835418,True,True,True,True
3,superior_shift,candidate_0,0,79,23281009,0.002,0.005401344626801206,7.293630944368566,2.700672313400603,False,False,True,True
3,superior_shift,candidate_0,0,80,23281010,0.002,0.00376630979682147,3.546272371408346,1.8831548984107351,False,True,True,True
3,superior_shift,candidate_0,0,81,23281011,0.002,0.006865778632364965,11.784729057159835,3.4328893161824827,False,False,False,False
3,superior_shift,candidate_0,0,82,23281012,0.002,0.0040716608908205835,4.1446056024594675,2.0358304454102916,False,True,True,True
3,superior_shift,candidate_0,0,83,23281013,0.002,0.002449463747812932,1.499968162962444,1.224731873906466,True,True,True,True
3,superior_shift,candidate_0,0,84,23281014,0.002,0.0012964294208432326,0.42018231080697993,0.6482147104216163,True,True,True,True
3,superior_shift,candidate_0,0,85,23281015,0.002,0.0032027010660109793,2.564323529556966,1.6013505330054896,False,True,True,True
3,superior_shift,candidate_0,0,86,23281016,0.002,0.006263972560373405,9.80933805927774,3.1319862801867027,False,False,False,True
3,superior_shift,candidate_0,0,87,23281017,0.002,0.003680342108789856,3.3862295094329413,1.8401710543949281,False,True,True,True
3,superior_shift,candidate_0,0,88,23281018,0.002,0.004009753596426838,4.01953097601449,2.004876798213419,False,True,True,True
3,superior_shift,candidate_0,0,89,23281019,0.002,0.001984602341553288,0.9846616135246985,0.992301170776644,True,True,True,True
3,superior_shift,candidate_0,0,90,23281020,0.002,0.004139516429011772,4.283899066514593,2.0697582145058857,False,True,True,True
3,superior_shift,candidate_0,0,91,23281021,0.002,0.0026135968540393103,1.7077221288610451,1.306798427019655,True,True,True,True
3,superior_shift,candidate_0,0,92,23281022,0.002,0.0046590603410248885,5.426710815327738,2.3295301705124443,False,True,True,True
3,superior_shift,candidate_0,0,93,23281023,0.002,0.002323920705576472,1.3501518614517618,1.161960352788236,True,True,True,True
3,superior_shift,candidate_0,0,94,23281024,0.002,0.0006719880610826064,0.1128919885593902,0.3359940305413032,True,True,True,True
3,superior_shift,candidate_0,0,95,23281025,0.002,0.0024744354792012114,1.530707735182432,1.2372177396006057,True,True,True,True
3,superior_shift,candidate_0,0,96,23281026,0.002,0.0012325940065877209,0.37982199626899266,0.6162970032938604,True,True,True,True
3,superior_shift,candidate_0,0,97,23281027,0.002,0.0019202525669418063,0.9218424802116492,0.9601262834709031,True,True,True,True
3,superior_shift,candidate_0,0,98,23281028,0.002,0.0030281055001972344,2.292355730081186,1.5140527500986172,True,True,True,True
3,superior_shift,candidate_0,0,99,23281029,0.002,0.004569193353372258,5.219381975125304,2.284596676686129,False,True,True,True
3,superior_shift,candidate_26,26,0,23540930,0.002,0.0008722729326393397,0.19021501725380852,0.43613646631966985,True,True,True,True
3,superior_shift,candidate_26,26,1,23540931,0.002,0.0028598451868631306,2.0446786232060536,1.4299225934315654,True,True,True,True
3,superior_shift,candidate_26,26,2,23540932,0.002,0.0027534061039107558,1.895311293263252,1.3767030519553778,True,True,True,True
3,superior_shift,candidate_26,26,3,23540933,0.002,0.00512737771486638,6.572500557727096,2.56368885743319,False,False,True,True
3,superior_shift,candidate_26,26,4,23540934,0.002,0.004442962343261762,4.934978595910511,2.221481171630881,False,True,True,True
3,superior_shift,candidate_26,26,5,23540935,0.002,0.0016036890288704413,0.6429546253298548,0.8018445144352206,True,True,True,True
3,superior_shift,candidate_26,26,6,23540936,0.002,0.0020461436090408584,1.0466759172046873,1.0230718045204292,True,True,True,True
3,superior_shift,candidate_26,26,7,23540937,0.002,0.003156342484434553,2.490624469761622,1.5781712422172764,False,True,True,True
3,superior_shift,candidate_26,26,8,23540938,0.002,0.0024570006020924445,1.5092129896706585,1.228500301046222,True,True,True,True
3,superior_shift,candidate_26,26,9,23540939,0.002,0.002995743181549091,2.2436193024494675,1.4978715907745455,True,True,True,True
3,superior_shift,candidate_26,26,10,23540940,0.002,0.006065364668749704,9.197162141229303,3.032682334374852,False,False,False,True
3,superior_shift,candidate_26,26,11,23540941,0.002,0.0041675264789567314,4.342069238201373,2.083763239478366,False,True,True,True
3,superior_shift,candidate_26,26,12,23540942,0.002,0.001070776045777038,0.2866403350524774,0.535388022888519,True,True,True,True
3,superior_shift,candidate_26,26,13,23540943,0.002,0.002971291406842362,2.2071431560938155,1.485645703421181,True,True,True,True
3,superior_shift,candidate_26,26,14,23540944,0.002,0.005228701016618297,6.8348285802963025,2.6143505083091485,False,False,True,True
3,superior_shift,candidate_26,26,15,23540945,0.002,0.0023122683948446675,1.3366462824493839,1.1561341974223338,True,True,True,True
3,superior_shift,candidate_26,26,16,23540946,0.002,0.0017033264860639424,0.7253302795317343,0.8516632430319712,True,True,True,True
3,superior_shift,candidate_26,26,17,23540947,0.002,0.0026869326438069227,1.8049017580888147,1.3434663219034613,True,True,True,True
3,superior_shift,candidate_26,26,18,23540948,0.002,0.004084962229201848,4.171729103501432,2.042481114600924,False,True,True,True
3,superior_shift,candidate_26,26,19,23540949,0.002,0.002835923644153798,2.0106157288676396,1.417961822076899,True,True,True,True
3,superior_shift,candidate_26,26,20,23540950,0.002,0.003854248437064985,3.7138077536544705,1.9271242185324926,False,True,True,True
3,superior_shift,candidate_26,26,21,23540951,0.002,0.0022031524643338204,1.2134701952750466,1.1015762321669103,True,True,True,True
3,superior_shift,candidate_26,26,22,23540952,0.002,0.004940523372746789,6.102192799164327,2.4702616863733944,False,True,True,True
3,superior_shift,candidate_26,26,23,23540953,0.002,0.0020880945028923124,1.0900346632522733,1.0440472514461563,True,True,True,True
3,superior_shift,candidate_26,26,24,23540954,0.002,0.002458630206072864,1.5112156225534734,1.229315103036432,True,True,True,True
3,superior_shift,candidate_26,26,25,23540955,0.002,0.0037904470050064004,3.591872124440498,1.8952235025032003,False,True,True,True
3,superior_shift,candidate_26,26,26,23540956,0.002,0.004073168953195633,4.147676330319203,2.0365844765978163,False,True,True,True
3,superior_shift,candidate_26,26,27,23540957,0.002,0.004261866534732498,4.540876589968199,2.1309332673662493,False,True,True,True
3,superior_shift,candidate_26,26,28,23540958,0.002,0.0018361083723316836,0.8428234887366263,0.9180541861658418,True,True,True,True
3,superior_shift,candidate_26,26,29,23540959,0.002,0.0012901448007223578,0.41611840170773307,0.6450724003611789,True,True,True,True
3,superior_shift,candidate_26,26,30,23540960,0.002,0.0044836908023429345,5.025870802753658,2.2418454011714672,False,True,True,True
3,superior_shift,candidate_26,26,31,23540961,0.002,0.0022343443312735378,1.2480736476735481,1.1171721656367688,True,True,True,True
3,superior_shift,candidate_26,26,32,23540962,0.002,0.00486646127533226,5.920611336077123,2.43323063766613,False,True,True,True
3,superior_shift,candidate_26,26,33,23540963,0.002,0.004514942225347142,5.096175824555651,2.257471112673571,False,True,True,True
3,superior_shift,candidate_26,26,34,23540964,0.002,0.004749836884724182,5.6402376078715815,2.374918442362091,False,True,True,True
3,superior_shift,candidate_26,26,35,23540965,0.002,0.00249794587657606,1.5599334005758354,1.2489729382880301,True,True,True,True
3,superior_shift,candidate_26,26,36,23540966,0.002,0.00295600631655736,2.184493335881753,1.47800315827868,True,True,True,True
3,superior_shift,candidate_26,26,37,23540967,0.002,0.004552815792255022,5.182032909551681,2.276407896127511,False,True,True,True
3,superior_shift,candidate_26,26,38,23540968,0.002,0.0023087012769235134,1.3325253965170654,1.1543506384617568,True,True,True,True
3,superior_shift,candidate_26,26,39,23540969,0.002,0.0036794795527689207,3.3846424448111443,1.8397397763844603,False,True,True,True
3,superior_shift,candidate_26,26,40,23540970,0.002,0.0017756469074769548,0.7882304850081183,0.8878234537384774,True,True,True,True
3,superior_shift,candidate_26,26,41,23540971,0.002,0.002755040503968727,1.897562044627064,1.3775202519843635,True,True,True,True
3,superior_shift,candidate_26,26,42,23540972,0.002,0.002025726200446475,1.025891659793828,1.0128631002232373,True,True,True,True
3,superior_shift,candidate_26,26,43,23540973,0.002,0.0038355097172325203,3.677783697746272,1.91775485861626,False,True,True,True
3,superior_shift,candidate_26,26,44,23540974,0.002,0.004295018139754254,4.611795205204523,2.1475090698771266,False,True,True,True
3,superior_shift,candidate_26,26,45,23540975,0.002,0.0016904184023636601,0.7143785937624274,0.8452092011818301,True,True,True,True
3,superior_shift,candidate_26,26,46,23540976,0.002,0.002811398705316097,1.9759906700632566,1.4056993526580484,True,True,True,True
3,superior_shift,candidate_26,26,47,23540977,0.002,0.004596359884225044,5.281631046328316,2.298179942112522,False,True,True,True
3,superior_shift,candidate_26,26,48,23540978,0.002,0.0029809277366847874,2.2214825428341722,1.4904638683423936,True,True,True,True
3,superior_shift,candidate_26,26,49,23540979,0.002,0.001181746893833434,0.3491314302712424,0.590873446916717,True,True,True,True
3,superior_shift,candidate_26,26,50,23540980,0.002,0.0038527341221845915,3.7108900540613687,1.9263670610922956,False,True,True,True
3,superior_shift,candidate_26,26,51,23540981,0.002,0.005348608432385073,7.151903040745179,2.6743042161925366,False,False,True,True
3,superior_shift,candidate_26,26,52,23540982,0.002,0.0029750695000279825,2.2127596324991874,1.4875347500139913,True,True,True,True
3,superior_shift,candidate_26,26,53,23540983,0.002,0.0035943020320645777,3.2297517744258886,1.7971510160322888,False,True,True,True
3,superior_shift,candidate_26,26,54,23540984,0.002,0.004705118384894163,5.534534753967264,2.3525591924470812,False,True,True,True
3,superior_shift,candidate_26,26,55,23540985,0.002,0.0027613572286220227,1.9062734360157745,1.3806786143110112,True,True,True,True
3,superior_shift,candidate_26,26,56,23540986,0.002,0.0020213685685061163,1.0214827224361165,1.0106842842530581,True,True,True,True
3,superior_shift,candidate_26,26,57,23540987,0.002,0.0015137158880107037,0.5728339474040083,0.7568579440053519,True,True,True,True
3,superior_shift,candidate_26,26,58,23540988,0.002,0.003008014900696535,2.2620384107030964,1.5040074503482674,True,True,True,True
3,superior_shift,candidate_26,26,59,23540989,0.002,0.0034361059258804275,2.951705983467648,1.7180529629402137,False,True,True,True
3,superior_shift,candidate_26,26,60,23540990,0.002,0.0029078185723924875,2.1138522124876715,1.4539092861962437,True,True,True,True
3,superior_shift,candidate_26,26,61,23540991,0.002,0.004554579976630922,5.186049690881834,2.277289988315461,False,True,True,True
3,superior_shift,candidate_26,26,62,23540992,0.002,0.0035389736913462744,3.1310836970102693,1.7694868456731372,False,True,True,True
3,superior_shift,candidate_26,26,63,23540993,0.002,0.0023337879238644133,1.3616415183938422,1.1668939619322065,True,True,True,True
3,superior_shift,candidate_26,26,64,23540994,0.002,0.0016607108501071402,0.689490131915895,0.8303554250535701,True,True,True,True
3,superior_shift,candidate_26,26,65,23540995,0.002,0.0014464629386657774,0.5230637582334091,0.7232314693328887,True,True,True,True
3,superior_shift,candidate_26,26,66,23540996,0.002,0.004217502441961132,4.446831711987029,2.108751220980566,False,True,True,True
3,superior_shift,candidate_26,26,67,23540997,0.002,0.004352862107652575,4.736852132059405,2.1764310538262874,False,True,True,True
3,superior_shift,candidate_26,26,68,23540998,0.002,0.0027201660996055404,1.8498259023608048,1.36008304980277,True,True,True,True
3,superior_shift,candidate_26,26,69,23540999,0.002,0.0019274063545853012,0.92872381392395,0.9637031772926505,True,True,True,True
3,superior_shift,candidate_26,26,70,23541000,0.002,0.0014702159879890128,0.5403837628346273,0.7351079939945064,True,True,True,True
3,superior_shift,candidate_26,26,71,23541001,0.002,0.0025050393390776754,1.5688055225816793,1.2525196695388376,True,True,True,True
3,superior_shift,candidate_26,26,72,23541002,0.002,0.004185963814992983,4.380573265107652,2.0929819074964913,False,True,True,True
3,superior_shift,candidate_26,26,73,23541003,0.002,0.004237514011327243,4.489131249048676,2.1187570056636216,False,True,True,True
3,superior_shift,candidate_26,26,74,23541004,0.002,0.0035871572478888675,3.2169242802704088,1.7935786239444338,False,True,True,True
3,superior_shift,candidate_26,26,75,23541005,0.002,0.0037699632011993695,3.55315563459935,1.8849816005996847,False,True,True,True
3,superior_shift,candidate_26,26,76,23541006,0.002,0.003043698820782777,2.316025627908617,1.5218494103913884,True,True,True,True
3,superior_shift,candidate_26,26,77,23541007,0.002,0.0018975447789321297,0.9001690470131463,0.9487723894660648,True,True,True,True
3,superior_shift,candidate_26,26,78,23541008,0.002,0.003012988873545346,2.2695254880270133,1.5064944367726731,True,True,True,True
3,superior_shift,candidate_26,26,79,23541009,0.002,0.003635116198568752,3.3035174442742337,1.817558099284376,False,True,True,True
3,superior_shift,candidate_26,26,80,23541010,0.002,0.002546932536841088,1.6217163368049452,1.273466268420544,True,True,True,True
3,superior_shift,candidate_26,26,81,23541011,0.002,0.002286928570467871,1.307510571605555,1.1434642852339354,True,True,True,True
3,superior_shift,candidate_26,26,82,23541012,0.002,0.003577193269651246,3.1990779221095433,1.788596634825623,False,True,True,True
3,superior_shift,candidate_26,26,83,23541013,0.002,0.003413680077935315,2.9133029186231147,1.7068400389676575,False,True,True,True
3,superior_shift,candidate_26,26,84,23541014,0.002,0.003495664302535764,3.0549172290057127,1.747832151267882,False,True,True,True
3,superior_shift,candidate_26,26,85,23541015,0.002,0.00368946992044963,3.40304707347565,1.844734960224815,False,True,True,True
3,superior_shift,candidate_26,26,86,23541016,0.002,0.0038494711954092536,3.7046071210713873,1.9247355977046268,False,True,True,True
3,superior_shift,candidate_26,26,87,23541017,0.002,0.0029760566699909047,2.2142283257493385,1.4880283349954524,True,True,True,True
3,superior_shift,candidate_26,26,88,23541018,0.002,0.003884905036079202,3.7731217848383864,1.9424525180396008,False,True,True,True
3,superior_shift,candidate_26,26,89,23541019,0.002,0.0017648653272053802,0.7786874057929385,0.8824326636026901,True,True,True,True
3,superior_shift,candidate_26,26,90,23541020,0.002,0.005184449948446302,6.719630316986217,2.592224974223151,False,False,True,True
3,superior_shift,candidate_26,26,91,23541021,0.002,0.006719781174624141,11.28886475870825,3.3598905873120706,False,False,False,True
3,superior_shift,candidate_26,26,92,23541022,0.002,0.0021067810803914303,1.1096316301738207,1.053390540195715,True,True,True,True
3,superior_shift,candidate_26,26,93,23541023,0.002,0.0025874255423041547,1.6736927342419874,1.2937127711520773,True,True,True,True
3,superior_shift,candidate_26,26,94,23541024,0.002,0.005742123088989967,8.242994392277922,2.8710615444949834,False,False,False,True
3,superior_shift,candidate_26,26,95,23541025,0.002,0.0019913123474714412,0.9913312162980555,0.9956561737357206,True,True,True,True
3,superior_shift,candidate_26,26,96,23541026,0.002,0.001255172428720844,0.39386445645524554,0.627586214360422,True,True,True,True
3,superior_shift,candidate_26,26,97,23541027,0.002,0.002615803697099008,1.71060724543921,1.307901848549504,True,True,True,True
3,superior_shift,candidate_26,26,98,23541028,0.002,0.006256580922176442,9.786201208935555,3.128290461088221,False,False,False,True
3,superior_shift,candidate_26,26,99,23541029,0.002,0.0027475828073781393,1.8873028208499845,1.3737914036890697,True,True,True,True
3,superior_shift,candidate_53,53,0,23810930,0.0026666666666666666,0.00570486534431208,4.576709333915576,2.13932450411703,False,True,True,True
3,superior_shift,candidate_53,53,1,23810931,0.0026666666666666666,0.0015959038546174357,0.3581590940413298,0.5984639454815384,True,True,True,True
3,superior_shift,candidate_53,53,2,23810932,0.0026666666666666666,0.00369256032175076,1.9174221182486355,1.384710120656535,True,True,True,True
3,superior_shift,candidate_53,53,3,23810933,0.0026666666666666666,0.005000130583060175,3.5158086348262994,1.8750489686475658,False,True,True,True
3,superior_shift,candidate_53,53,4,23810934,0.0026666666666666666,0.004423401969349696,2.751536950656577,1.6587757385061361,False,True,True,True
3,superior_shift,candidate_53,53,5,23810935,0.0026666666666666666,0.0037998155564408216,2.03042788073011,1.4249308336653081,True,True,True,True
3,superior_shift,candidate_53,53,6,23810936,0.0026666666666666666,0.0036139607948567896,1.8366627131383948,1.355235298071296,True,True,True,True
3,superior_shift,candidate_53,53,7,23810937,0.0026666666666666666,0.0027236870554843075,1.0432225091549219,1.0213826458066153,True,True,True,True
3,superior_shift,candidate_53,53,8,23810938,0.0026666666666666666,0.0041709316474689995,2.4464068323550965,1.5640993678008748,False,True,True,True
3,superior_shift,candidate_53,53,9,23810939,0.0026666666666666666,0.005252500466368987,3.8796695366071536,1.9696876748883703,False,True,True,True
3,superior_shift,candidate_53,53,10,23810940,0.0026666666666666666,0.004339173455235941,2.6477474448690304,1.6271900457134778,False,True,True,True
3,superior_shift,candidate_53,53,11,23810941,0.0026666666666666666,0.004398955803466952,2.721207960120316,1.6496084263001072,False,True,True,True
3,superior_shift,candidate_53,53,12,23810942,0.0026666666666666666,0.006153273173239737,5.3244521359469745,2.3074774399649014,False,True,True,True
3,superior_shift,candidate_53,53,13,23810943,0.0026666666666666666,0.006044603790633697,5.138048669870146,2.2667264214876366,False,True,True,True
3,superior_shift,candidate_53,53,14,23810944,0.0026666666666666666,0.00623937135753838,5.4744967880536395,2.3397642590768926,False,True,True,True
3,superior_shift,candidate_53,53,15,23810945,0.0026666666666666666,0.0045130929338786365,2.8642511010691796,1.6924098502044889,False,True,True,True
3,superior_shift,candidate_53,53,16,23810946,0.0026666666666666666,0.010463492710427387,15.396283082976616,3.9238097664102702,False,False,False,False
3,superior_shift,candidate_53,53,17,23810947,0.0026666666666666666,0.0032928440504665936,1.5247718354099873,1.2348165189249727,True,True,True,True
3,superior_shift,candidate_53,53,18,23810948,0.0026666666666666666,0.0027030780926488177,1.0274950089784645,1.0136542847433068,True,True,True,True
3,superior_shift,candidate_53,53,19,23810949,0.0026666666666666666,0.003030881018446624,1.291814964559694,1.136580381917484,True,True,True,True
3,superior_shift,candidate_53,53,20,23810950,0.0026666666666666666,0.007101073445210688,7.091049947945118,2.662902541954008,False,False,True,True
3,superior_shift,candidate_53,53,21,23810951,0.0026666666666666666,0.003904612946152939,2.14396906770916,1.4642298548073522,True,True,True,True
3,superior_shift,candidate_53,53,22,23810952,0.0026666666666666666,0.005888333181023606,4.875815763385816,2.208124942883852,False,True,True,True
3,superior_shift,candidate_53,53,23,23810953,0.0026666666666666666,0.003992881371238408,2.241998668797569,1.497330514214403,True,True,True,True
3,superior_shift,candidate_53,53,24,23810954,0.0026666666666666666,0.0021439019985591327,0.6463569064817593,0.8039632494596748,True,True,True,True
3,superior_shift,candidate_53,53,25,23810955,0.0026666666666666666,0.0027129688168085098,1.0350280970121608,1.0173633063031913,True,True,True,True
3,superior_shift,candidate_53,53,26,23810956,0.0026666666666666666,0.0074587160427088866,7.823312578935409,2.7970185160158327,False,False,False,True
3,superior_shift,candidate_53,53,27,23810957,0.0026666666666666666,0.0023190501788758117,0.7562803685827407,0.8696438170784294,True,True,True,True
3,superior_shift,candidate_53,53,28,23810958,0.0026666666666666666,0.005260445352829064,3.891415121732938,1.972667007310899,False,True,True,True
3,superior_shift,candidate_53,53,29,23810959,0.0026666666666666666,0.0054048371849144735,4.107974764982936,2.0268139443429276,False,True,True,True
3,superior_shift,candidate_53,53,30,23810960,0.0026666666666666666,0.005746555289746675,4.6438449887974915,2.154958233655003,False,True,True,True
3,superior_shift,candidate_53,53,31,23810961,0.0026666666666666666,0.003758105508560046,1.986097080019129,1.4092895657100173,True,True,True,True
3,superior_shift,candidate_53,53,32,23810962,0.0026666666666666666,0.0033860906516494957,1.6123513923545774,1.269783994368561,True,True,True,True
3,superior_shift,candidate_53,53,33,23810963,0.0026666666666666666,0.005273652075455499,3.91097899869695,1.9776195282958122,False,True,True,True
3,superior_shift,candidate_53,53,34,23810964,0.0026666666666666666,0.004425901715973343,2.75464771867347,1.6597131434900039,False,True,True,True
3,superior_shift,candidate_53,53,35,23810965,0.0026666666666666666,0.007894867163490514,8.765005433788232,2.960575186308943,False,False,False,True
3,superior_shift,candidate_53,53,36,23810966,0.0026666666666666666,0.008195105256446008,9.444339866844702,3.073164471167253,False,False,False,True
3,superior_shift,candidate_53,53,37,23810967,0.0026666666666666666,0.004579696703751412,2.949415579455686,1.7173862639067794,False,True,True,True
3,superior_shift,candidate_53,53,38,23810968,0.0026666666666666666,0.00454463368918936,2.9044259112536572,1.70423763344601,False,True,True,True
3,superior_shift,candidate_53,53,39,23810969,0.0026666666666666666,0.0022100289560333147,0.6868445606023644,0.828760858512493,True,True,True,True
3,superior_shift,candidate_53,53,40,23810970,0.0026666666666666666,0.001969304810503613,0.5453664520320942,0.7384893039388548,True,True,True,True
3,superior_shift,candidate_53,53,41,23810971,0.0026666666666666666,0.006951837702765427,6.7961316720362195,2.6069391385370353,False,False,True,True
3,superior_shift,candidate_53,53,42,23810972,0.0026666666666666666,0.003512473310017916,1.734956543473343,1.3171774912567187,True,True,True,True
3,superior_shift,candidate_53,53,43,23810973,0.0026666666666666666,0.005304556551747155,3.956951279627391,1.9892087069051831,False,True,True,True
3,superior_shift,candidate_53,53,44,23810974,0.0026666666666666666,0.00752916792046761,7.971801971427922,2.823437970175354,False,False,False,True
3,superior_shift,candidate_53,53,45,23810975,0.0026666666666666666,0.0028277024124665068,1.1244235687690645,1.06038840467494,True,True,True,True
3,superior_shift,candidate_53,53,46,23810976,0.0026666666666666666,0.00498181141541055,3.490093825131778,1.8681792807789561,False,True,True,True
3,superior_shift,candidate_53,53,47,23810977,0.0026666666666666666,0.00717058152624237,7.230549294068675,2.688968072340889,False,False,True,True
3,superior_shift,candidate_53,53,48,23810978,0.0026666666666666666,0.005211821006591963,3.819807872543428,1.9544328774719864,False,True,True,True
3,superior_shift,candidate_53,53,49,23810979,0.0026666666666666666,0.004036524704830884,2.2912778942873517,1.5136967643115817,True,True,True,True
3,superior_shift,candidate_53,53,50,23810980,0.0026666666666666666,0.004549517553022623,2.9106717138648217,1.7060690823834836,False,True,True,True
3,superior_shift,candidate_53,53,51,23810981,0.0026666666666666666,0.004965909506068298,3.467848671908365,1.8622160647756116,False,True,True,True
3,superior_shift,candidate_53,53,52,23810982,0.0026666666666666666,0.004788660680856625,3.2247100007412515,1.7957477553212344,False,True,True,True
3,superior_shift,candidate_53,53,53,23810983,0.0026666666666666666,0.0043267013457053,2.6325484502242578,1.6225130046394876,False,True,True,True
3,superior_shift,candidate_53,53,54,23810984,0.0026666666666666666,0.00446083122465433,2.7982990145884292,1.6728117092453738,False,True,True,True
3,superior_shift,candidate_53,53,55,23810985,0.0026666666666666666,0.0021388497843253256,0.6433141499871317,0.8020686691219971,True,True,True,True
3,superior_shift,candidate_53,53,56,23810986,0.0026666666666666666,0.004202028746893181,2.483022036053908,1.575760780084943,False,True,True,True
3,superior_shift,candidate_53,53,57,23810987,0.0026666666666666666,0.004743006542482107,3.1635156180976978,1.7786274534307902,False,True,True,True
3,superior_shift,candidate_53,53,58,23810988,0.0026666666666666666,0.005877281866630443,4.857530925912612,2.203980699986416,False,True,True,True
3,superior_shift,candidate_53,53,59,23810989,0.0026666666666666666,0.004215499469226642,2.49896753086642,1.5808123009599908,False,True,True,True
3,superior_shift,candidate_53,53,60,23810990,0.0026666666666666666,0.004232922043672561,2.519666582035654,1.5873457663772106,False,True,True,True
3,superior_shift,candidate_53,53,61,23810991,0.0026666666666666666,0.0035679924590336135,1.790236432648228,1.3379971721376052,True,True,True,True
3,superior_shift,candidate_53,53,62,23810992,0.0026666666666666666,0.005173444069983671,3.7637611235506703,1.9400415262438766,False,True,True,True
3,superior_shift,candidate_53,53,63,23810993,0.0026666666666666666,0.008326650612752106,9.749968653775081,3.12249397978204,False,False,False,True
3,superior_shift,candidate_53,53,64,23810994,0.0026666666666666666,0.006622400089349912,6.167275726418679,2.483400033506217,False,True,True,True
3,superior_shift,candidate_53,53,65,23810995,0.0026666666666666666,0.003478283313100739,1.7013452071211794,1.304356242412777,True,True,True,True
3,superior_shift,candidate_53,53,66,23810996,0.0026666666666666666,0.0048816139892693755,3.3511155665949093,1.8306052459760158,False,True,True,True
3,superior_shift,candidate_53,53,67,23810997,0.0026666666666666666,0.0060454390697389036,5.139468779895785,2.2670396511520887,False,True,True,True
3,superior_shift,candidate_53,53,68,23810998,0.0026666666666666666,0.005084745780501542,3.6358087011086577,1.9067796676880782,False,True,True,True
3,superior_shift,candidate_53,53,69,23810999,0.0026666666666666666,0.002527320647926392,0.8982210455768077,0.9477452429723969,True,True,True,True
3,superior_shift,candidate_53,53,70,23811000,0.0026666666666666666,0.004051311175897355,2.3080953155555823,1.519241690961508,True,True,True,True
3,superior_shift,candidate_53,53,71,23811001,0.0026666666666666666,0.006507884653511323,5.955829124541778,2.4404567450667463,False,True,True,True
3,superior_shift,candidate_53,53,72,23811002,0.0026666666666666666,0.004150763664967579,2.422805484714622,1.5565363743628422,False,True,True,True
3,superior_shift,candidate_53,53,73,23811003,0.0026666666666666666,0.005388059825504243,4.082510908576801,2.020522434564091,False,True,True,True
3,superior_shift,candidate_53,53,74,23811004,0.0026666666666666666,0.002822543795972382,1.1203247081506198,1.0584539234896433,True,True,True,True
3,superior_shift,candidate_53,53,75,23811005,0.0026666666666666666,0.005398517245593728,4.098373375918063,2.024443967097648,False,True,True,True
3,superior_shift,candidate_53,53,76,23811006,0.0026666666666666666,0.0027311743384800164,1.0489659281960282,1.0241903769300063,True,True,True,True
3,superior_shift,candidate_53,53,77,23811007,0.0026666666666666666,0.0015895287071993188,0.35530333748588505,0.5960732651997446,True,True,True,True
3,superior_shift,candidate_53,53,78,23811008,0.0026666666666666666,0.004707175266888788,3.1158982959200907,1.7651907250832957,False,True,True,True
3,superior_shift,candidate_53,53,79,23811009,0.0026666666666666666,0.004761646943437038,3.188430226960775,1.7856176037888893,False,True,True,True
3,superior_shift,candidate_53,53,80,23811010,0.0026666666666666666,0.003877049512490958,2.113806504699334,1.4538935671841093,True,True,True,True
3,superior_shift,candidate_53,53,81,23811011,0.0026666666666666666,0.003076148389489511,1.3306906285535969,1.1535556460585665,True,True,True,True
3,superior_shift,candidate_53,53,82,23811012,0.0026666666666666666,0.004110324674483787,2.375826880734879,1.5413717529314201,False,True,True,True
3,superior_shift,candidate_53,53,83,23811013,0.0026666666666666666,0.0036425461044878333,1.8658324860918032,1.3659547891829376,True,True,True,True
3,superior_shift,candidate_53,53,84,23811014,0.0026666666666666666,0.005382841999076317,4.0746076856746765,2.018565749653619,False,True,True,True
3,superior_shift,candidate_53,53,85,23811015,0.0026666666666666666,0.0008234169492279473,0.09534592578879282,0.30878135596048023,True,True,True,True
3,superior_shift,candidate_53,53,86,23811016,0.0026666666666666666,0.004199952702425663,2.4805691300549007,1.5749822634096236,False,True,True,True
3,superior_shift,candidate_53,53,87,23811017,0.0026666666666666666,0.006669699800480001,6.255688419636042,2.5011374251800005,False,False,True,True
3,superior_shift,candidate_53,53,88,23811018,0.0026666666666666666,0.002860240174816184,1.1504494487295724,1.0725900655560692,True,True,True,True
3,superior_shift,candidate_53,53,89,23811019,0.0026666666666666666,0.003507489854963094,1.730036964750332,1.3153086956111604,True,True,True,True
3,superior_shift,candidate_53,53,90,23811020,0.0026666666666666666,0.004095454950832458,2.358668145135669,1.5357956065621718,True,True,True,True
3,superior_shift,candidate_53,53,91,23811021,0.0026666666666666666,0.003530436217431342,1.7527471713774736,1.3239135815367533,True,True,True,True
3,superior_shift,candidate_53,53,92,23811022,0.0026666666666666666,0.005547327183336937,4.327430467357816,2.0802476937513514,False,True,True,True
3,superior_shift,candidate_53,53,93,23811023,0.0026666666666666666,0.003301894139372009,1.5331647526339527,1.2382103022645035,True,True,True,True
3,superior_shift,candidate_53,53,94,23811024,0.0026666666666666666,0.006373826855234797,5.712984672259543,2.390185070713049,False,True,True,True
3,superior_shift,candidate_53,53,95,23811025,0.0026666666666666666,0.006836911617947015,6.573285066321404,2.563841856730131,False,False,True,True
3,superior_shift,candidate_53,53,96,23811026,0.0026666666666666666,0.0017104175311306736,0.41140239339363033,0.6414065741740026,True,True,True,True
3,superior_shift,candidate_53,53,97,23811027,0.0026666666666666666,0.0027143632621177216,1.0360923635720194,1.0178862232941457,True,True,True,True
3,superior_shift,candidate_53,53,98,23811028,0.0026666666666666666,0.006775332579606859,6.455409126227176,2.5407497173525724,False,False,True,True
3,superior_shift,candidate_53,53,99,23811029,0.0026666666666666666,0.0021310219117869375,0.6386138983850701,0.7991332169201015,True,True,True,True
3,superior_shift,candidate_80,80,0,24080930,0.0033333333333333344,0.0014196548624401345,0.18138779356049245,0.42589645873204024,True,True,True,True
3,superior_shift,candidate_80,80,1,24080931,0.0033333333333333344,0.006088236527222639,3.335996161026716,1.826470958166791,False,True,True,True
3,superior_shift,candidate_80,80,2,24080932,0.0033333333333333344,0.010045369921591902,9.08185111754609,3.01361097647757,False,False,False,True
3,superior_shift,candidate_80,80,3,24080933,0.0033333333333333344,0.003533361999905541,1.1236182320138828,1.060008599971662,True,True,True,True
3,superior_shift,candidate_80,80,4,24080934,0.0033333333333333344,0.004948600665115144,2.203978368850023,1.484580199534543,True,True,True,True
3,superior_shift,candidate_80,80,5,24080935,0.0033333333333333344,0.010062428068652639,9.112721277312756,3.018728420595791,False,False,False,True
3,superior_shift,candidate_80,80,6,24080936,0.0033333333333333344,0.00897547739791668,7.2503275068461805,2.692643219375003,False,False,True,True
3,superior_shift,candidate_80,80,7,24080937,0.0033333333333333344,0.005144219039252596,2.3816690571428,1.5432657117757784,False,True,True,True
3,superior_shift,candidate_80,80,8,24080938,0.0033333333333333344,0.0013072320663446116,0.1537970107751642,0.39216961990338334,True,True,True,True
3,superior_shift,candidate_80,80,9,24080939,0.0033333333333333344,0.007908083900207618,5.628401187545061,2.372425170062285,False,True,True,True
3,superior_shift,candidate_80,80,10,24080940,0.0033333333333333344,0.002765326637334103,0.6882328270034578,0.8295979912002306,True,True,True,True
3,superior_shift,candidate_80,80,11,24080941,0.0033333333333333344,0.003535749600300488,1.1251372712422547,1.060724880090146,True,True,True,True
3,superior_shift,candidate_80,80,12,24080942,0.0033333333333333344,0.0070174382819927885,4.431999603742009,2.105231484597836,False,True,True,True
3,superior_shift,candidate_80,80,13,24080943,0.0033333333333333344,0.006728658255408726,4.074735772627197,2.018597476622617,False,True,True,True
3,superior_shift,candidate_80,80,14,24080944,0.0033333333333333344,0.00545612810301285,2.6792400488837926,1.6368384309038546,False,True,True,True
3,superior_shift,candidate_80,80,15,24080945,0.0033333333333333344,0.006815429676482579,4.180507350757146,2.044628902944773,False,True,True,True
3,superior_shift,candidate_80,80,16,24080946,0.0033333333333333344,0.004057698311021341,1.4818424024938888,1.217309493306402,True,True,True,True
3,superior_shift,candidate_80,80,17,24080947,0.0033333333333333344,0.011433283784455696,11.764798028630771,3.4299851353367075,False,False,False,False
3,superior_shift,candidate_80,80,18,24080948,0.0033333333333333344,0.00694713995412803,4.343647818801777,2.084141986238408,False,True,True,True
3,superior_shift,candidate_80,80,19,24080949,0.0033333333333333344,0.003365778277513378,1.0195617072042824,1.009733483254013,True,True,True,True
3,superior_shift,candidate_80,80,20,24080950,0.0033333333333333344,0.0020119529322141757,0.3643159141300695,0.6035858796642525,True,True,True,True
3,superior_shift,candidate_80,80,21,24080951,0.0033333333333333344,0.004188081301510266,1.5786022489253921,1.2564243904530794,True,True,True,True
3,superior_shift,candidate_80,80,22,24080952,0.0033333333333333344,0.011396625413129606,11.689476372647233,3.4189876239388806,False,False,False,False
3,superior_shift,candidate_80,80,23,24080953,0.0033333333333333344,0.003219701717974173,0.932983123745325,0.9659105153922516,True,True,True,True
3,superior_shift,candidate_80,80,24,24080954,0.0033333333333333344,0.005591748249474902,2.814088363695505,1.67752447484247,False,True,True,True
3,superior_shift,candidate_80,80,25,24080955,0.0033333333333333344,0.0011848703792157588,0.12635260339886056,0.35546111376472755,True,True,True,True
3,superior_shift,candidate_80,80,26,24080956,0.0033333333333333344,0.001385168263583579,0.17268220065952314,0.4155504790750736,True,True,True,True
3,superior_shift,candidate_80,80,27,24080957,0.0033333333333333344,0.004491664846837174,1.8157547786681523,1.3474994540511518,True,True,True,True
3,superior_shift,candidate_80,80,28,24080958,0.0033333333333333344,0.004874636246710791,2.1385870683971984,1.4623908740132368,True,True,True,True
3,superior_shift,candidate_80,80,29,24080959,0.0033333333333333344,0.0022130716742644373,0.44079176118884367,0.663921502279331,True,True,True,True
3,superior_shift,candidate_80,80,30,24080960,0.0033333333333333344,0.004981225858925158,2.2331349951862194,1.494367757677547,True,True,True,True
3,superior_shift,candidate_80,80,31,24080961,0.0033333333333333344,0.0037908912388976935,1.2933770746636153,1.1372673716693076,True,True,True,True
3,superior_shift,candidate_80,80,32,24080962,0.0033333333333333344,0.003745291500263191,1.2624487579749326,1.1235874500789569,True,True,True,True
3,superior_shift,candidate_80,80,33,24080963,0.0033333333333333344,0.0035435388663549506,1.1301000927631308,1.0630616599064848,True,True,True,True
3,superior_shift,candidate_80,80,34,24080964,0.0033333333333333344,0.01024175979280825,9.440427928822524,3.072527937842474,False,False,False,True
3,superior_shift,candidate_80,80,35,24080965,0.0033333333333333344,0.003047265434666599,0.835724396638243,0.9141796303999794,True,True,True,True
3,superior_shift,candidate_80,80,36,24080966,0.0033333333333333344,0.004530041315641463,1.8469146889276762,1.3590123946924384,True,True,True,True
3,superior_shift,candidate_80,80,37,24080967,0.0033333333333333344,0.0033017075859105268,0.98111456845732,0.9905122757731577,True,True,True,True
3,superior_shift,candidate_80,80,38,24080968,0.0033333333333333344,0.007357803745110912,4.872354835641131,2.207341123533273,False,True,True,True
3,superior_shift,candidate_80,80,39,24080969,0.0033333333333333344,0.004687739172350103,1.977740869318705,1.4063217517050304,True,True,True,True
3,superior_shift,candidate_80,80,40,24080970,0.0033333333333333344,0.006955694817780381,4.354352135828713,2.0867084453341134,False,True,True,True
3,superior_shift,candidate_80,80,41,24080971,0.0033333333333333344,0.0037315018999082334,1.2531695786116872,1.1194505699724697,True,True,True,True
3,superior_shift,candidate_80,80,42,24080972,0.0033333333333333344,0.0032194244272991906,0.9328224278781644,0.9658273281897569,True,True,True,True
3,superior_shift,candidate_80,80,43,24080973,0.0033333333333333344,0.004867962975435943,2.132735717719363,1.4603888926307824,True,True,True,True
3,superior_shift,candidate_80,80,44,24080974,0.0033333333333333344,0.010246533371958837,9.449230152839947,3.0739600115876504,False,False,False,True
3,superior_shift,candidate_80,80,45,24080975,0.0033333333333333344,0.005652271340176872,2.8753354172686354,1.695681402053061,False,True,True,True
3,superior_shift,candidate_80,80,46,24080976,0.0033333333333333344,0.004284311523192952,1.6519792704987513,1.2852934569578853,True,True,True,True
3,superior_shift,candidate_80,80,47,24080977,0.0033333333333333344,0.00688095195888652,4.261274987445379,2.0642855876659554,False,True,True,True
3,superior_shift,candidate_80,80,48,24080978,0.0033333333333333344,0.007040088739684353,4.460656451636734,2.112026621905305,False,True,True,True
3,superior_shift,candidate_80,80,49,24080979,0.0033333333333333344,0.0028365738712484126,0.7241536194344281,0.8509721613745235,True,True,True,True
3,superior_shift,candidate_80,80,50,24080980,0.0033333333333333344,0.010171716552961268,9.311743587040757,3.0515149658883796,False,False,False,True
3,superior_shift,candidate_80,80,51,24080981,0.0033333333333333344,0.0033041025718874885,0.9825384424998157,0.9912307715662462,True,True,True,True
3,superior_shift,candidate_80,80,52,24080982,0.0033333333333333344,0.0018696383407098196,0.31459927725469483,0.5608915022129457,True,True,True,True
3,superior_shift,candidate_80,80,53,24080983,0.0033333333333333344,0.006488611296735818,3.789186890411488,1.946583389020745,False,True,True,True
3,superior_shift,candidate_80,80,54,24080984,0.0033333333333333344,0.00690003639738576,4.28494520567234,2.0700109192157274,False,True,True,True
3,superior_shift,candidate_80,80,55,24080985,0.0033333333333333344,0.003101351477449958,0.8656542888012928,0.9304054432349871,True,True,True,True
3,superior_shift,candidate_80,80,56,24080986,0.0033333333333333344,0.007710482145391605,5.350638142296242,2.313144643617481,False,True,True,True
3,superior_shift,candidate_80,80,57,24080987,0.0033333333333333344,0.003239593709500394,0.9445470662371065,0.9718781128501179,True,True,True,True
3,superior_shift,candidate_80,80,58,24080988,0.0033333333333333344,0.002328105309135432,0.48780668973821245,0.6984315927406294,True,True,True,True
3,superior_shift,candidate_80,80,59,24080989,0.0033333333333333344,0.0031846247275171334,0.9127651189602212,0.9553874182551397,True,True,True,True
3,superior_shift,candidate_80,80,60,24080990,0.0033333333333333344,0.0035677645388686903,1.1456049424328019,1.0703293616606067,True,True,True,True
3,superior_shift,candidate_80,80,61,24080991,0.0033333333333333344,0.01360012614806507,16.64670881189548,4.080037844419519,False,False,False,False
3,superior_shift,candidate_80,80,62,24080992,0.0033333333333333344,0.00589458642530268,3.127153421282634,1.7683759275908033,False,True,True,True
3,superior_shift,candidate_80,80,63,24080993,0.0033333333333333344,0.002903852308713594,0.7589122407739138,0.8711556926140779,True,True,True,True
3,superior_shift,candidate_80,80,64,24080994,0.0033333333333333344,0.006738324824166866,4.086451929238506,2.0214974472500593,False,True,True,True
3,superior_shift,candidate_80,80,65,24080995,0.0033333333333333344,0.0027210549954527472,0.6663726259450511,0.8163164986358239,True,True,True,True
3,superior_shift,candidate_80,80,66,24080996,0.0033333333333333344,0.00198406999252476,0.3542880361713479,0.5952209977574279,True,True,True,True
3,superior_shift,candidate_80,80,67,24080997,0.0033333333333333344,0.00800640187399419,5.769222387110785,2.401920562198256,False,True,True,True
3,superior_shift,candidate_80,80,68,24080998,0.0033333333333333344,0.004631679016303049,1.9307205459055767,1.3895037048909142,True,True,True,True
3,superior_shift,candidate_80,80,69,24080999,0.0033333333333333344,0.004112384919133263,1.5220538750803212,1.2337154757399784,True,True,True,True
3,superior_shift,candidate_80,80,70,24081000,0.0033333333333333344,0.005213976384252697,2.446699476199033,1.5641929152758085,False,True,True,True
3,superior_shift,candidate_80,80,71,24081001,0.0033333333333333344,0.00829022445914675,6.185503942473149,2.4870673377440244,False,True,True,True
3,superior_shift,candidate_80,80,72,24081002,0.0033333333333333344,0.003972369761447158,1.4201749369493766,1.191710928434147,True,True,True,True
3,superior_shift,candidate_80,80,73,24081003,0.0033333333333333344,0.004338124257399547,1.6937389865374521,1.3014372772198635,True,True,True,True
3,superior_shift,candidate_80,80,74,24081004,0.0033333333333333344,0.008330497746941034,6.245747344061065,2.4991493240823095,False,True,True,True
3,superior_shift,candidate_80,80,75,24081005,0.0033333333333333344,0.0029218911697568677,0.7683703207112835,0.8765673509270601,True,True,True,True
3,superior_shift,candidate_80,80,76,24081006,0.0033333333333333344,0.0039024376913620175,1.3706117941466611,1.1707313074086048,True,True,True,True
3,superior_shift,candidate_80,80,77,24081007,0.0033333333333333344,0.0016642518239430937,0.2492760720148121,0.49927554718292794,True,True,True,True
3,superior_shift,candidate_80,80,78,24081008,0.0033333333333333344,0.006017679350806371,3.259121829220922,1.8053038052419106,False,True,True,True
3,superior_shift,candidate_80,80,79,24081009,0.0033333333333333344,0.005675274993443853,2.8987871626088197,1.7025824980331554,False,True,True,True
3,superior_shift,candidate_80,80,80,24081010,0.0033333333333333344,0.006000080321937617,3.240086748273269,1.8000240965812844,False,True,True,True
3,superior_shift,candidate_80,80,81,24081011,0.0033333333333333344,0.004657032845533219,1.9519159431937696,1.3971098536599653,True,True,True,True
3,superior_shift,candidate_80,80,82,24081012,0.0033333333333333344,0.003353175000269369,1.0119404324188328,1.0059525000808105,True,True,True,True
3,superior_shift,candidate_80,80,83,24081013,0.0033333333333333344,0.0031241500847145193,0.8784282376639557,0.9372450254143555,True,True,True,True
3,superior_shift,candidate_80,80,84,24081014,0.0033333333333333344,0.003921265745830923,1.3838692544484243,1.1763797237492766,True,True,True,True
3,superior_shift,candidate_80,80,85,24081015,0.0033333333333333344,0.00535788567715423,2.5836245036508982,1.6073657031462685,False,True,True,True
3,superior_shift,candidate_80,80,86,24081016,0.0033333333333333344,0.005621713842694813,2.8443299876231816,1.6865141528084433,False,True,True,True
3,superior_shift,candidate_80,80,87,24081017,0.0033333333333333344,0.0024826774780074687,0.5547318713824969,0.7448032434022404,True,True,True,True
3,superior_shift,candidate_80,80,88,24081018,0.0033333333333333344,0.0053097976519168606,2.537455599387161,1.5929392955750576,False,True,True,True
3,superior_shift,candidate_80,80,89,24081019,0.0033333333333333344,0.0058434266940884496,3.0731071976266904,1.7530280082265344,False,True,True,True
3,superior_shift,candidate_80,80,90,24081020,0.0033333333333333344,0.002274884433304552,0.4657589266402232,0.6824653299913653,True,True,True,True
3,superior_shift,candidate_80,80,91,24081021,0.0033333333333333344,0.0046402704811028695,1.9378899124015179,1.3920811443308605,True,True,True,True
3,superior_shift,candidate_80,80,92,24081022,0.0033333333333333344,0.003008173539223928,0.8144197237878306,0.9024520617671781,True,True,True,True
3,superior_shift,candidate_80,80,93,24081023,0.0033333333333333344,0.005037278527413417,2.2836757466466238,1.5111835582240245,True,True,True,True
3,superior_shift,candidate_80,80,94,24081024,0.0033333333333333344,0.004259285271525154,1.632735992180798,1.2777855814575456,True,True,True,True
3,superior_shift,candidate_80,80,95,24081025,0.0033333333333333344,0.006876636388995836,4.255931522381549,2.06299091669875,False,True,True,True
3,superior_shift,candidate_80,80,96,24081026,0.0033333333333333344,0.001950732155054552,0.34248203466873967,0.5852196465163654,True,True,True,True
3,superior_shift,candidate_80,80,97,24081027,0.0033333333333333344,0.006213673222149507,3.4748761420492036,1.8641019666448517,False,True,True,True
3,superior_shift,candidate_80,80,98,24081028,0.0033333333333333344,0.008570050388482199,6.610118729501145,2.571015116544659,False,False,True,True
3,superior_shift,candidate_80,80,99,24081029,0.0033333333333333344,0.004837479046295174,2.1061083171010364,1.4512437138885517,True,True,True,True
3,superior_shift,candidate_107,107,0,24350930,0.0033333333333333335,0.007735999225969995,5.386111562178751,2.3207997677909984,False,True,True,True
3,superior_shift,candidate_107,107,1,24350931,0.0033333333333333335,0.0063900334672518325,3.674927494133862,1.9170100401755497,False,True,True,True
3,superior_shift,candidate_107,107,2,24350932,0.0033333333333333335,0.003766082675714303,1.2765040848283862,1.1298248027142908,True,True,True,True
3,superior_shift,candidate_107,107,3,24350933,0.0033333333333333335,0.0026748033516025786,0.6439115672769947,0.8024410054807735,True,True,True,True
3,superior_shift,candidate_107,107,4,24350934,0.0033333333333333335,0.005692155238831074,2.916056813665683,1.707646571649322,False,True,True,True
3,superior_shift,candidate_107,107,5,24350935,0.0033333333333333335,0.003891551037392322,1.3629752528966328,1.1674653112176965,True,True,True,True
3,superior_shift,candidate_107,107,6,24350936,0.0033333333333333335,0.00575555441344952,2.9813765945560418,1.7266663240348559,False,True,True,True
3,superior_shift,candidate_107,107,7,24350937,0.0033333333333333335,0.005949504554480294,3.185694399940358,1.784851366344088,False,True,True,True
3,superior_shift,candidate_107,107,8,24350938,0.0033333333333333335,0.006436015435246813,3.72800652144617,1.9308046305740438,False,True,True,True
3,superior_shift,candidate_107,107,9,24350939,0.0033333333333333335,0.007684092939801251,5.314075587675307,2.305227881940375,False,True,True,True
3,superior_shift,candidate_107,107,10,24350940,0.0033333333333333335,0.0075255598561581516,5.097064603375718,2.2576679568474454,False,True,True,True
3,superior_shift,candidate_107,107,11,24350941,0.0033333333333333335,0.008259353541415299,6.139522882988048,2.4778060624245892,False,True,True,True
3,superior_shift,candidate_107,107,12,24350942,0.0033333333333333335,0.009740063667251938,8.538195621790912,2.9220191001755813,False,False,False,True
3,superior_shift,candidate_107,107,13,24350943,0.0033333333333333335,0.008648294510175285,6.731369814125516,2.594488353052585,False,False,True,True
3,superior_shift,candidate_107,107,14,24350944,0.0033333333333333335,0.0054930372675454624,2.7156112580378986,1.6479111802636386,False,True,True,True
3,superior_shift,candidate_107,107,15,24350945,0.0033333333333333335,0.002106394437995444,0.39932077755763273,0.6319183313986331,True,True,True,True
3,superior_shift,candidate_107,107,16,24350946,0.0033333333333333335,0.004146425500397177,1.5473559987309582,1.2439276501191532,True,True,True,True
3,superior_shift,candidate_107,107,17,24350947,0.0033333333333333335,0.007715609344906223,5.357756480688381,2.3146828034718667,False,True,True,True
3,superior_shift,candidate_107,107,18,24350948,0.0033333333333333335,0.003910540485675976,1.3763094201099804,1.1731621457027925,True,True,True,True
3,superior_shift,candidate_107,107,19,24350949,0.0033333333333333335,0.004856700555190251,2.1228786254506757,1.4570101665570752,True,True,True,True
3,superior_shift,candidate_107,107,20,24350950,0.0033333333333333335,0.005981837133502966,3.2204137942579476,1.7945511400508896,False,True,True,True
3,superior_shift,candidate_107,107,21,24350951,0.0033333333333333335,0.003145278350024918,0.8903498309221921,0.9435835050074753,True,True,True,True
3,superior_shift,candidate_107,107,22,24350952,0.0033333333333333335,0.003708185206605911,1.2375573773841828,1.112455561981773,True,True,True,True
3,superior_shift,candidate_107,107,23,24350953,0.0033333333333333335,0.006485732882044531,3.7858257915510287,1.9457198646133593,False,True,True,True
3,superior_shift,candidate_107,107,24,24350954,0.0033333333333333335,0.0028210401465601,0.7162440757653445,0.84631204396803,True,True,True,True
3,superior_shift,candidate_107,107,25,24350955,0.0033333333333333335,0.006198277213744137,3.45767763765778,1.859483164123241,False,True,True,True
3,superior_shift,candidate_107,107,26,24350956,0.0033333333333333335,0.0026715895046608112,0.6423651433272417,0.8014768513982433,True,True,True,True
3,superior_shift,candidate_107,107,27,24350957,0.0033333333333333335,0.003892336747578698,1.3635256820896362,1.1677010242736092,True,True,True,True
3,superior_shift,candidate_107,107,28,24350958,0.0033333333333333335,0.007999411166317761,5.759152110702835,2.3998233498953283,False,True,True,True
3,superior_shift,candidate_107,107,29,24350959,0.0033333333333333335,0.007576658504578598,5.166517868550287,2.272997551373579,False,True,True,True
3,superior_shift,candidate_107,107,30,24350960,0.0033333333333333335,0.0024730919173304275,0.550456526840858,0.7419275751991282,True,True,True,True
3,superior_shift,candidate_107,107,31,24350961,0.0033333333333333335,0.004994890345545544,2.245403660762167,1.498467103663663,True,True,True,True
3,superior_shift,candidate_107,107,32,24350962,0.0033333333333333335,0.005199236498942879,2.4328854154745816,1.5597709496828636,False,True,True,True
3,superior_shift,candidate_107,107,33,24350963,0.0033333333333333335,0.007289764985827538,4.782660619373744,2.1869294957482612,False,True,True,True
3,superior_shift,candidate_107,107,34,24350964,0.0033333333333333335,0.006115273712760111,3.365691532377735,1.8345821138280334,False,True,True,True
3,superior_shift,candidate_107,107,35,24350965,0.0033333333333333335,0.004894402344597952,2.155965687972533,1.4683207033793855,True,True,True,True
3,superior_shift,candidate_107,107,36,24350966,0.0033333333333333335,0.002991182231502247,0.8052454027849283,0.897354669450674,True,True,True,True
3,superior_shift,candidate_107,107,37,24350967,0.0033333333333333335,0.006766850747865024,4.1211242139493285,2.030055224359507,False,True,True,True
3,superior_shift,candidate_107,107,38,24350968,0.0033333333333333335,0.005532660547424098,2.7549299459720804,1.6597981642272295,False,True,True,True
3,superior_shift,candidate_107,107,39,24350969,0.0033333333333333335,0.003683044312418797,1.22083338665164,1.104913293725639,True,True,True,True
3,superior_shift,candidate_107,107,40,24350970,0.0033333333333333335,0.003362345526150838,1.0174830693503896,1.0087036578452513,True,True,True,True
3,superior_shift,candidate_107,107,41,24350971,0.0033333333333333335,0.005367865272398561,2.5932579824360222,1.6103595817195682,False,True,True,True
3,superior_shift,candidate_107,107,42,24350972,0.0033333333333333335,0.0035936856659463763,1.1623118999065603,1.078105699783913,True,True,True,True
3,superior_shift,candidate_107,107,43,24350973,0.0033333333333333335,0.0025808947716359472,0.599491604003199,0.7742684314907842,True,True,True,True
3,superior_shift,candidate_107,107,44,24350974,0.0033333333333333335,0.0037318336312256875,1.2533924026032388,1.1195500893677062,True,True,True,True
3,superior_shift,candidate_107,107,45,24350975,0.0033333333333333335,0.0049083094189932164,2.168235121731977,1.4724928256979648,True,True,True,True
3,superior_shift,candidate_107,107,46,24350976,0.0033333333333333335,0.002604655264776744,0.6105806143496287,0.7813965794330231,True,True,True,True
3,superior_shift,candidate_107,107,47,24350977,0.0033333333333333335,0.009239568556544451,7.683266439997642,2.7718705669633352,False,False,True,True
3,superior_shift,candidate_107,107,48,24350978,0.0033333333333333335,0.0060282863159978484,3.2706212316882217,1.8084858947993545,False,True,True,True
3,superior_shift,candidate_107,107,49,24350979,0.0033333333333333335,0.004685739166280892,1.9760536380976874,1.4057217498842676,True,True,True,True
3,superior_shift,candidate_107,107,50,24350980,0.0033333333333333335,0.009324804756450726,7.825678537133346,2.7974414269352175,False,False,False,True
3,superior_shift,candidate_107,107,51,24350981,0.0033333333333333335,0.004659736812121658,1.954183244241754,1.3979210436364975,True,True,True,True
3,superior_shift,candidate_107,107,52,24350982,0.0033333333333333335,0.005178695828956247,2.4137001439963943,1.553608748686874,False,True,True,True
3,superior_shift,candidate_107,107,53,24350983,0.0033333333333333335,0.007336345507799185,4.843976886882474,2.2009036523397554,False,True,True,True
3,superior_shift,candidate_107,107,54,24350984,0.0033333333333333335,0.007770270467423816,5.433939282322684,2.3310811402271447,False,True,True,True
3,superior_shift,candidate_107,107,55,24350985,0.0033333333333333335,0.00391440950941158,1.3790341626634626,1.1743228528234742,True,True,True,True
3,superior_shift,candidate_107,107,56,24350986,0.0033333333333333335,0.002685632784574985,0.6491361108225588,0.8056898353724955,True,True,True,True
3,superior_shift,candidate_107,107,57,24350987,0.0033333333333333335,0.008146299901002223,5.972598186936194,2.443889970300667,False,True,True,True
3,superior_shift,candidate_107,107,58,24350988,0.0033333333333333335,0.005694113154994506,2.9180632159693327,1.7082339464983516,False,True,True,True
3,superior_shift,candidate_107,107,59,24350989,0.0033333333333333335,0.008280797395839966,6.1714444959854955,2.4842392187519895,False,True,True,True
3,superior_shift,candidate_107,107,60,24350990,0.0033333333333333335,0.00839479871754259,6.342538095724922,2.5184396152627766,False,False,True,True
3,superior_shift,candidate_107,107,61,24350991,0.0033333333333333335,0.005343042661524837,2.5693294394586963,1.602912798457451,False,True,True,True
3,superior_shift,candidate_107,107,62,24350992,0.0033333333333333335,0.004165918447324121,1.5619388858779868,1.249775534197236,True,True,True,True
3,superior_shift,candidate_107,107,63,24350993,0.0033333333333333335,0.0017550024918594467,0.277203037178958,0.5265007475578339,True,True,True,True
3,superior_shift,candidate_107,107,64,24350994,0.0033333333333333335,0.006669074612523119,4.002890056866034,2.0007223837569357,False,True,True,True
3,superior_shift,candidate_107,107,65,24350995,0.0033333333333333335,0.007277296767110368,4.76631434129355,2.1831890301331103,False,True,True,True
3,superior_shift,candidate_107,107,66,24350996,0.0033333333333333335,0.005823203510673795,3.0518729214051237,1.7469610532021382,False,True,True,True
3,superior_shift,candidate_107,107,67,24350997,0.0033333333333333335,0.008115451713991721,5.927450086991803,2.4346355141975162,False,True,True,True
3,superior_shift,candidate_107,107,68,24350998,0.0033333333333333335,0.006766964419712839,4.121262671189355,2.0300893259138513,False,True,True,True
3,superior_shift,candidate_107,107,69,24350999,0.0033333333333333335,0.005606168202019029,2.8286209718396336,1.6818504606057085,False,True,True,True
3,superior_shift,candidate_107,107,70,24351000,0.0033333333333333335,0.004338413086859673,1.6939645301011745,1.301523926057902,True,True,True,True
3,superior_shift,candidate_107,107,71,24351001,0.0033333333333333335,0.007530366547747222,5.103577830908736,2.2591099643241663,False,True,True,True
3,superior_shift,candidate_107,107,72,24351002,0.0033333333333333335,0.004104898338669813,1.5165171333732765,1.2314695016009438,True,True,True,True
3,superior_shift,candidate_107,107,73,24351003,0.0033333333333333335,0.0031454858180286387,0.8904672928277364,0.9436457454085916,True,True,True,True
3,superior_shift,candidate_107,107,74,24351004,0.0033333333333333335,0.00493825126538819,2.194769300409725,1.4814753796164568,True,True,True,True
3,superior_shift,candidate_107,107,75,24351005,0.0033333333333333335,0.004819053483505976,2.090094882920197,1.4457160450517927,True,True,True,True
3,superior_shift,candidate_107,107,76,24351006,0.0033333333333333335,0.0025255112147401257,0.574038620620033,0.7576533644220377,True,True,True,True
3,superior_shift,candidate_107,107,77,24351007,0.0033333333333333335,0.004764166510942828,2.042755428959024,1.4292499532828484,True,True,True,True
3,superior_shift,candidate_107,107,78,24351008,0.0033333333333333335,0.003391410928536103,1.03515012775747,1.0174232785608308,True,True,True,True
3,superior_shift,candidate_107,107,79,24351009,0.0033333333333333335,0.004397547933271886,1.7404585042881446,1.3192643799815658,True,True,True,True
3,superior_shift,candidate_107,107,80,24351010,0.0033333333333333335,0.005091341451984228,2.3329582002623575,1.5274024355952682,True,True,True,True
3,superior_shift,candidate_107,107,81,24351011,0.0033333333333333335,0.004066224028414092,1.488076006432691,1.2198672085242275,True,True,True,True
3,superior_shift,candidate_107,107,82,24351012,0.0033333333333333335,0.004851483238211542,2.118320064958279,1.4554449714634625,True,True,True,True
3,superior_shift,candidate_107,107,83,24351013,0.0033333333333333335,0.012258966598442195,13.525403585554923,3.677689979532658,False,False,False,False
3,superior_shift,candidate_107,107,84,24351014,0.0033333333333333335,0.005285543869307176,2.51432765949336,1.5856631607921527,False,True,True,True
3,superior_shift,candidate_107,107,85,24351015,0.0033333333333333335,0.0055856264296610045,2.807930035055478,1.6756879288983013,False,True,True,True
3,superior_shift,candidate_107,107,86,24351016,0.0033333333333333335,0.006876710517269103,4.256023278448754,2.0630131551807307,False,True,True,True
3,superior_shift,candidate_107,107,87,24351017,0.0033333333333333335,0.008448592064767632,6.424083708916912,2.5345776194302894,False,False,True,True
3,superior_shift,candidate_107,107,88,24351018,0.0033333333333333335,0.0037363189861431135,1.2564071609592151,1.120895695842934,True,True,True,True
3,superior_shift,candidate_107,107,89,24351019,0.0033333333333333335,0.006529219801325463,3.8367640092618456,1.9587659403976387,False,True,True,True
3,superior_shift,candidate_107,107,90,24351020,0.0033333333333333335,0.004137764699247336,1.5408987035703652,1.2413294097742007,True,True,True,True
3,superior_shift,candidate_107,107,91,24351021,0.0033333333333333335,0.00887611618591377,7.090689469125636,2.662834855774131,False,False,True,True
3,superior_shift,candidate_107,107,92,24351022,0.0033333333333333335,0.005621570350389494,2.8441847883940423,1.686471105116848,False,True,True,True
3,superior_shift,candidate_107,107,93,24351023,0.0033333333333333335,0.006248182926690865,3.5135810896852098,1.8744548780072594,False,True,True,True
3,superior_shift,candidate_107,107,94,24351024,0.0033333333333333335,0.0038699461281499507,1.3478834731304512,1.160983838444985,True,True,True,True
3,superior_shift,candidate_107,107,95,24351025,0.0033333333333333335,0.007911407206963789,5.6331327594958704,2.3734221620891365,False,True,True,True
3,superior_shift,candidate_107,107,96,24351026,0.0033333333333333335,0.00576535490162456,2.9915385427517704,1.729606470487368,False,True,True,True
3,superior_shift,candidate_107,107,97,24351027,0.0033333333333333335,0.0015185915902486994,0.20755083761766663,0.4555774770746098,True,True,True,True
3,superior_shift,candidate_107,107,98,24351028,0.0033333333333333335,0.004657111820988698,1.95198214618734,1.3971335462966095,True,True,True,True
3,superior_shift,candidate_107,107,99,24351029,0.0033333333333333335,0.005406786478745824,2.6310006024073793,1.622035943623747,False,True,True,True
4,larger_anatomy,initial,-1,0,24270930,0.0020000000000000005,0.0037270448758075932,3.472715876570908,1.8635224379037962,False,True,True,True
4,larger_anatomy,initial,-1,1,24270931,0.0020000000000000005,0.004078853262226231,4.15926098369339,2.039426631113115,False,True,True,True
4,larger_anatomy,initial,-1,2,24270932,0.0020000000000000005,0.0049730300017573345,6.182756849594636,2.4865150008786667,False,True,True,True
4,larger_anatomy,initial,-1,3,24270933,0.0020000000000000005,0.005032935475313687,6.33260987466775,2.516467737656843,False,False,True,True
4,larger_anatomy,initial,-1,4,24270934,0.0020000000000000005,0.003980912559143714,3.9619162008870363,1.9904562795718563,False,True,True,True
4,larger_anatomy,initial,-1,5,24270935,0.0020000000000000005,0.0029661161176162978,2.199461205795794,1.4830580588081486,True,True,True,True
4,larger_anatomy,initial,-1,6,24270936,0.0020000000000000005,0.005225375056259485,6.826136119644701,2.612687528129742,False,False,True,True
4,larger_anatomy,initial,-1,7,24270937,0.0020000000000000005,0.003219826688210731,2.59182097552852,1.609913344105365,False,True,True,True
4,larger_anatomy,initial,-1,8,24270938,0.0020000000000000005,0.0017681385023896783,0.7815784409082034,0.8840692511948389,True,True,True,True
4,larger_anatomy,initial,-1,9,24270939,0.0020000000000000005,0.001923252538213489,0.9247250814361566,0.9616262691067443,True,True,True,True
4,larger_anatomy,initial,-1,10,24270940,0.0020000000000000005,0.0032511516710387015,2.642496797024434,1.6255758355193504,False,True,True,True
4,larger_anatomy,initial,-1,11,24270941,0.0020000000000000005,0.0052095997860503425,6.784982482703941,2.6047998930251706,False,False,True,True
4,larger_anatomy,initial,-1,12,24270942,0.0020000000000000005,0.001249242531370777,0.3901517255464166,0.6246212656853883,True,True,True,True
4,larger_anatomy,initial,-1,13,24270943,0.0020000000000000005,0.0041042621791860905,4.211242008874337,2.0521310895930447,False,True,True,True
4,larger_anatomy,initial,-1,14,24270944,0.0020000000000000005,0.0044150630500910054,4.873195434069721,2.207531525045502,False,True,True,True
4,larger_anatomy,initial,-1,15,24270945,0.0020000000000000005,0.003942026439217192,3.884893111871841,1.9710132196085954,False,True,True,True
4,larger_anatomy,initial,-1,16,24270946,0.0020000000000000005,0.006075314681573068,9.227362120034313,3.0376573407865335,False,False,False,True
4,larger_anatomy,initial,-1,17,24270947,0.0020000000000000005,0.004293499486335394,4.6085344597905715,2.1467497431676965,False,True,True,True
4,larger_anatomy,initial,-1,18,24270948,0.0020000000000000005,0.004994559083689341,6.236405110115926,2.49727954184467,False,True,True,True
4,larger_anatomy,initial,-1,19,24270949,0.0020000000000000005,0.0027237416906027326,1.8546921992818572,1.361870845301366,True,True,True,True
4,larger_anatomy,initial,-1,20,24270950,0.0020000000000000005,0.004408976623848444,4.859768717410503,2.204488311924221,False,True,True,True
4,larger_anatomy,initial,-1,21,24270951,0.0020000000000000005,0.003086233421414791,2.381209182864411,1.543116710707395,False,True,True,True
4,larger_anatomy,initial,-1,22,24270952,0.0020000000000000005,0.0035729231767316627,3.191445006706568,1.786461588365831,False,True,True,True
4,larger_anatomy,initial,-1,23,24270953,0.0020000000000000005,0.003494347372154407,3.052615889320602,1.7471736860772031,False,True,True,True
4,larger_anatomy,initial,-1,24,24270954,0.0020000000000000005,0.005147782970591299,6.624917378077442,2.573891485295649,False,False,True,True
4,larger_anatomy,initial,-1,25,24270955,0.0020000000000000005,0.0017305456496349901,0.7486970613676472,0.8652728248174949,True,True,True,True
4,larger_anatomy,initial,-1,26,24270956,0.0020000000000000005,0.004283374026006294,4.58682326166634,2.1416870130031462,False,True,True,True
4,larger_anatomy,initial,-1,27,24270957,0.0020000000000000005,0.0015929035225657109,0.6343354080505622,0.7964517612828552,True,True,True,True
4,larger_anatomy,initial,-1,28,24270958,0.0020000000000000005,0.003710796525733041,3.442502713848101,1.85539826286652,False,True,True,True
4,larger_anatomy,initial,-1,29,24270959,0.0020000000000000005,0.0023210332992696986,1.346798894079695,1.160516649634849,True,True,True,True
4,larger_anatomy,initial,-1,30,24270960,0.0020000000000000005,0.001977305621366445,0.9774343800718351,0.9886528106832222,True,True,True,True
4,larger_anatomy,initial,-1,31,24270961,0.0020000000000000005,0.005615961935070654,7.884757114040627,2.8079809675353262,False,False,False,True
4,larger_anatomy,initial,-1,32,24270962,0.0020000000000000005,0.0018951323394733265,0.8978816460294106,0.9475661697366631,True,True,True,True
4,larger_anatomy,initial,-1,33,24270963,0.0020000000000000005,0.0034201900035473777,2.9244249150913517,1.7100950017736885,False,True,True,True
4,larger_anatomy,initial,-1,34,24270964,0.0020000000000000005,0.0007294720260432663,0.1330323591949169,0.36473601302163305,True,True,True,True
4,larger_anatomy,initial,-1,35,24270965,0.0020000000000000005,0.0014904906998593037,0.555390631591769,0.7452453499296516,True,True,True,True
4,larger_anatomy,initial,-1,36,24270966,0.0020000000000000005,0.0036692216945445077,3.365796960929016,1.8346108472722533,False,True,True,True
4,larger_anatomy,initial,-1,37,24270967,0.0020000000000000005,0.003966457125542515,3.9331955321917467,1.9832285627712571,False,True,True,True
4,larger_anatomy,initial,-1,38,24270968,0.0020000000000000005,0.00424574748906767,4.506592935231105,2.122873744533835,False,True,True,True
4,larger_anatomy,initial,-1,39,24270969,0.0020000000000000005,0.0033458597552210975,2.7986943754020444,1.6729298776105483,False,True,True,True
4,larger_anatomy,initial,-1,40,24270970,0.0020000000000000005,0.0029260965810787103,2.1405103004501287,1.4630482905393547,True,True,True,True
4,larger_anatomy,initial,-1,41,24270971,0.0020000000000000005,0.0029802144778687148,2.2204195835245732,1.490107238934357,True,True,True,True
4,larger_anatomy,initial,-1,42,24270972,0.0020000000000000005,0.002274050421816239,1.2928263302406533,1.1370252109081194,True,True,True,True
4,larger_anatomy,initial,-1,43,24270973,0.0020000000000000005,0.00409084918835391,4.183761770463961,2.045424594176955,False,True,True,True
4,larger_anatomy,initial,-1,44,24270974,0.0020000000000000005,0.0062715317618029795,9.833027659825891,3.1357658809014892,False,False,False,True
4,larger_anatomy,initial,-1,45,24270975,0.0020000000000000005,0.004096802808041574,4.1959483119943295,2.0484014040207863,False,True,True,True
4,larger_anatomy,initial,-1,46,24270976,0.0020000000000000005,0.005589225087636885,7.809859270067385,2.794612543818442,False,False,True,True
4,larger_anatomy,initial,-1,47,24270977,0.0020000000000000005,0.0009987996415616064,0.24940018099589828,0.4993998207808031,True,True,True,True
4,larger_anatomy,initial,-1,48,24270978,0.0020000000000000005,0.0025734707184588063,1.6556878846912206,1.2867353592294029,True,True,True,True
4,larger_anatomy,initial,-1,49,24270979,0.0020000000000000005,0.0027094219193721653,1.8352417842935862,1.3547109596860822,True,True,True,True
4,larger_anatomy,initial,-1,50,24270980,0.0020000000000000005,0.0025520973508616866,1.628300222068809,1.276048675430843,True,True,True,True
4,larger_anatomy,initial,-1,51,24270981,0.0020000000000000005,0.0023101928778994883,1.3342477832743795,1.1550964389497438,True,True,True,True
4,larger_anatomy,initial,-1,52,24270982,0.0020000000000000005,0.001984608434954006,0.984667660022647,0.9923042174770028,True,True,True,True
4,larger_anatomy,initial,-1,53,24270983,0.0020000000000000005,0.001719407625371977,0.7390906455468248,0.8597038126859883,True,True,True,True
4,larger_anatomy,initial,-1,54,24270984,0.0020000000000000005,0.00498284361405561,6.207182620533691,2.4914218070278045,False,True,True,True
4,larger_anatomy,initial,-1,55,24270985,0.0020000000000000005,0.0016573970471250622,0.6867412429547186,0.8286985235625309,True,True,True,True
4,larger_anatomy,initial,-1,56,24270986,0.0020000000000000005,0.0036261942789687675,3.2873212372064535,1.8130971394843833,False,True,True,True
4,larger_anatomy,initial,-1,57,24270987,0.0020000000000000005,0.004889544796214876,5.976912078547991,2.4447723981074376,False,True,True,True
4,larger_anatomy,initial,-1,58,24270988,0.0020000000000000005,0.002082562963859662,1.0842671246099844,1.0412814819298306,True,True,True,True
4,larger_anatomy,initial,-1,59,24270989,0.0020000000000000005,0.0029407131735003913,2.1619484921996848,1.4703565867501953,True,True,True,True
4,larger_anatomy,initial,-1,60,24270990,0.0020000000000000005,0.0006881125849694037,0.11837473239831867,0.34405629248470176,True,True,True,True
4,larger_anatomy,initial,-1,61,24270991,0.0020000000000000005,0.0030047659265770724,2.2571545683796423,1.502382963288536,True,True,True,True
4,larger_anatomy,initial,-1,62,24270992,0.0020000000000000005,0.0037793220158283086,3.570818724831136,1.8896610079141538,False,True,True,True
4,larger_anatomy,initial,-1,63,24270993,0.0020000000000000005,0.0031495011959146524,2.4798394457669555,1.5747505979573257,False,True,True,True
4,larger_anatomy,initial,-1,64,24270994,0.0020000000000000005,0.003642669103011478,3.3172595485086105,1.8213345515057386,False,True,True,True
4,larger_anatomy,initial,-1,65,24270995,0.0020000000000000005,0.002758759843901581,1.902688969080968,1.37937992195079,True,True,True,True
4,larger_anatomy,initial,-1,66,24270996,0.0020000000000000005,0.005213589741344564,6.795379497763317,2.606794870672281,False,False,True,True
4,larger_anatomy,initial,-1,67,24270997,0.0020000000000000005,0.001477338358619092,0.545632156461838,0.7386691793095458,True,True,True,True
4,larger_anatomy,initial,-1,68,24270998,0.0020000000000000005,0.005646838472591482,7.971696183884822,2.82341923629574,False,False,False,True
4,larger_anatomy,initial,-1,69,24270999,0.0020000000000000005,0.00043231915041522966,0.046724961953936474,0.21615957520761478,True,True,True,True
4,larger_anatomy,initial,-1,70,24271000,0.0020000000000000005,0.0034653566612450316,3.002174197408827,1.7326783306225153,False,True,True,True
4,larger_anatomy,initial,-1,71,24271001,0.0020000000000000005,0.0039652881028305375,3.930877434612349,1.9826440514152683,False,True,True,True
4,larger_anatomy,initial,-1,72,24271002,0.0020000000000000005,0.004083953259992395,4.169668557450626,2.041976629996197,False,True,True,True
4,larger_anatomy,initial,-1,73,24271003,0.0020000000000000005,0.0020893682282322715,1.0913648982866149,1.0446841141161356,True,True,True,True
4,larger_anatomy,initial,-1,74,24271004,0.0020000000000000005,0.001545111081524591,0.5968420635625226,0.7725555407622953,True,True,True,True
4,larger_anatomy,initial,-1,75,24271005,0.0020000000000000005,0.0018223256821918176,0.8302177229939681,0.9111628410959086,True,True,True,True
4,larger_anatomy,initial,-1,76,24271006,0.0020000000000000005,0.003998329141021829,3.996658979986088,1.999164570510914,False,True,True,True
4,larger_anatomy,initial,-1,77,24271007,0.0020000000000000005,0.002874692910992391,2.0659648331274765,1.4373464554961952,True,True,True,True
4,larger_anatomy,initial,-1,78,24271008,0.0020000000000000005,0.0019571970789473807,0.9576551014600395,0.9785985394736901,True,True,True,True
4,larger_anatomy,initial,-1,79,24271009,0.0020000000000000005,0.002390547654671063,1.4286795223133293,1.1952738273355312,True,True,True,True
4,larger_anatomy,initial,-1,80,24271010,0.0020000000000000005,0.0034183911982238655,2.9213495960235973,1.7091955991119323,False,True,True,True
4,larger_anatomy,initial,-1,81,24271011,0.0020000000000000005,0.002903091366244252,2.1069848701904785,1.4515456831221256,True,True,True,True
4,larger_anatomy,initial,-1,82,24271012,0.0020000000000000005,0.005567593936772087,7.749525561195322,2.7837969683860426,False,False,True,True
4,larger_anatomy,initial,-1,83,24271013,0.0020000000000000005,0.002727524375395568,1.8598473045942454,1.3637621876977837,True,True,True,True
4,larger_anatomy,initial,-1,84,24271014,0.0020000000000000005,0.0023555325893680275,1.3871334448937105,1.1777662946840135,True,True,True,True
4,larger_anatomy,initial,-1,85,24271015,0.0020000000000000005,0.002800302641947931,1.96042372162514,1.4001513209739653,True,True,True,True
4,larger_anatomy,initial,-1,86,24271016,0.0020000000000000005,0.003751168897095429,3.5178170236340325,1.875584448547714,False,True,True,True
4,larger_anatomy,initial,-1,87,24271017,0.0020000000000000005,0.004996808073859371,6.242022731746547,2.498404036929685,False,True,True,True
4,larger_anatomy,initial,-1,88,24271018,0.0020000000000000005,0.002840054805947116,2.0164778251958273,1.4200274029735578,True,True,True,True
4,larger_anatomy,initial,-1,89,24271019,0.0020000000000000005,0.0026633646922690963,1.7733778710064139,1.331682346134548,True,True,True,True
4,larger_anatomy,initial,-1,90,24271020,0.0020000000000000005,0.0035207848451491545,3.098981481457988,1.7603924225745768,False,True,True,True
4,larger_anatomy,initial,-1,91,24271021,0.0020000000000000005,0.004096017369332147,4.194339572467658,2.048008684666073,False,True,True,True
4,larger_anatomy,initial,-1,92,24271022,0.0020000000000000005,0.001605921492307711,0.6447459598639562,0.8029607461538554,True,True,True,True
4,larger_anatomy,initial,-1,93,24271023,0.0020000000000000005,0.0007509130490674401,0.14096760181493986,0.37545652453371997,True,True,True,True
4,larger_anatomy,initial,-1,94,24271024,0.0020000000000000005,0.005710899387620095,8.153592953879892,2.855449693810047,False,False,False,True
4,larger_anatomy,initial,-1,95,24271025,0.0020000000000000005,0.00551478106932604,7.603202560649214,2.7573905346630196,False,False,True,True
4,larger_anatomy,initial,-1,96,24271026,0.0020000000000000005,0.0020068504088870233,1.006862140912503,1.0034252044435115,True,True,True,True
4,larger_anatomy,initial,-1,97,24271027,0.0020000000000000005,0.006101756275169172,9.307857410391588,3.0508781375845855,False,False,False,True
4,larger_anatomy,initial,-1,98,24271028,0.0020000000000000005,0.003705181156984573,3.4320918515183836,1.852590578492286,False,True,True,True
4,larger_anatomy,initial,-1,99,24271029,0.0020000000000000005,0.0011346230104782164,0.32184234397666256,0.567311505239108,True,True,True,True
4,larger_anatomy,candidate_0,0,0,24280930,0.002,0.002182546872411924,1.1908777125687677,1.091273436205962,True,True,True,True
4,larger_anatomy,candidate_0,0,1,24280931,0.002,0.0036909390533088893,3.40575777381018,1.8454695266544445,False,True,True,True
4,larger_anatomy,candidate_0,0,2,24280932,0.002,0.002322454059267116,1.348448214351576,1.1612270296335578,True,True,True,True
4,larger_anatomy,candidate_0,0,3,24280933,0.002,0.0006575601669330874,0.10809634328426745,0.3287800834665437,True,True,True,True
4,larger_anatomy,candidate_0,0,4,24280934,0.002,0.005280572503705127,6.971111491721659,2.6402862518525634,False,False,True,True
4,larger_anatomy,candidate_0,0,5,24280935,0.002,0.004797618465369131,5.754285734812715,2.398809232684566,False,True,True,True
4,larger_anatomy,candidate_0,0,6,24280936,0.002,0.0019257397941971589,0.927118438738629,0.9628698970985794,True,True,True,True
4,larger_anatomy,candidate_0,0,7,24280937,0.002,0.004425183992686209,4.895563342281565,2.2125919963431047,False,True,True,True
4,larger_anatomy,candidate_0,0,8,24280938,0.002,0.0034220471402785255,2.927601657572109,1.7110235701392627,False,True,True,True
4,larger_anatomy,candidate_0,0,9,24280939,0.002,0.002855422520121501,2.0383594421042557,1.4277112600607504,True,True,True,True
4,larger_anatomy,candidate_0,0,10,24280940,0.002,0.0030121081114007956,2.268198818691617,1.5060540557003979,True,True,True,True
4,larger_anatomy,candidate_0,0,11,24280941,0.002,0.0025898375902048145,1.6768146859094701,1.2949187951024073,True,True,True,True
4,larger_anatomy,candidate_0,0,12,24280942,0.002,0.00045572545802629206,0.051921423273318425,0.22786272901314603,True,True,True,True
4,larger_anatomy,candidate_0,0,13,24280943,0.002,0.003050939612042855,2.327058129083052,1.5254698060214276,True,True,True,True
4,larger_anatomy,candidate_0,0,14,24280944,0.002,0.003675248615235096,3.3768630959468724,1.8376243076175478,False,True,True,True
4,larger_anatomy,candidate_0,0,15,24280945,0.002,0.0022618501316608256,1.2789915045235236,1.1309250658304129,True,True,True,True
4,larger_anatomy,candidate_0,0,16,24280946,0.002,0.002754190644929884,1.8963915271548224,1.3770953224649418,True,True,True,True
4,larger_anatomy,candidate_0,0,17,24280947,0.002,0.0029404151187637133,2.1615102676635556,1.4702075593818567,True,True,True,True
4,larger_anatomy,candidate_0,0,18,24280948,0.002,0.003129521507886396,2.448476217080885,1.5647607539431978,False,True,True,True
4,larger_anatomy,candidate_0,0,19,24280949,0.002,0.0027861492205662097,1.9406568698154247,1.3930746102831049,True,True,True,True
4,larger_anatomy,candidate_0,0,20,24280950,0.002,0.002882654467665363,2.0774241949877696,1.4413272338326815,True,True,True,True
4,larger_anatomy,candidate_0,0,21,24280951,0.002,0.002350264163813222,1.380935409926166,1.175132081906611,True,True,True,True
4,larger_anatomy,candidate_0,0,22,24280952,0.002,0.00417714088509373,4.3621264934804085,2.088570442546865,False,True,True,True
4,larger_anatomy,candidate_0,0,23,24280953,0.002,0.0028822441527244494,2.0768328389785697,1.4411220763622246,True,True,True,True
4,larger_anatomy,candidate_0,0,24,24280954,0.002,0.0004525607827920588,0.05120281553034026,0.2262803913960294,True,True,True,True
4,larger_anatomy,candidate_0,0,25,24280955,0.002,0.0036467496840448736,3.3246958145203465,1.8233748420224367,False,True,True,True
4,larger_anatomy,candidate_0,0,26,24280956,0.002,0.005726662038470823,8.198664525715701,2.8633310192354116,False,False,False,True
4,larger_anatomy,candidate_0,0,27,24280957,0.002,0.0028710142242523483,2.0606806689648285,1.4355071121261742,True,True,True,True
4,larger_anatomy,candidate_0,0,28,24280958,0.002,0.002201603508007036,1.2117645016172218,1.100801754003518,True,True,True,True
4,larger_anatomy,candidate_0,0,29,24280959,0.002,0.0039560961025209285,3.91267409309532,1.9780480512604641,False,True,True,True
4,larger_anatomy,candidate_0,0,30,24280960,0.002,0.001331100074176008,0.4429568518678435,0.665550037088004,True,True,True,True
4,larger_anatomy,candidate_0,0,31,24280961,0.002,0.0039389799450932845,3.8788907519617735,1.9694899725466422,False,True,True,True
4,larger_anatomy,candidate_0,0,32,24280962,0.002,0.002321684165141134,1.347554340666771,1.160842082570567,True,True,True,True
4,larger_anatomy,candidate_0,0,33,24280963,0.002,0.001999818189667804,0.9998181979315534,0.999909094833902,True,True,True,True
4,larger_anatomy,candidate_0,0,34,24280964,0.002,0.003901954202856703,3.806311650297772,1.9509771014283515,False,True,True,True
4,larger_anatomy,candidate_0,0,35,24280965,0.002,0.004318846731710408,4.663109273001418,2.159423365855204,False,True,True,True
4,larger_anatomy,candidate_0,0,36,24280966,0.002,0.0036998100818158735,3.4221486603765956,1.8499050409079367,False,True,True,True
4,larger_anatomy,candidate_0,0,37,24280967,0.002,0.002335624454594503,1.3637853982249672,1.1678122272972513,True,True,True,True
4,larger_anatomy,candidate_0,0,38,24280968,0.002,0.005950118327992808,8.850977029278983,2.975059163996404,False,False,False,True
4,larger_anatomy,candidate_0,0,39,24280969,0.002,0.002813552283918525,1.979019113585787,1.4067761419592624,True,True,True,True
4,larger_anatomy,candidate_0,0,40,24280970,0.002,0.002371117131940443,1.405549113345368,1.1855585659702215,True,True,True,True
4,larger_anatomy,candidate_0,0,41,24280971,0.002,0.001902067255778812,0.9044649613764852,0.951033627889406,True,True,True,True
4,larger_anatomy,candidate_0,0,42,24280972,0.002,0.0037982492053906186,3.606674256562617,1.8991246026953092,False,True,True,True
4,larger_anatomy,candidate_0,0,43,24280973,0.002,0.005393627484122334,7.272804359369955,2.696813742061167,False,False,True,True
4,larger_anatomy,candidate_0,0,44,24280974,0.002,0.0014472367571505577,0.5236235578119156,0.7236183785752789,True,True,True,True
4,larger_anatomy,candidate_0,0,45,24280975,0.002,0.0016581058250310359,0.687328731750463,0.8290529125155179,True,True,True,True
4,larger_anatomy,candidate_0,0,46,24280976,0.002,0.003297713371848329,2.7187283707168186,1.6488566859241645,False,True,True,True
4,larger_anatomy,candidate_0,0,47,24280977,0.002,0.0037423120752325405,3.5012249171078214,1.8711560376162701,False,True,True,True
4,larger_anatomy,candidate_0,0,48,24280978,0.002,0.003185127502459693,2.5362593017312807,1.5925637512298465,False,True,True,True
4,larger_anatomy,candidate_0,0,49,24280979,0.002,0.0007321047585229523,0.13399434436298757,0.3660523792614761,True,True,True,True
4,larger_anatomy,candidate_0,0,50,24280980,0.002,0.0030176999413508683,2.276628234007259,1.5088499706754341,True,True,True,True
4,larger_anatomy,candidate_0,0,51,24280981,0.002,0.003632926103464292,3.2995380183080614,1.816463051732146,False,True,True,True
4,larger_anatomy,candidate_0,0,52,24280982,0.002,0.0030879391703485994,2.3838420799432996,1.5439695851742996,False,True,True,True
4,larger_anatomy,candidate_0,0,53,24280983,0.002,0.004401680941260033,4.843698777162953,2.2008404706300166,False,True,True,True
4,larger_anatomy,candidate_0,0,54,24280984,0.002,0.004773248949865462,5.695976384347935,2.386624474932731,False,True,True,True
4,larger_anatomy,candidate_0,0,55,24280985,0.002,0.0028217958128710515,1.9906329023841496,1.4108979064355258,True,True,True,True
4,larger_anatomy,candidate_0,0,56,24280986,0.002,0.006591338957825159,10.861437314235914,3.2956694789125796,False,False,False,True
4,larger_anatomy,candidate_0,0,57,24280987,0.002,0.003412005535176537,2.9104454430188316,1.7060027675882683,False,True,True,True
4,larger_anatomy,candidate_0,0,58,24280988,0.002,0.0055500118204834204,7.700657801876424,2.77500591024171,False,False,True,True
4,larger_anatomy,candidate_0,0,59,24280989,0.002,0.0038043750351367503,3.6183173519929377,1.9021875175683751,False,True,True,True
4,larger_anatomy,candidate_0,0,60,24280990,0.002,0.0018471106395747331,0.852954428707545,0.9235553197873666,True,True,True,True
4,larger_anatomy,candidate_0,0,61,24280991,0.002,0.0037605905078943323,3.535510242016238,1.8802952539471662,False,True,True,True
4,larger_anatomy,candidate_0,0,62,24280992,0.002,0.0019089106072278257,0.9109849265967266,0.9544553036139128,True,True,True,True
4,larger_anatomy,candidate_0,0,63,24280993,0.002,0.0028308133521848353,2.0033760587269858,1.4154066760924175,True,True,True,True
4,larger_anatomy,candidate_0,0,64,24280994,0.002,0.0020716267299290066,1.0729093270390875,1.0358133649645034,True,True,True,True
4,larger_anatomy,candidate_0,0,65,24280995,0.002,0.003568248904003113,3.183100060229854,1.7841244520015564,False,True,True,True
4,larger_anatomy,candidate_0,0,66,24280996,0.002,0.002994213102036102,2.2413280251011645,1.497106551018051,True,True,True,True
4,larger_anatomy,candidate_0,0,67,24280997,0.002,0.0024162135781379697,1.4595220137945728,1.208106789068985,True,True,True,True
4,larger_anatomy,candidate_0,0,68,24280998,0.002,0.002704981349110928,1.829231024759494,1.352490674555464,True,True,True,True
4,larger_anatomy,candidate_0,0,69,24280999,0.002,0.0022846058844879368,1.3048560118592272,1.1423029422439683,True,True,True,True
4,larger_anatomy,candidate_0,0,70,24281000,0.002,0.003393816276697883,2.8794972299948705,1.6969081383489415,False,True,True,True
4,larger_anatomy,candidate_0,0,71,24281001,0.002,0.0017418849735240563,0.7585408152472256,0.8709424867620281,True,True,True,True
4,larger_anatomy,candidate_0,0,72,24281002,0.002,0.0038489399512303436,3.7035846870442604,1.9244699756151717,False,True,True,True
4,larger_anatomy,candidate_0,0,73,24281003,0.002,0.003906834679058353,3.8158393023732455,1.9534173395291763,False,True,True,True
4,larger_anatomy,candidate_0,0,74,24281004,0.002,0.001094225915148131,0.2993325883454412,0.5471129575740655,True,True,True,True
4,larger_anatomy,candidate_0,0,75,24281005,0.002,0.005054041285336303,6.385833328470957,2.5270206426681514,False,False,True,True
4,larger_anatomy,candidate_0,0,76,24281006,0.002,0.005597286154897583,7.832403074952043,2.7986430774487916,False,False,False,True
4,larger_anatomy,candidate_0,0,77,24281007,0.002,0.002818311956449141,1.985720570966046,1.4091559782245704,True,True,True,True
4,larger_anatomy,candidate_0,0,78,24281008,0.002,0.001934455545745694,0.9355295646165677,0.9672277728728469,True,True,True,True
4,larger_anatomy,candidate_0,0,79,24281009,0.002,0.0025229075250424605,1.5912655949789685,1.2614537625212303,True,True,True,True
4,larger_anatomy,candidate_0,0,80,24281010,0.002,0.006236703172273738,9.724116614762329,3.118351586136869,False,False,False,True
4,larger_anatomy,candidate_0,0,81,24281011,0.002,0.004320246710611023,4.666132910136342,2.1601233553055113,False,True,True,True
4,larger_anatomy,candidate_0,0,82,24281012,0.002,0.002803258585525495,1.9645646743306002,1.4016292927627476,True,True,True,True
4,larger_anatomy,candidate_0,0,83,24281013,0.002,0.002770726382723571,1.9192311719801112,1.3853631913617854,True,True,True,True
4,larger_anatomy,candidate_0,0,84,24281014,0.002,0.0019356288461057738,0.9366647574691923,0.9678144230528869,True,True,True,True
4,larger_anatomy,candidate_0,0,85,24281015,0.002,0.0031269909324517136,2.444518072908809,1.5634954662258567,False,True,True,True
4,larger_anatomy,candidate_0,0,86,24281016,0.002,0.0018656890549148075,0.8701989124072269,0.9328445274574038,True,True,True,True
4,larger_anatomy,candidate_0,0,87,24281017,0.002,0.004443881629548452,4.937020984359551,2.221940814774226,False,True,True,True
4,larger_anatomy,candidate_0,0,88,24281018,0.002,0.0018969814111761,0.899634618586917,0.9484907055880499,True,True,True,True
4,larger_anatomy,candidate_0,0,89,24281019,0.002,0.001943675312233979,0.944468429846964,0.9718376561169895,True,True,True,True
4,larger_anatomy,candidate_0,0,90,24281020,0.002,0.004937707898123254,6.0952398217971915,2.468853949061627,False,True,True,True
4,larger_anatomy,candidate_0,0,91,24281021,0.002,0.0062957298212894105,9.909053495668198,3.147864910644705,False,False,False,True
4,larger_anatomy,candidate_0,0,92,24281022,0.002,0.00525007851043805,6.890831091440855,2.625039255219025,False,False,True,True
4,larger_anatomy,candidate_0,0,93,24281023,0.002,0.004046341268358268,4.093219415004799,2.023170634179134,False,True,True,True
4,larger_anatomy,candidate_0,0,94,24281024,0.002,0.0053791170638130175,7.233725096551095,2.6895585319065085,False,False,True,True
4,larger_anatomy,candidate_0,0,95,24281025,0.002,0.004597344970771499,5.2838951950695,2.2986724853857496,False,True,True,True
4,larger_anatomy,candidate_0,0,96,24281026,0.002,0.004967608747922306,6.169284168108555,2.483804373961153,False,True,True,True
4,larger_anatomy,candidate_0,0,97,24281027,0.002,0.0035847753502857363,3.2126535780040557,1.792387675142868,False,True,True,True
4,larger_anatomy,candidate_0,0,98,24281028,0.002,0.004356260088010751,4.74425048859886,2.1781300440053757,False,True,True,True
4,larger_anatomy,candidate_0,0,99,24281029,0.002,0.00195337016834977,0.9539137536497023,0.9766850841748851,True,True,True,True
4,larger_anatomy,candidate_26,26,0,24540930,0.002,0.0025648542495605763,1.644619330372237,1.282427124780288,True,True,True,True
4,larger_anatomy,candidate_26,26,1,24540931,0.002,0.003113635057307931,2.423680817524241,1.5568175286539654,False,True,True,True
4,larger_anatomy,candidate_26,26,2,24540932,0.002,0.004590611090645147,5.2684275463885575,2.2953055453225737,False,True,True,True
4,larger_anatomy,candidate_26,26,3,24540933,0.002,0.0009428525368809288,0.22224272657570082,0.47142626844046437,True,True,True,True
4,larger_anatomy,candidate_26,26,4,24540934,0.002,0.0027111922527339803,1.837640857821189,1.3555961263669902,True,True,True,True
4,larger_anatomy,candidate_26,26,5,24540935,0.002,0.0028265991726370144,1.9974157206880636,1.4132995863185072,True,True,True,True
4,larger_anatomy,candidate_26,26,6,24540936,0.002,0.0016498963497093093,0.6805394911960259,0.8249481748546547,True,True,True,True
4,larger_anatomy,candidate_26,26,7,24540937,0.002,0.0025305289550340724,1.6008941980664586,1.265264477517036,True,True,True,True
4,larger_anatomy,candidate_26,26,8,24540938,0.002,0.002692953121192942,1.8129991282357023,1.346476560596471,True,True,True,True
4,larger_anatomy,candidate_26,26,9,24540939,0.002,0.001288697286976764,0.4151851743653181,0.6443486434883821,True,True,True,True
4,larger_anatomy,candidate_26,26,10,24540940,0.002,0.0049135918277800825,6.035846162506803,2.456795913890041,False,True,True,True
4,larger_anatomy,candidate_26,26,11,24540941,0.002,0.0012031192015073394,0.36187395325891447,0.6015596007536697,True,True,True,True
4,larger_anatomy,candidate_26,26,12,24540942,0.002,0.004023851851666431,4.047845931039841,2.0119259258332156,False,True,True,True
4,larger_anatomy,candidate_26,26,13,24540943,0.002,0.005456732632191049,7.443982754804665,2.7283663160955247,False,False,True,True
4,larger_anatomy,candidate_26,26,14,24540944,0.002,0.0026761508826542244,1.7904458866827462,1.338075441327112,True,True,True,True
4,larger_anatomy,candidate_26,26,15,24540945,0.002,0.003849435393630155,3.7045382124331367,1.9247176968150774,False,True,True,True
4,larger_anatomy,candidate_26,26,16,24540946,0.002,0.0058994138432396925,8.700770923452032,2.949706921619846,False,False,False,True
4,larger_anatomy,candidate_26,26,17,24540947,0.002,0.004027432144176586,4.055052418986702,2.0137160720882927,False,True,True,True
4,larger_anatomy,candidate_26,26,18,24540948,0.002,0.003488917253665501,3.043135900731206,1.7444586268327504,False,True,True,True
4,larger_anatomy,candidate_26,26,19,24540949,0.002,0.004189837534771725,4.388684641945502,2.0949187673858627,False,True,True,True
4,larger_anatomy,candidate_26,26,20,24540950,0.002,0.0055543331862882425,7.712654286075726,2.777166593144121,False,False,True,True
4,larger_anatomy,candidate_26,26,21,24540951,0.002,0.005493176325295404,7.54374653519648,2.746588162647702,False,False,True,True
4,larger_anatomy,candidate_26,26,22,24540952,0.002,0.0034814810127930043,3.030177510609551,1.740740506396502,False,True,True,True
4,larger_anatomy,candidate_26,26,23,24540953,0.002,0.0032461318576092538,2.634343009246426,1.6230659288046267,False,True,True,True
4,larger_anatomy,candidate_26,26,24,24540954,0.002,0.0047920689994318645,5.7409813238289775,2.3960344997159324,False,True,True,True
4,larger_anatomy,candidate_26,26,25,24540955,0.002,0.006941623268229283,12.046533399505547,3.470811634114641,False,False,False,False
4,larger_anatomy,candidate_26,26,26,24540956,0.002,0.0024714297294975364,1.5269912269610666,1.2357148647487681,True,True,True,True
4,larger_anatomy,candidate_26,26,27,24540957,0.002,0.0006102119316783175,0.09308965039064593,0.3051059658391588,True,True,True,True
4,larger_anatomy,candidate_26,26,28,24540958,0.002,0.0021175493035125057,1.1210037632015746,1.0587746517562528,True,True,True,True
4,larger_anatomy,candidate_26,26,29,24540959,0.002,0.005364546123334873,7.194588777346804,2.6822730616674364,False,False,True,True
4,larger_anatomy,candidate_26,26,30,24540960,0.002,0.005646397293444183,7.970450598853448,2.8231986467220915,False,False,False,True
4,larger_anatomy,candidate_26,26,31,24540961,0.002,0.004182995586809385,4.374363019816698,2.0914977934046926,False,True,True,True
4,larger_anatomy,candidate_26,26,32,24540962,0.002,0.004066318288476718,4.1337361058000575,2.033159144238359,False,True,True,True
4,larger_anatomy,candidate_26,26,33,24540963,0.002,0.002075545764388546,1.0769725550178086,1.037772882194273,True,True,True,True
4,larger_anatomy,candidate_26,26,34,24540964,0.002,0.004063444938868247,4.127896192803494,2.031722469434124,False,True,True,True
4,larger_anatomy,candidate_26,26,35,24540965,0.002,0.0022019596201549477,1.2121565421982305,1.1009798100774737,True,True,True,True
4,larger_anatomy,candidate_26,26,36,24540966,0.002,0.0016937634489114705,0.71720865521712,0.8468817244557353,True,True,True,True
4,larger_anatomy,candidate_26,26,37,24540967,0.002,0.002822835022182934,1.9920993906156312,1.411417511091467,True,True,True,True
4,larger_anatomy,candidate_26,26,38,24540968,0.002,0.0019834670297669997,0.983535364543181,0.9917335148834998,True,True,True,True
4,larger_anatomy,candidate_26,26,39,24540969,0.002,0.0018006045662409041,0.8105442009918986,0.900302283120452,True,True,True,True
4,larger_anatomy,candidate_26,26,40,24540970,0.002,0.00192059021453315,0.9221666930401228,0.960295107266575,True,True,True,True
4,larger_anatomy,candidate_26,26,41,24540971,0.002,0.004158108994232438,4.3224676019791755,2.079054497116219,False,True,True,True
4,larger_anatomy,candidate_26,26,42,24540972,0.002,0.0025246816608502395,1.593504372158381,1.2623408304251198,True,True,True,True
4,larger_anatomy,candidate_26,26,43,24540973,0.002,0.003387630403501557,2.86900993768203,1.6938152017507784,False,True,True,True
4,larger_anatomy,candidate_26,26,44,24540974,0.002,0.0029218080514693844,2.1342405724078306,1.4609040257346921,True,True,True,True
4,larger_anatomy,candidate_26,26,45,24540975,0.002,0.005512844851114407,7.597864588114656,2.7564224255572034,False,False,True,True
4,larger_anatomy,candidate_26,26,46,24540976,0.002,0.000701487044619661,0.12302101844230659,0.3507435223098305,True,True,True,True
4,larger_anatomy,candidate_26,26,47,24540977,0.002,0.0031999347995473374,2.5598956803385144,1.5999673997736688,False,True,True,True
4,larger_anatomy,candidate_26,26,48,24540978,0.002,0.0023433844102145377,1.3728626235091343,1.171692205107269,True,True,True,True
4,larger_anatomy,candidate_26,26,49,24540979,0.002,0.00213908147891285,1.1439173933569966,1.069540739456425,True,True,True,True
4,larger_anatomy,candidate_26,26,50,24540980,0.002,0.003277749030628955,2.6859096769472637,1.6388745153144775,False,True,True,True
4,larger_anatomy,candidate_26,26,51,24540981,0.002,0.0032844361568842018,2.6968802171620663,1.6422180784421008,False,True,True,True
4,larger_anatomy,candidate_26,26,52,24540982,0.002,0.003915113466023345,3.8320283629593335,1.9575567330116725,False,True,True,True
4,larger_anatomy,candidate_26,26,53,24540983,0.002,0.0042061697224396385,4.422965933491986,2.1030848612198194,False,True,True,True
4,larger_anatomy,candidate_26,26,54,24540984,0.002,0.0031522338364684196,2.484144539944103,1.5761169182342099,False,True,True,True
4,larger_anatomy,candidate_26,26,55,24540985,0.002,0.003687064647418901,3.3986114285615665,1.8435323237094505,False,True,True,True
4,larger_anatomy,candidate_26,26,56,24540986,0.002,0.0005856790060296506,0.08575497452596988,0.2928395030148253,True,True,True,True
4,larger_anatomy,candidate_26,26,57,24540987,0.002,0.003478905149445309,3.025695259709272,1.7394525747226546,False,True,True,True
4,larger_anatomy,candidate_26,26,58,24540988,0.002,0.005287417813673971,6.989196784089209,2.6437089068369857,False,False,True,True
4,larger_anatomy,candidate_26,26,59,24540989,0.002,0.006386997091591607,10.198432961999911,3.193498545795803,False,False,False,True
4,larger_anatomy,candidate_26,26,60,24540990,0.002,0.0020722563244330583,1.073561568538202,1.036128162216529,True,True,True,True
4,larger_anatomy,candidate_26,26,61,24540991,0.002,0.0047683772438370485,5.684355384885752,2.384188621918524,False,True,True,True
4,larger_anatomy,candidate_26,26,62,24540992,0.002,0.005258056024067331,6.9117882880576875,2.6290280120336655,False,False,True,True
4,larger_anatomy,candidate_26,26,63,24540993,0.002,0.0022848999758996857,1.3051919749665961,1.1424499879498429,True,True,True,True
4,larger_anatomy,candidate_26,26,64,24540994,0.002,0.0008425529968552108,0.1774738881274242,0.4212764984276054,True,True,True,True
4,larger_anatomy,candidate_26,26,65,24540995,0.002,0.004446673939266346,4.943227280537622,2.223336969633173,False,True,True,True
4,larger_anatomy,candidate_26,26,66,24540996,0.002,0.0034617601660777496,2.9959458618606623,1.7308800830388746,False,True,True,True
4,larger_anatomy,candidate_26,26,67,24540997,0.002,0.004732035429865915,5.598039827376574,2.3660177149329575,False,True,True,True
4,larger_anatomy,candidate_26,26,68,24540998,0.002,0.0036058905218035227,3.2506116138081205,1.8029452609017613,False,True,True,True
4,larger_anatomy,candidate_26,26,69,24540999,0.002,0.0015756281991603654,0.6206510554973341,0.7878140995801827,True,True,True,True
4,larger_anatomy,candidate_26,26,70,24541000,0.002,0.0011657462824336857,0.3397410987519896,0.5828731412168429,True,True,True,True
4,larger_anatomy,candidate_26,26,71,24541001,0.002,0.0028357425183224367,2.010358907555419,1.4178712591612184,True,True,True,True
4,larger_anatomy,candidate_26,26,72,24541002,0.002,0.003176522236022633,2.522573378986557,1.5882611180113164,False,True,True,True
4,larger_anatomy,candidate_26,26,73,24541003,0.002,0.0019782201121912577,0.9783387030694982,0.9891100560956289,True,True,True,True
4,larger_anatomy,candidate_26,26,74,24541004,0.002,0.0018435406032593304,0.849660488966444,0.9217703016296651,True,True,True,True
4,larger_anatomy,candidate_26,26,75,24541005,0.002,0.0027847246378268874,1.9386728271300222,1.3923623189134438,True,True,True,True
4,larger_anatomy,candidate_26,26,76,24541006,0.002,0.0007400711817451837,0.1369263385124282,0.37003559087259186,True,True,True,True
4,larger_anatomy,candidate_26,26,77,24541007,0.002,0.006735146936044414,11.340551062527114,3.367573468022207,False,False,False,True
4,larger_anatomy,candidate_26,26,78,24541008,0.002,0.00454357938093706,5.1610283977191,2.27178969046853,False,True,True,True
4,larger_anatomy,candidate_26,26,79,24541009,0.002,0.0038584765235810353,3.7219602707564983,1.9292382617905177,False,True,True,True
4,larger_anatomy,candidate_26,26,80,24541010,0.002,0.0023262846442338924,1.352900061499602,1.1631423221169461,True,True,True,True
4,larger_anatomy,candidate_26,26,81,24541011,0.002,0.004767800125487306,5.6829795091491935,2.383900062743653,False,True,True,True
4,larger_anatomy,candidate_26,26,82,24541012,0.002,0.0051057448787280146,6.5171576916643374,2.552872439364007,False,False,True,True
4,larger_anatomy,candidate_26,26,83,24541013,0.002,0.0026370076375457053,1.7384523201185955,1.3185038187728526,True,True,True,True
4,larger_anatomy,candidate_26,26,84,24541014,0.002,0.0024425328420467685,1.491491671119266,1.2212664210233843,True,True,True,True
4,larger_anatomy,candidate_26,26,85,24541015,0.002,0.0034032948561717132,2.8956039695112104,1.7016474280858567,False,True,True,True
4,larger_anatomy,candidate_26,26,86,24541016,0.002,0.002834337448934773,2.0083671936085197,1.4171687244673865,True,True,True,True
4,larger_anatomy,candidate_26,26,87,24541017,0.002,0.0042355447123218,4.484959752519289,2.1177723561609,False,True,True,True
4,larger_anatomy,candidate_26,26,88,24541018,0.002,0.0017990493732847558,0.8091446618790682,0.8995246866423778,True,True,True,True
4,larger_anatomy,candidate_26,26,89,24541019,0.002,0.0031810358017798205,2.5297471930512465,1.5905179008899102,False,True,True,True
4,larger_anatomy,candidate_26,26,90,24541020,0.002,0.00443152885472354,4.909611997561833,2.21576442736177,False,True,True,True
4,larger_anatomy,candidate_26,26,91,24541021,0.002,0.002662151355703891,1.7717624601690163,1.3310756778519455,True,True,True,True
4,larger_anatomy,candidate_26,26,92,24541022,0.002,0.0026080401079903743,1.7004683012216109,1.3040200539951872,True,True,True,True
4,larger_anatomy,candidate_26,26,93,24541023,0.002,0.003181720248625177,2.5308359351278646,1.5908601243125886,False,True,True,True
4,larger_anatomy,candidate_26,26,94,24541024,0.002,0.001984170657714388,0.9842332997336869,0.992085328857194,True,True,True,True
4,larger_anatomy,candidate_26,26,95,24541025,0.002,0.0018607428820926796,0.865591018314643,0.9303714410463397,True,True,True,True
4,larger_anatomy,candidate_26,26,96,24541026,0.002,0.002489271180479635,1.549117752491619,1.2446355902398174,True,True,True,True
4,larger_anatomy,candidate_26,26,97,24541027,0.002,0.0015999536104449952,0.6399628888939939,0.7999768052224976,True,True,True,True
4,larger_anatomy,candidate_26,26,98,24541028,0.002,0.003675663734976125,3.3776259731546596,1.8378318674880625,False,True,True,True
4,larger_anatomy,candidate_26,26,99,24541029,0.002,0.0005865991319729455,0.0860246354078533,0.2932995659864728,True,True,True,True
4,larger_anatomy,candidate_53,53,0,24810930,0.0026666666666666666,0.009573266988287877,12.887921366584093,3.589975120607954,False,False,False,False
4,larger_anatomy,candidate_53,53,1,24810931,0.0026666666666666666,0.00383227103301705,2.065261116164283,1.4371016373813938,True,True,True,True
4,larger_anatomy,candidate_53,53,2,24810932,0.0026666666666666666,0.006612942753047863,6.149673542121785,2.4798535323929487,False,True,True,True
4,larger_anatomy,candidate_53,53,3,24810933,0.0026666666666666666,0.00356589459206514,1.7881318464917924,1.3372104720244276,True,True,True,True
4,larger_anatomy,candidate_53,53,4,24810934,0.0026666666666666666,0.002515966332945834,0.8901684265101899,0.9434873748546877,True,True,True,True
4,larger_anatomy,candidate_53,53,5,24810935,0.0026666666666666666,0.006540296072940193,6.015300851491441,2.4526110273525723,False,True,True,True
4,larger_anatomy,candidate_53,53,6,24810936,0.0026666666666666666,0.0068240407011557775,6.548559115926183,2.559015262933417,False,False,True,True
4,larger_anatomy,candidate_53,53,7,24810937,0.0026666666666666666,0.0033279255110645932,1.5574342791367313,1.2479720666492224,True,True,True,True
4,larger_anatomy,candidate_53,53,8,24810938,0.0026666666666666666,0.0040711151200378895,2.3307157013345328,1.5266681700142086,True,True,True,True
4,larger_anatomy,candidate_53,53,9,24810939,0.0026666666666666666,0.005159857208783438,3.744017777114214,1.9349464532937892,False,True,True,True
4,larger_anatomy,candidate_53,53,10,24810940,0.0026666666666666666,0.004186760264836339,2.465010213076751,1.5700350993136272,False,True,True,True
4,larger_anatomy,candidate_53,53,11,24810941,0.0026666666666666666,0.0038811135253936347,2.1182403089521977,1.455417572022613,True,True,True,True
4,larger_anatomy,candidate_53,53,12,24810942,0.0026666666666666666,0.005543218828432521,4.321023044046864,2.0787070606621953,False,True,True,True
4,larger_anatomy,candidate_53,53,13,24810943,0.0026666666666666666,0.005299190317146681,3.948949408688598,1.9871963689300054,False,True,True,True
4,larger_anatomy,candidate_53,53,14,24810944,0.0026666666666666666,0.0063553414716798935,5.679895109295144,2.38325305187996,False,True,True,True
4,larger_anatomy,candidate_53,53,15,24810945,0.0026666666666666666,0.006154075467623374,5.325840683606791,2.3077783003587653,False,True,True,True
4,larger_anatomy,candidate_53,53,16,24810946,0.0026666666666666666,0.0022474309879071887,0.7102892876351459,0.8427866204651958,True,True,True,True
4,larger_anatomy,candidate_53,53,17,24810947,0.0026666666666666666,0.004944913761816828,3.438586703222642,1.8543426606813105,False,True,True,True
4,larger_anatomy,candidate_53,53,18,24810948,0.0026666666666666666,0.008001244445555836,9.0028002202788,3.0004666670834386,False,False,False,True
4,larger_anatomy,candidate_53,53,19,24810949,0.0026666666666666666,0.00395507376423283,2.1997418175735253,1.4831526615873112,True,True,True,True
4,larger_anatomy,candidate_53,53,20,24810950,0.0026666666666666666,0.0047690677728365735,3.1983760437058684,1.7884004148137151,False,True,True,True
4,larger_anatomy,candidate_53,53,21,24810951,0.0026666666666666666,0.005469449097153802,4.206779075581388,2.051043411432676,False,True,True,True
4,larger_anatomy,candidate_53,53,22,24810952,0.0026666666666666666,0.0026650546997975875,0.99879139025342,0.9993955124240954,True,True,True,True
4,larger_anatomy,candidate_53,53,23,24810953,0.0026666666666666666,0.0021837204391153505,0.6705892907170509,0.8188951646682565,True,True,True,True
4,larger_anatomy,candidate_53,53,24,24810954,0.0026666666666666666,0.0008188104073137877,0.0942820991895053,0.3070539027426704,True,True,True,True
4,larger_anatomy,candidate_53,53,25,24810955,0.0026666666666666666,0.004413785037384879,2.739585706346621,1.6551693890193298,False,True,True,True
4,larger_anatomy,candidate_53,53,26,24810956,0.0026666666666666666,0.005593133478502771,4.3991918589865096,2.0974250544385393,False,True,True,True
4,larger_anatomy,candidate_53,53,27,24810957,0.0026666666666666666,0.005226120740203129,3.8407975300098705,1.9597952775761733,False,True,True,True
4,larger_anatomy,candidate_53,53,28,24810958,0.0026666666666666666,0.0038365167085890827,2.069839751524201,1.438693765720906,True,True,True,True
4,larger_anatomy,candidate_53,53,29,24810959,0.0026666666666666666,0.006744678614126469,6.397128226104601,2.5292544802974257,False,False,True,True
4,larger_anatomy,candidate_53,53,30,24810960,0.0026666666666666666,0.002767531199090117,1.077079069397416,1.0378241996587938,True,True,True,True
4,larger_anatomy,candidate_53,53,31,24810961,0.0026666666666666666,0.004570426683378455,2.937487509581876,1.7139100062669208,False,True,True,True
4,larger_anatomy,candidate_53,53,32,24810962,0.0026666666666666666,0.0011175620328669038,0.1756328761836009,0.41908576232508893,True,True,True,True
4,larger_anatomy,candidate_53,53,33,24810963,0.0026666666666666666,0.003143144372245938,1.389284514109872,1.178679139592227,True,True,True,True
4,larger_anatomy,candidate_53,53,34,24810964,0.0026666666666666666,0.0028464430594634,1.1393772315141604,1.067416147298775,True,True,True,True
4,larger_anatomy,candidate_53,53,35,24810965,0.0026666666666666666,0.003029643012244652,1.2907598599185257,1.1361161295917446,True,True,True,True
4,larger_anatomy,candidate_53,53,36,24810966,0.0026666666666666666,0.0013056297960017532,0.2397191012166909,0.48961117350065747,True,True,True,True
4,larger_anatomy,candidate_53,53,37,24810967,0.0026666666666666666,0.004189695906454772,2.4684682202667947,1.5711359649205394,False,True,True,True
4,larger_anatomy,candidate_53,53,38,24810968,0.0026666666666666666,0.00391813616025317,2.158845605196111,1.4693010600949388,True,True,True,True
4,larger_anatomy,candidate_53,53,39,24810969,0.0026666666666666666,0.005268536169337657,3.903394692321437,1.9757010635016212,False,True,True,True
4,larger_anatomy,candidate_53,53,40,24810970,0.0026666666666666666,0.008273825292495198,9.626651011509363,3.1026844846856996,False,False,False,True
4,larger_anatomy,candidate_53,53,41,24810971,0.0026666666666666666,0.002819877939860097,1.1182094431466658,1.0574542274475365,True,True,True,True
4,larger_anatomy,candidate_53,53,42,24810972,0.0026666666666666666,0.005281310129483554,3.922345783657349,1.9804912985563328,False,True,True,True
4,larger_anatomy,candidate_53,53,43,24810973,0.0026666666666666666,0.004803582480161655,3.2448381530225623,1.8013434300606208,False,True,True,True
4,larger_anatomy,candidate_53,53,44,24810974,0.0026666666666666666,0.002151079650033731,0.6506920772984867,0.8066548687626491,True,True,True,True
4,larger_anatomy,candidate_53,53,45,24810975,0.0026666666666666666,0.004190532106426997,2.46945365648374,1.5714495399101238,False,True,True,True
4,larger_anatomy,candidate_53,53,46,24810976,0.0026666666666666666,0.004177367270137243,2.453962121664452,1.5665127263014662,False,True,True,True
4,larger_anatomy,candidate_53,53,47,24810977,0.0026666666666666666,0.003240499107967839,1.4766798471666134,1.2151871654879396,True,True,True,True
4,larger_anatomy,candidate_53,53,48,24810978,0.0026666666666666666,0.003982689078118584,2.230567353698211,1.493508404294469,True,True,True,True
4,larger_anatomy,candidate_53,53,49,24810979,0.0026666666666666666,0.0027151733833719284,1.0367109143115982,1.0181900187644732,True,True,True,True
4,larger_anatomy,candidate_53,53,50,24810980,0.0026666666666666666,0.006538577389974479,6.0121398212838955,2.4519665212404296,False,True,True,True
4,larger_anatomy,candidate_53,53,51,24810981,0.0026666666666666666,0.004812241407762567,3.2565469734259667,1.8045905279109626,False,True,True,True
4,larger_anatomy,candidate_53,53,52,24810982,0.0026666666666666666,0.0033213493831854486,1.5512852426043318,1.2455060186945432,True,True,True,True
4,larger_anatomy,candidate_53,53,53,24810983,0.0026666666666666666,0.0018300255548673288,0.47095221536261367,0.6862595830752484,True,True,True,True
4,larger_anatomy,candidate_53,53,54,24810984,0.0026666666666666666,0.005601167692631987,4.411839307638423,2.100437884736995,False,True,True,True
4,larger_anatomy,candidate_53,53,55,24810985,0.0026666666666666666,0.004437569587909082,2.7691908535596914,1.664088595465906,False,True,True,True
4,larger_anatomy,candidate_53,53,56,24810986,0.0026666666666666666,0.004881570130087637,3.3510553502292884,1.830588798782864,False,True,True,True
4,larger_anatomy,candidate_53,53,57,24810987,0.0026666666666666666,0.005482827669425447,4.227384269899305,2.056060376034543,False,True,True,True
4,larger_anatomy,candidate_53,53,58,24810988,0.0026666666666666666,0.002187782072466038,0.6730861495224083,0.8204182771747643,True,True,True,True
4,larger_anatomy,candidate_53,53,59,24810989,0.0026666666666666666,0.006621081961741032,6.164820892138005,2.482905735652887,False,True,True,True
4,larger_anatomy,candidate_53,53,60,24810990,0.0026666666666666666,0.0070905104682547895,7.069969504748075,2.6589414255955464,False,False,True,True
4,larger_anatomy,candidate_53,53,61,24810991,0.0026666666666666666,0.0034234728574498445,1.6481484008009724,1.2838023215436918,True,True,True,True
4,larger_anatomy,candidate_53,53,62,24810992,0.0026666666666666666,0.004110280820979818,2.375776185091105,1.5413553078674318,False,True,True,True
4,larger_anatomy,candidate_53,53,63,24810993,0.0026666666666666666,0.0038463851711905517,2.0805017182248613,1.442394439196457,True,True,True,True
4,larger_anatomy,candidate_53,53,64,24810994,0.0026666666666666666,0.0017120463207539976,0.4121863037447766,0.6420173702827492,True,True,True,True
4,larger_anatomy,candidate_53,53,65,24810995,0.0026666666666666666,0.00468703143181549,3.0892870747724572,1.7576367869308087,False,True,True,True
4,larger_anatomy,candidate_53,53,66,24810996,0.0026666666666666666,0.0024907696949365743,0.87242817279578,0.9340386356012154,True,True,True,True
4,larger_anatomy,candidate_53,53,67,24810997,0.0026666666666666666,0.0036223701181461575,1.845220116492873,1.3583887943048092,True,True,True,True
4,larger_anatomy,candidate_53,53,68,24810998,0.0026666666666666666,0.004434712862774466,2.7656266183955576,1.6630173235404249,False,True,True,True
4,larger_anatomy,candidate_53,53,69,24810999,0.0026666666666666666,0.004274385602010124,2.5692711011256733,1.6028946007537967,False,True,True,True
4,larger_anatomy,candidate_53,53,70,24811000,0.0026666666666666666,0.0018149298523217213,0.4632145831193267,0.6805986946206455,True,True,True,True
4,larger_anatomy,candidate_53,53,71,24811001,0.0026666666666666666,0.005311706669717475,3.967625776657657,1.9918900011440532,False,True,True,True
4,larger_anatomy,candidate_53,53,72,24811002,0.0026666666666666666,0.005363355409857129,4.0451598636249,2.0112582786964235,False,True,True,True
4,larger_anatomy,candidate_53,53,73,24811003,0.0026666666666666666,0.007408443837945213,7.718208764060869,2.778166439229455,False,False,True,True
4,larger_anatomy,candidate_53,53,74,24811004,0.0026666666666666666,0.0011008915462179388,0.17043218388761122,0.4128343298317271,True,True,True,True
4,larger_anatomy,candidate_53,53,75,24811005,0.0026666666666666666,0.004275638766319975,2.5707778396956846,1.6033645373699907,False,True,True,True
4,larger_anatomy,candidate_53,53,76,24811006,0.0026666666666666666,0.0019023836021747683,0.5089307863814223,0.7133938508155381,True,True,True,True
4,larger_anatomy,candidate_53,53,77,24811007,0.0026666666666666666,0.004081070554995315,2.342128623025749,1.5304014581232432,True,True,True,True
4,larger_anatomy,candidate_53,53,78,24811008,0.0026666666666666666,0.004702580917969115,3.1098188376628944,1.7634678442384182,False,True,True,True
4,larger_anatomy,candidate_53,53,79,24811009,0.0026666666666666666,0.0061702178094575335,5.353817036645661,2.3138316785465753,False,True,True,True
4,larger_anatomy,candidate_53,53,80,24811010,0.0026666666666666666,0.0043834548801296525,2.7020639089873777,1.6437955800486197,False,True,True,True
4,larger_anatomy,candidate_53,53,81,24811011,0.0026666666666666666,0.005186031687099934,3.782098780256895,1.9447618826624753,False,True,True,True
4,larger_anatomy,candidate_53,53,82,24811012,0.0026666666666666666,0.0019681227833741625,0.5447119627176272,0.738046043765311,True,True,True,True
4,larger_anatomy,candidate_53,53,83,24811013,0.0026666666666666666,0.003576720394670057,1.799005609919352,1.3412701480012714,True,True,True,True
4,larger_anatomy,candidate_53,53,84,24811014,0.0026666666666666666,0.0050562196202798,3.595128306820651,1.8960823576049253,False,True,True,True
4,larger_anatomy,candidate_53,53,85,24811015,0.0026666666666666666,0.0042910337903775035,2.5893240454914643,1.609137671391564,False,True,True,True
4,larger_anatomy,candidate_53,53,86,24811016,0.0026666666666666666,0.004456885321081064,2.7933506388657934,1.6713319954053991,False,True,True,True
4,larger_anatomy,candidate_53,53,87,24811017,0.0026666666666666666,0.0031508980836823164,1.3961473219340006,1.1815867813808687,True,True,True,True
4,larger_anatomy,candidate_53,53,88,24811018,0.0026666666666666666,0.0020760314060120216,0.6060805873239729,0.7785117772545082,True,True,True,True
4,larger_anatomy,candidate_53,53,89,24811019,0.0026666666666666666,0.002954631787104816,1.227635015255184,1.107986920164306,True,True,True,True
4,larger_anatomy,candidate_53,53,90,24811020,0.0026666666666666666,0.001477471657733869,0.3069734764790907,0.5540518716502009,True,True,True,True
4,larger_anatomy,candidate_53,53,91,24811021,0.0026666666666666666,0.002879976013257536,1.1663805708195145,1.079991004971576,True,True,True,True
4,larger_anatomy,candidate_53,53,92,24811022,0.0026666666666666666,0.0031644362903698107,1.4081705206607038,1.186663608888679,True,True,True,True
4,larger_anatomy,candidate_53,53,93,24811023,0.0026666666666666666,0.005611703258475325,4.428451892978801,2.104388721928247,False,True,True,True
4,larger_anatomy,candidate_53,53,94,24811024,0.0026666666666666666,0.0038341611140483376,2.0672987974425547,1.4378104177681266,True,True,True,True
4,larger_anatomy,candidate_53,53,95,24811025,0.0026666666666666666,0.004899342313424474,3.3754999365156766,1.8372533675341778,False,True,True,True
4,larger_anatomy,candidate_53,53,96,24811026,0.0026666666666666666,0.006571918686788985,6.073609953623379,2.464469507545869,False,True,True,True
4,larger_anatomy,candidate_53,53,97,24811027,0.0026666666666666666,0.0053054609120036685,3.958300615612331,1.9895478420013757,False,True,True,True
4,larger_anatomy,candidate_53,53,98,24811028,0.0026666666666666666,0.0024056134467069115,0.8137935077311556,0.9021050425150918,True,True,True,True
4,larger_anatomy,candidate_53,53,99,24811029,0.0026666666666666666,0.0033595383475345285,1.587163768390551,1.2598268803254482,True,True,True,True
4,larger_anatomy,candidate_80,80,0,25080930,0.0033333333333333344,0.0036718598267464794,1.213429912854721,1.1015579480239435,True,True,True,True
4,larger_anatomy,candidate_80,80,1,25080931,0.0033333333333333344,0.005095720395520955,2.3369729714395397,1.528716118656286,True,True,True,True
4,larger_anatomy,candidate_80,80,2,25080932,0.0033333333333333344,0.0030034654104902736,0.8118724024810352,0.9010396231470817,True,True,True,True
4,larger_anatomy,candidate_80,80,3,25080933,0.0033333333333333344,0.0033240152569222977,0.9944169685426981,0.997204577076689,True,True,True,True
4,larger_anatomy,candidate_80,80,4,25080934,0.0033333333333333344,0.0035662857928531167,1.1446554920675378,1.0698857378559348,True,True,True,True
4,larger_anatomy,candidate_80,80,5,25080935,0.0033333333333333344,0.0070707452762738135,4.499589488575357,2.1212235828821435,False,True,True,True
4,larger_anatomy,candidate_80,80,6,25080936,0.0033333333333333344,0.006388533810117122,3.673202781870861,1.916560143035136,False,True,True,True
4,larger_anatomy,candidate_80,80,7,25080937,0.0033333333333333344,0.0022706346811550743,0.46402036697377824,0.6811904043465221,True,True,True,True
4,larger_anatomy,candidate_80,80,8,25080938,0.0033333333333333344,0.004309811766599583,1.6717029717168181,1.2929435299798744,True,True,True,True
4,larger_anatomy,candidate_80,80,9,25080939,0.0033333333333333344,0.006169330503120239,3.4254574971056813,1.850799150936071,False,True,True,True
4,larger_anatomy,candidate_80,80,10,25080940,0.0033333333333333344,0.001161088731052325,0.12133143372390277,0.3483266193156974,True,True,True,True
4,larger_anatomy,candidate_80,80,11,25080941,0.0033333333333333344,0.009386794719977345,7.930072360349507,2.816038415993203,False,False,False,True
4,larger_anatomy,candidate_80,80,12,25080942,0.0033333333333333344,0.003669166271716591,1.2116503016552356,1.100749881514977,True,True,True,True
4,larger_anatomy,candidate_80,80,13,25080943,0.0033333333333333344,0.005688513598258143,2.9123268261811,1.7065540794774423,False,True,True,True
4,larger_anatomy,candidate_80,80,14,25080944,0.0033333333333333344,0.00562554801483128,2.8482111420454914,1.6876644044493834,False,True,True,True
4,larger_anatomy,candidate_80,80,15,25080945,0.0033333333333333344,0.003121575655040699,0.8769811113128485,0.9364726965122093,True,True,True,True
4,larger_anatomy,candidate_80,80,16,25080946,0.0033333333333333344,0.003334619781663991,1.0007720179438317,1.000385934499197,True,True,True,True
4,larger_anatomy,candidate_80,80,17,25080947,0.0033333333333333344,0.007665774330241949,5.288768647397672,2.2997322990725837,False,True,True,True
4,larger_anatomy,candidate_80,80,18,25080948,0.0033333333333333344,0.006032075889642827,3.2747345584569247,1.8096227668928475,False,True,True,True
4,larger_anatomy,candidate_80,80,19,25080949,0.0033333333333333344,0.006032729284353607,3.2754440356467804,1.8098187853060816,False,True,True,True
4,larger_anatomy,candidate_80,80,20,25080950,0.0033333333333333344,0.004576727055303283,1.8851787484870541,1.3730181165909845,True,True,True,True
4,larger_anatomy,candidate_80,80,21,25080951,0.0033333333333333344,0.0026652160876865978,0.6393039114657105,0.799564826305979,True,True,True,True
4,larger_anatomy,candidate_80,80,22,25080952,0.0033333333333333344,0.004428357311358091,1.7649313629352783,1.3285071934074268,True,True,True,True
4,larger_anatomy,candidate_80,80,23,25080953,0.0033333333333333344,0.003537907392771305,1.126510984784326,1.0613722178313911,True,True,True,True
4,larger_anatomy,candidate_80,80,24,25080954,0.0033333333333333344,0.00860213876059652,6.659711213090128,2.580641628178955,False,False,True,True
4,larger_anatomy,candidate_80,80,25,25080955,0.0033333333333333344,0.0062708325050072795,3.5391006275270263,1.8812497515021833,False,True,True,True
4,larger_anatomy,candidate_80,80,26,25080956,0.0033333333333333344,0.009047215062997273,7.3666890356512225,2.714164518899181,False,False,True,True
4,larger_anatomy,candidate_80,80,27,25080957,0.0033333333333333344,0.01041834194848119,9.76876640599345,3.125502584544356,False,False,False,True
4,larger_anatomy,candidate_80,80,28,25080958,0.0033333333333333344,0.0009516083735484629,0.08150026469467954,0.2854825120645388,True,True,True,True
4,larger_anatomy,candidate_80,80,29,25080959,0.0033333333333333344,0.0038650094410446235,1.3444468181427658,1.1595028323133867,True,True,True,True
4,larger_anatomy,candidate_80,80,30,25080960,0.0033333333333333344,0.006161140684308479,3.416368907865701,1.848342205292543,False,True,True,True
4,larger_anatomy,candidate_80,80,31,25080961,0.0033333333333333344,0.010163646120077323,9.29697322087465,3.049093836023196,False,False,False,True
4,larger_anatomy,candidate_80,80,32,25080962,0.0033333333333333344,0.0061293715421164244,3.3812275951175987,1.8388114626349268,False,True,True,True
4,larger_anatomy,candidate_80,80,33,25080963,0.0033333333333333344,0.004374552725416769,1.722304039270614,1.3123658176250301,True,True,True,True
4,larger_anatomy,candidate_80,80,34,25080964,0.0033333333333333344,0.007893834744021744,5.608136426933232,2.3681504232065227,False,True,True,True
4,larger_anatomy,candidate_80,80,35,25080965,0.0033333333333333344,0.011343605938002824,11.580965610902357,3.403081781400846,False,False,False,False
4,larger_anatomy,candidate_80,80,36,25080966,0.0033333333333333344,0.006214429421800222,3.4757219734682594,1.864328826540066,False,True,True,True
4,larger_anatomy,candidate_80,80,37,25080967,0.0033333333333333344,0.004557344876801457,1.8692453093497623,1.3672034630404366,True,True,True,True
4,larger_anatomy,candidate_80,80,38,25080968,0.0033333333333333344,0.0057238570639325794,2.948628571949778,1.7171571191797732,False,True,True,True
4,larger_anatomy,candidate_80,80,39,25080969,0.0033333333333333344,0.004766354209983848,2.044631920952766,1.4299062629951538,True,True,True,True
4,larger_anatomy,candidate_80,80,40,25080970,0.0033333333333333344,0.005427928289444039,2.651616496381219,1.6283784868332112,False,True,True,True
4,larger_anatomy,candidate_80,80,41,25080971,0.0033333333333333344,0.006975195149241259,4.378801263299888,2.092558544772377,False,True,True,True
4,larger_anatomy,candidate_80,80,42,25080972,0.0033333333333333344,0.0038135316417485248,1.308872122435547,1.144059492524557,True,True,True,True
4,larger_anatomy,candidate_80,80,43,25080973,0.0033333333333333344,0.007362318838312014,4.8783364809267535,2.2086956514936036,False,True,True,True
4,larger_anatomy,candidate_80,80,44,25080974,0.0033333333333333344,0.003442933713974098,1.0668413302937523,1.032880114192229,True,True,True,True
4,larger_anatomy,candidate_80,80,45,25080975,0.0033333333333333344,0.005325174667108492,2.5521736711692617,1.597552400132547,False,True,True,True
4,larger_anatomy,candidate_80,80,46,25080976,0.0033333333333333344,0.003197652299952376,0.9202482208251641,0.9592956899857125,True,True,True,True
4,larger_anatomy,candidate_80,80,47,25080977,0.0033333333333333344,0.0070568418638109,4.481911538175066,2.117052559143269,False,True,True,True
4,larger_anatomy,candidate_80,80,48,25080978,0.0033333333333333344,0.007668772846087272,5.29290692683969,2.300631853826181,False,True,True,True
4,larger_anatomy,candidate_80,80,49,25080979,0.0033333333333333344,0.005004534250057822,2.2540826754001615,1.5013602750173463,True,True,True,True
4,larger_anatomy,candidate_80,80,50,25080980,0.0033333333333333344,0.003232908950312873,0.9406530252911769,0.9698726850938616,True,True,True,True
4,larger_anatomy,candidate_80,80,51,25080981,0.0033333333333333344,0.007872386166831403,5.577701756374656,2.36171585004942,False,True,True,True
4,larger_anatomy,candidate_80,80,52,25080982,0.0033333333333333344,0.009581960597216239,8.263257199794406,2.8745881791648706,False,False,False,True
4,larger_anatomy,candidate_80,80,53,25080983,0.0033333333333333344,0.004916235437692377,2.1752433790940104,1.4748706313077127,True,True,True,True
4,larger_anatomy,candidate_80,80,54,25080984,0.0033333333333333344,0.004580512066397155,1.8882981711368931,1.3741536199191462,True,True,True,True
4,larger_anatomy,candidate_80,80,55,25080985,0.0033333333333333344,0.0033128946930560156,0.9877744122550833,0.9938684079168043,True,True,True,True
4,larger_anatomy,candidate_80,80,56,25080986,0.0033333333333333344,0.0013206464312746757,0.1569696296794682,0.39619392938240255,True,True,True,True
4,larger_anatomy,candidate_80,80,57,25080987,0.0033333333333333344,0.005351983451629421,2.5779354179863634,1.6055950354888258,False,True,True,True
4,larger_anatomy,candidate_80,80,58,25080988,0.0033333333333333344,0.008504708508449796,6.509706013232847,2.551412552534938,False,False,True,True
4,larger_anatomy,candidate_80,80,59,25080989,0.0033333333333333344,0.006265041192495052,3.532566702929382,1.8795123577485149,False,True,True,True
4,larger_anatomy,candidate_80,80,60,25080990,0.0033333333333333344,0.0073416078931177525,4.850928581065997,2.202482367935325,False,True,True,True
4,larger_anatomy,candidate_80,80,61,25080991,0.0033333333333333344,0.004071696725919419,1.4920842805076613,1.2215090177758252,True,True,True,True
4,larger_anatomy,candidate_80,80,62,25080992,0.0033333333333333344,0.007478426068715425,5.033417081871817,2.2435278206146267,False,True,True,True
4,larger_anatomy,candidate_80,80,63,25080993,0.0033333333333333344,0.0015808281222840538,0.22491157969837133,0.474248436685216,True,True,True,True
4,larger_anatomy,candidate_80,80,64,25080994,0.0033333333333333344,0.006513021655593878,3.8177505977611306,1.9539064966781627,False,True,True,True
4,larger_anatomy,candidate_80,80,65,25080995,0.0033333333333333344,0.004289910737609906,1.6563000722994683,1.2869732212829714,True,True,True,True
4,larger_anatomy,candidate_80,80,66,25080996,0.0033333333333333344,0.008859776269309491,7.064607198799759,2.6579328807928464,False,False,True,True
4,larger_anatomy,candidate_80,80,67,25080997,0.0033333333333333344,0.00683950151762047,4.210090290857942,2.0518504552861403,False,True,True,True
4,larger_anatomy,candidate_80,80,68,25080998,0.0033333333333333344,0.006669652636644554,4.003583966414966,2.0008957909933653,False,True,True,True
4,larger_anatomy,candidate_80,80,69,25080999,0.0033333333333333344,0.004596948131300761,1.901873890968259,1.379084439390228,True,True,True,True
4,larger_anatomy,candidate_80,80,70,25081000,0.0033333333333333344,0.007279714997877116,4.769482540528529,2.183914499363134,False,True,True,True
4,larger_anatomy,candidate_80,80,71,25081001,0.0033333333333333344,0.006344052512899746,3.6222302057786604,1.9032157538699233,False,True,True,True
4,larger_anatomy,candidate_80,80,72,25081002,0.0033333333333333344,0.002467922268185469,0.5481576289625135,0.7403766804556404,True,True,True,True
4,larger_anatomy,candidate_80,80,73,25081003,0.0033333333333333344,0.006096298697699098,3.344837203041093,1.8288896093097289,False,True,True,True
4,larger_anatomy,candidate_80,80,74,25081004,0.0033333333333333344,0.008047367301326996,5.82841084342202,2.414210190398098,False,True,True,True
4,larger_anatomy,candidate_80,80,75,25081005,0.0033333333333333344,0.001999270104792889,0.35973728567267094,0.5997810314378664,True,True,True,True
4,larger_anatomy,candidate_80,80,76,25081006,0.0033333333333333344,0.0034461807519867837,1.0688545597827768,1.0338542255960348,True,True,True,True
4,larger_anatomy,candidate_80,80,77,25081007,0.0033333333333333344,0.003493548283218187,1.098439164645906,1.048064484965456,True,True,True,True
4,larger_anatomy,candidate_80,80,78,25081008,0.0033333333333333344,0.002965117871840996,0.7912731594519784,0.8895353615522985,True,True,True,True
4,larger_anatomy,candidate_80,80,79,25081009,0.0033333333333333344,0.008278482428313723,6.167994418430913,2.4835447284941163,False,True,True,True
4,larger_anatomy,candidate_80,80,80,25081010,0.0033333333333333344,0.002991643842152354,0.8054939590459284,0.8974931526457058,True,True,True,True
4,larger_anatomy,candidate_80,80,81,25081011,0.0033333333333333344,0.003399253264975202,1.0399430483500107,1.0197759794925603,True,True,True,True
4,larger_anatomy,candidate_80,80,82,25081012,0.0033333333333333344,0.0032588727504349493,0.95582264431747,0.9776618251304845,True,True,True,True
4,larger_anatomy,candidate_80,80,83,25081013,0.0033333333333333344,0.002417838739238767,0.5261349752067335,0.7253516217716298,True,True,True,True
4,larger_anatomy,candidate_80,80,84,25081014,0.0033333333333333344,0.004552518665119474,1.8652883576635062,1.3657555995358417,True,True,True,True
4,larger_anatomy,candidate_80,80,85,25081015,0.0033333333333333344,0.0034170662670961268,1.0508707686353624,1.0251198801288377,True,True,True,True
4,larger_anatomy,candidate_80,80,86,25081016,0.0033333333333333344,0.003493897579956508,1.0986588269303341,1.048169273986952,True,True,True,True
4,larger_anatomy,candidate_80,80,87,25081017,0.0033333333333333344,0.0052318953606109745,2.4635456157944358,1.5695686081832918,False,True,True,True
4,larger_anatomy,candidate_80,80,88,25081018,0.0033333333333333344,0.0025442676784905474,0.5825968217830507,0.7632803035471639,True,True,True,True
4,larger_anatomy,candidate_80,80,89,25081019,0.0033333333333333344,0.004430688413313854,1.7667899834286263,1.3292065239941557,True,True,True,True
4,larger_anatomy,candidate_80,80,90,25081020,0.0033333333333333344,0.0094210734371146,7.988096223675562,2.8263220311343793,False,False,False,True
4,larger_anatomy,candidate_80,80,91,25081021,0.0033333333333333344,0.0036861353416426457,1.222883438121624,1.1058406024927934,True,True,True,True
4,larger_anatomy,candidate_80,80,92,25081022,0.0033333333333333344,0.003490731952688395,1.0966688608967754,1.0472195858065183,True,True,True,True
4,larger_anatomy,candidate_80,80,93,25081023,0.0033333333333333344,0.0006060869886471453,0.03306072940266282,0.18182609659414353,True,True,True,True
4,larger_anatomy,candidate_80,80,94,25081024,0.0033333333333333344,0.00713640581304357,4.5835459135597825,2.1409217439130703,False,True,True,True
4,larger_anatomy,candidate_80,80,95,25081025,0.0033333333333333344,0.0010909852872256413,0.1071224007248533,0.3272955861676923,True,True,True,True
4,larger_anatomy,candidate_80,80,96,25081026,0.0033333333333333344,0.0026048145980082558,0.6106553180997216,0.7814443794024765,True,True,True,True
4,larger_anatomy,candidate_80,80,97,25081027,0.0033333333333333344,0.008578926954970327,6.623818892884477,2.5736780864910975,False,False,True,True
4,larger_anatomy,candidate_80,80,98,25081028,0.0033333333333333344,0.009064406800780602,7.394712358503382,2.7193220402341796,False,False,True,True
4,larger_anatomy,candidate_80,80,99,25081029,0.0033333333333333344,0.006270290731315592,3.538489126969997,1.881087219394677,False,True,True,True
4,larger_anatomy,candidate_107,107,0,25350930,0.0033333333333333335,0.0031153143763478957,0.8734665297131888,0.9345943129043687,True,True,True,True
4,larger_anatomy,candidate_107,107,1,25350931,0.0033333333333333335,0.0066045563117861795,3.925814766799919,1.9813668935358537,False,True,True,True
4,larger_anatomy,candidate_107,107,2,25350932,0.0033333333333333335,0.009500620659522365,8.123561362452884,2.850186197856709,False,False,False,True
4,larger_anatomy,candidate_107,107,3,25350933,0.0033333333333333335,0.007489310946975266,5.048080061443519,2.24679328409258,False,True,True,True
4,larger_anatomy,candidate_107,107,4,25350934,0.0033333333333333335,0.00411807363246195,1.5262677398140518,1.2354220897385848,True,True,True,True
4,larger_anatomy,candidate_107,107,5,25350935,0.0033333333333333335,0.0016854583488282709,0.25566928610714285,0.5056375046484812,True,True,True,True
4,larger_anatomy,candidate_107,107,6,25350936,0.0033333333333333335,0.0051021366472937205,2.3428618530891843,1.530640994188116,True,True,True,True
4,larger_anatomy,candidate_107,107,7,25350937,0.0033333333333333335,0.008378236856251497,6.317536753750587,2.5134710568754492,False,False,True,True
4,larger_anatomy,candidate_107,107,8,25350938,0.0033333333333333335,0.005073732595324917,2.316848620397626,1.522119778597475,True,True,True,True
4,larger_anatomy,candidate_107,107,9,25350939,0.0033333333333333335,0.005497084044568702,2.7196139693746613,1.6491252133706105,False,True,True,True
4,larger_anatomy,candidate_107,107,10,25350940,0.0033333333333333335,0.004450073274252378,1.7822836931593753,1.3350219822757134,True,True,True,True
4,larger_anatomy,candidate_107,107,11,25350941,0.0033333333333333335,0.004037391720333311,1.4670478713074373,1.2112175160999932,True,True,True,True
4,larger_anatomy,candidate_107,107,12,25350942,0.0033333333333333335,0.003970043302994125,1.418511944488365,1.1910129908982374,True,True,True,True
4,larger_anatomy,candidate_107,107,13,25350943,0.0033333333333333335,0.005381262422604003,2.606218673483691,1.6143787267812009,False,True,True,True
4,larger_anatomy,candidate_107,107,14,25350944,0.0033333333333333335,0.0079261861805212,5.654198463145672,2.37785585415636,False,True,True,True
4,larger_anatomy,candidate_107,107,15,25350945,0.0033333333333333335,0.0051160728236284946,2.355678102300303,1.5348218470885482,True,True,True,True
4,larger_anatomy,candidate_107,107,16,25350946,0.0033333333333333335,0.01162237663584534,12.157167479889925,3.4867129907536016,False,False,False,False
4,larger_anatomy,candidate_107,107,17,25350947,0.0033333333333333335,0.00538488240384699,2.6097262652934843,1.615464721154097,False,True,True,True
4,larger_anatomy,candidate_107,107,18,25350948,0.0033333333333333335,0.003516466641125475,1.112898387433345,1.0549399923376424,True,True,True,True
4,larger_anatomy,candidate_107,107,19,25350949,0.0033333333333333335,0.007022762910851817,4.438727901183229,2.106828873255545,False,True,True,True
4,larger_anatomy,candidate_107,107,20,25350950,0.0033333333333333335,0.0059238800221634155,3.1583119065288137,1.7771640066490246,False,True,True,True
4,larger_anatomy,candidate_107,107,21,25350951,0.0033333333333333335,0.0036602557492664057,1.2057724935033998,1.0980767247799217,True,True,True,True
4,larger_anatomy,candidate_107,107,22,25350952,0.0033333333333333335,0.00618033564738863,3.437689384294437,1.854100694216589,False,True,True,True
4,larger_anatomy,candidate_107,107,23,25350953,0.0033333333333333335,0.0014500401632135398,0.18923548274391136,0.4350120489640619,True,True,True,True
4,larger_anatomy,candidate_107,107,24,25350954,0.0033333333333333335,0.004702497483773148,1.9902134326403507,1.4107492451319443,True,True,True,True
4,larger_anatomy,candidate_107,107,25,25350955,0.0033333333333333335,0.0034996354815597214,1.1022703653412567,1.0498906444679164,True,True,True,True
4,larger_anatomy,candidate_107,107,26,25350956,0.0033333333333333335,0.012682277894314605,14.475615532975878,3.8046833682943815,False,False,False,False
4,larger_anatomy,candidate_107,107,27,25350957,0.0033333333333333335,0.007240269866573738,4.717935696673411,2.172080959972121,False,True,True,True
4,larger_anatomy,candidate_107,107,28,25350958,0.0033333333333333335,0.0035261458288668467,1.1190333965791552,1.057843748660054,True,True,True,True
4,larger_anatomy,candidate_107,107,29,25350959,0.0033333333333333335,0.004057722482592438,1.4818600571162521,1.2173167447777313,True,True,True,True
4,larger_anatomy,candidate_107,107,30,25350960,0.0033333333333333335,0.001332712865909339,0.15985112246642552,0.3998138597728017,True,True,True,True
4,larger_anatomy,candidate_107,107,31,25350961,0.0033333333333333335,0.007811633101991308,5.491945054811369,2.3434899305973924,False,True,True,True
4,larger_anatomy,candidate_107,107,32,25350962,0.0033333333333333335,0.004995819255336486,2.2462389028791714,1.4987457766009455,True,True,True,True
4,larger_anatomy,candidate_107,107,33,25350963,0.0033333333333333335,0.011664962048765944,12.246420563923476,3.499488614629783,False,False,False,False
4,larger_anatomy,candidate_107,107,34,25350964,0.0033333333333333335,0.004052215724120896,1.4778407047331368,1.2156647172362687,True,True,True,True
4,larger_anatomy,candidate_107,107,35,25350965,0.0033333333333333335,0.006027179138468528,3.2694199530471195,1.8081537415405582,False,True,True,True
4,larger_anatomy,candidate_107,107,36,25350966,0.0033333333333333335,0.006242191898387678,3.506846372666708,1.8726575695163032,False,True,True,True
4,larger_anatomy,candidate_107,107,37,25350967,0.0033333333333333335,0.005014188676701058,2.2627879277001393,1.5042566030103173,True,True,True,True
4,larger_anatomy,candidate_107,107,38,25350968,0.0033333333333333335,0.006875292290484202,4.2542679671632335,2.0625876871452604,False,True,True,True
4,larger_anatomy,candidate_107,107,39,25350969,0.0033333333333333335,0.0005865497299719951,0.030963652715719825,0.17596491899159852,True,True,True,True
4,larger_anatomy,candidate_107,107,40,25350970,0.0033333333333333335,0.004411432443894425,1.7514662586339904,1.3234297331683276,True,True,True,True
4,larger_anatomy,candidate_107,107,41,25350971,0.0033333333333333335,0.003140412523723478,0.8875971737243338,0.9421237571170434,True,True,True,True
4,larger_anatomy,candidate_107,107,42,25350972,0.0033333333333333335,0.003970503939868634,1.4188411382861106,1.19115118196059,True,True,True,True
4,larger_anatomy,candidate_107,107,43,25350973,0.0033333333333333335,0.0038938976708845574,1.3646195164188162,1.168169301265367,True,True,True,True
4,larger_anatomy,candidate_107,107,44,25350974,0.0033333333333333335,0.005520698313418616,2.743029888100483,1.6562094940255847,False,True,True,True
4,larger_anatomy,candidate_107,107,45,25350975,0.0033333333333333335,0.005927456441092951,3.1621265874948867,1.778236932327885,False,True,True,True
4,larger_anatomy,candidate_107,107,46,25350976,0.0033333333333333335,0.0037046736932633733,1.2352146456201911,1.111402107979012,True,True,True,True
4,larger_anatomy,candidate_107,107,47,25350977,0.0033333333333333335,0.0021936977855053766,0.4331078976718073,0.6581093356516129,True,True,True,True
4,larger_anatomy,candidate_107,107,48,25350978,0.0033333333333333335,0.0045338902218204245,1.850054448916697,1.3601670665461272,True,True,True,True
4,larger_anatomy,candidate_107,107,49,25350979,0.0033333333333333335,0.004434862263970944,1.7701202970354137,1.3304586791912831,True,True,True,True
4,larger_anatomy,candidate_107,107,50,25350980,0.0033333333333333335,0.002709621867389745,0.6607845597813018,0.8128865602169234,True,True,True,True
4,larger_anatomy,candidate_107,107,51,25350981,0.0033333333333333335,0.006031013200111189,3.2735808197923855,1.8093039600333565,False,True,True,True
4,larger_anatomy,candidate_107,107,52,25350982,0.0033333333333333335,0.010651922749577018,10.211711243666075,3.1955768248731053,False,False,False,True
4,larger_anatomy,candidate_107,107,53,25350983,0.0033333333333333335,0.006022567469060864,3.264418702745116,1.806770240718259,False,True,True,True
4,larger_anatomy,candidate_107,107,54,25350984,0.0033333333333333335,0.0038993764456654546,1.3684622998509495,1.1698129336996363,True,True,True,True
4,larger_anatomy,candidate_107,107,55,25350985,0.0033333333333333335,0.004079536601108383,1.497835699180464,1.2238609803325147,True,True,True,True
4,larger_anatomy,candidate_107,107,56,25350986,0.0033333333333333335,0.007132009792253609,4.5779007309121225,2.1396029376760826,False,True,True,True
4,larger_anatomy,candidate_107,107,57,25350987,0.0033333333333333335,0.007179511047659282,4.6390840995115505,2.1538533142977845,False,True,True,True
4,larger_anatomy,candidate_107,107,58,25350988,0.0033333333333333335,0.0049698744243823695,2.2229686614716986,1.4909623273147108,True,True,True,True
4,larger_anatomy,candidate_107,107,59,25350989,0.0033333333333333335,0.004779436114693611,2.05587086169938,1.4338308344080832,True,True,True,True
4,larger_anatomy,candidate_107,107,60,25350990,0.0033333333333333335,0.0029648101388202275,0.7911089243326093,0.8894430416460681,True,True,True,True
4,larger_anatomy,candidate_107,107,61,25350991,0.0033333333333333335,0.0076081765382652235,5.2095915213668444,2.2824529614795668,False,True,True,True
4,larger_anatomy,candidate_107,107,62,25350992,0.0033333333333333335,0.008997057982978481,7.285234711416911,2.6991173948935443,False,False,True,True
4,larger_anatomy,candidate_107,107,63,25350993,0.0033333333333333335,0.002570195386018009,0.5945313890077436,0.7710586158054027,True,True,True,True
4,larger_anatomy,candidate_107,107,64,25350994,0.0033333333333333335,0.002491492179061837,0.558677995049367,0.747447653718551,True,True,True,True
4,larger_anatomy,candidate_107,107,65,25350995,0.0033333333333333335,0.0062328598390804886,3.4963687596260202,1.8698579517241465,False,True,True,True
4,larger_anatomy,candidate_107,107,66,25350996,0.0033333333333333335,0.003884182341986022,1.3578185219216414,1.1652547025958064,True,True,True,True
4,larger_anatomy,candidate_107,107,67,25350997,0.0033333333333333335,0.007486016406730799,5.043639747765843,2.2458049220192398,False,True,True,True
4,larger_anatomy,candidate_107,107,68,25350998,0.0033333333333333335,0.005622869610519999,2.8454996391218392,1.6868608831559997,False,True,True,True
4,larger_anatomy,candidate_107,107,69,25350999,0.0033333333333333335,0.0035356707382207544,1.1250870812199443,1.0607012214662261,True,True,True,True
4,larger_anatomy,candidate_107,107,70,25351000,0.0033333333333333335,0.005238966966990119,2.4702097393092277,1.5716900900970356,False,True,True,True
4,larger_anatomy,candidate_107,107,71,25351001,0.0033333333333333335,0.0044894564228678555,1.8139697075546493,1.3468369268603566,True,True,True,True
4,larger_anatomy,candidate_107,107,72,25351002,0.0033333333333333335,0.002254047640560913,0.4572657689326395,0.6762142921682738,True,True,True,True
4,larger_anatomy,candidate_107,107,73,25351003,0.0033333333333333335,0.006615100412465724,3.9383598120303764,1.9845301237397173,False,True,True,True
4,larger_anatomy,candidate_107,107,74,25351004,0.0033333333333333335,0.0036691337362254597,1.2116288136877018,1.100740120867638,True,True,True,True
4,larger_anatomy,candidate_107,107,75,25351005,0.0033333333333333335,0.0028566211482615486,0.7344255946225615,0.8569863444784646,True,True,True,True
4,larger_anatomy,candidate_107,107,76,25351006,0.0033333333333333335,0.0032433695653314174,0.9467501523586295,0.9730108695994252,True,True,True,True
4,larger_anatomy,candidate_107,107,77,25351007,0.0033333333333333335,0.005350298740896453,2.576312695515435,1.605089622268936,False,True,True,True
4,larger_anatomy,candidate_107,107,78,25351008,0.0033333333333333335,0.006486956902700418,3.7872548871743335,1.9460870708101254,False,True,True,True
4,larger_anatomy,candidate_107,107,79,25351009,0.0033333333333333335,0.001726667165068352,0.2683241549032661,0.5180001495205055,True,True,True,True
4,larger_anatomy,candidate_107,107,80,25351010,0.0033333333333333335,0.004261594976803913,1.6345072571688308,1.278478493041174,True,True,True,True
4,larger_anatomy,candidate_107,107,81,25351011,0.0033333333333333335,0.003189137057400137,0.9153535653794523,0.9567411172200411,True,True,True,True
4,larger_anatomy,candidate_107,107,82,25351012,0.0033333333333333335,0.003894124410853715,1.364778443448611,1.1682373232561143,True,True,True,True
4,larger_anatomy,candidate_107,107,83,25351013,0.0033333333333333335,0.004346545921619892,1.700321530387546,1.3039637764859675,True,True,True,True
4,larger_anatomy,candidate_107,107,84,25351014,0.0033333333333333335,0.0029829730124754745,0.8008315193841306,0.8948919037426423,True,True,True,True
4,larger_anatomy,candidate_107,107,85,25351015,0.0033333333333333335,0.005475934260718757,2.698727042494213,1.642780278215627,False,True,True,True
4,larger_anatomy,candidate_107,107,86,25351016,0.0033333333333333335,0.00355678987287486,1.1385678779806643,1.067036961862458,True,True,True,True
4,larger_anatomy,candidate_107,107,87,25351017,0.0033333333333333335,0.0028337098955331856,0.7226920594838426,0.8501129686599557,True,True,True,True
4,larger_anatomy,candidate_107,107,88,25351018,0.0033333333333333335,0.005434632980530971,2.6581712069767445,1.6303898941592911,False,True,True,True
4,larger_anatomy,candidate_107,107,89,25351019,0.0033333333333333335,0.00580243650055706,3.0301442408697166,1.7407309501671178,False,True,True,True
4,larger_anatomy,candidate_107,107,90,25351020,0.0033333333333333335,0.01056180953183758,10.039663852813362,3.1685428595512737,False,False,False,True
4,larger_anatomy,candidate_107,107,91,25351021,0.0033333333333333335,0.004099453814404629,1.5124969418792993,1.2298361443213885,True,True,True,True
4,larger_anatomy,candidate_107,107,92,25351022,0.0033333333333333335,0.0049788850988361595,2.2310367144671472,1.4936655296508476,True,True,True,True
4,larger_anatomy,candidate_107,107,93,25351023,0.0033333333333333335,0.005440348480425437,2.6637652429620617,1.632104544127631,False,True,True,True
4,larger_anatomy,candidate_107,107,94,25351024,0.0033333333333333335,0.001387371563258971,0.17323198690856767,0.4162114689776913,True,True,True,True
4,larger_anatomy,candidate_107,107,95,25351025,0.0033333333333333335,0.0053496845925002125,2.575721271531074,1.6049053777500637,False,True,True,True
4,larger_anatomy,candidate_107,107,96,25351026,0.0033333333333333335,0.0043824131950014455,1.7284990870550496,1.3147239585004336,True,True,True,True
4,larger_anatomy,candidate_107,107,97,25351027,0.0033333333333333335,0.004943954319302144,2.1998415880211692,1.4831862957906432,True,True,True,True
4,larger_anatomy,candidate_107,107,98,25351028,0.0033333333333333335,0.007989438448943583,5.7448014056512235,2.396831534683075,False,True,True,True
4,larger_anatomy,candidate_107,107,99,25351029,0.0033333333333333335,0.00722014074149286,4.691738909426855,2.166042222447858,False,True,True,True
5,smaller_anatomy,initial,-1,0,25270930,0.002,0.002555103731855838,1.6321387701359076,1.277551865927919,True,True,True,True
5,smaller_anatomy,initial,-1,1,25270931,0.002,0.004180769332722078,4.3697080533573525,2.090384666361039,False,True,True,True
5,smaller_anatomy,initial,-1,2,25270932,0.002,0.005030962648270222,6.327646292072532,2.515481324135111,False,False,True,True
5,smaller_anatomy,initial,-1,3,25270933,0.002,0.003274756182049171,2.681007012967316,1.6373780910245854,False,True,True,True
5,smaller_anatomy,initial,-1,4,25270934,0.002,0.0032170195738043753,2.5873037345601215,1.6085097869021876,False,True,True,True
5,smaller_anatomy,initial,-1,5,25270935,0.002,0.0033698051482841736,2.8388966843506305,1.6849025741420867,False,True,True,True
5,smaller_anatomy,initial,-1,6,25270936,0.002,0.002576961146011672,1.6601821870134474,1.288480573005836,True,True,True,True
5,smaller_anatomy,initial,-1,7,25270937,0.002,0.002815286150576143,1.9814590274064592,1.4076430752880713,True,True,True,True
5,smaller_anatomy,initial,-1,8,25270938,0.002,0.003880727780342409,3.76501202628033,1.9403638901712044,False,True,True,True
5,smaller_anatomy,initial,-1,9,25270939,0.002,0.0036515182347128003,3.3333963546100214,1.8257591173564,False,True,True,True
5,smaller_anatomy,initial,-1,10,25270940,0.002,0.003468445667825574,3.0075288376644984,1.734222833912787,False,True,True,True
5,smaller_anatomy,initial,-1,11,25270941,0.002,0.001513333580611571,0.5725446315516595,0.7566667903057854,True,True,True,True
5,smaller_anatomy,initial,-1,12,25270942,0.002,0.0027101941103837074,1.836288028989634,1.3550970551918537,True,True,True,True
5,smaller_anatomy,initial,-1,13,25270943,0.002,0.003077549387875381,2.367827558703033,1.5387746939376903,False,True,True,True
5,smaller_anatomy,initial,-1,14,25270944,0.002,0.0062972511363488795,9.913842968561815,3.1486255681744395,False,False,False,True
5,smaller_anatomy,initial,-1,15,25270945,0.002,0.0025465361295279325,1.6212115647477758,1.2732680647639663,True,True,True,True
5,smaller_anatomy,initial,-1,16,25270946,0.002,0.0036581612149701693,3.3455358686780063,1.8290806074850847,False,True,True,True
5,smaller_anatomy,initial,-1,17,25270947,0.002,0.0032379332588246402,2.6210529471506887,1.6189666294123202,False,True,True,True
5,smaller_anatomy,initial,-1,18,25270948,0.002,0.00358791990499856,3.2182923111712194,1.79395995249928,False,True,True,True
5,smaller_anatomy,initial,-1,19,25270949,0.002,0.003228203443668569,2.6053243684284024,1.6141017218342846,False,True,True,True
5,smaller_anatomy,initial,-1,20,25270950,0.002,0.004593539462180457,5.2751511976522805,2.296769731090228,False,True,True,True
5,smaller_anatomy,initial,-1,21,25270951,0.002,0.0022141627518991406,1.2256291729743938,1.1070813759495703,True,True,True,True
5,smaller_anatomy,initial,-1,22,25270952,0.002,0.0024263338830263544,1.4717740279804368,1.2131669415131772,True,True,True,True
5,smaller_anatomy,initial,-1,23,25270953,0.002,0.0025352403763312433,1.606860941445046,1.2676201881656217,True,True,True,True
5,smaller_anatomy,initial,-1,24,25270954,0.002,0.001653826597432804,0.6837856035940415,0.826913298716402,True,True,True,True
5,smaller_anatomy,initial,-1,25,25270955,0.002,0.003837856183545838,3.6822850213952565,1.918928091772919,False,True,True,True
5,smaller_anatomy,initial,-1,26,25270956,0.002,0.0034861565916294566,3.0383219453403774,1.7430782958147282,False,True,True,True
5,smaller_anatomy,initial,-1,27,25270957,0.002,0.0014515571352730777,0.526754529240546,0.7257785676365388,True,True,True,True
5,smaller_anatomy,initial,-1,28,25270958,0.002,0.003696814036216246,3.416608504591363,1.848407018108123,False,True,True,True
5,smaller_anatomy,initial,-1,29,25270959,0.002,0.005099541721141267,6.50133144141511,2.5497708605706335,False,False,True,True
5,smaller_anatomy,initial,-1,30,25270960,0.002,0.005559291883090628,7.726431560349335,2.7796459415453136,False,False,True,True
5,smaller_anatomy,initial,-1,31,25270961,0.002,0.0030241291475287366,2.2863392752332206,1.5120645737643683,True,True,True,True
5,smaller_anatomy,initial,-1,32,25270962,0.002,0.0013430444520458305,0.4509421000427713,0.6715222260229152,True,True,True,True
5,smaller_anatomy,initial,-1,33,25270963,0.002,0.0024179075303850674,1.461569206373204,1.2089537651925337,True,True,True,True
5,smaller_anatomy,initial,-1,34,25270964,0.002,0.003606567009792901,3.251831399031627,1.8032835048964504,False,True,True,True
5,smaller_anatomy,initial,-1,35,25270965,0.002,0.003152389712645499,2.4843902250982928,1.5761948563227495,False,True,True,True
5,smaller_anatomy,initial,-1,36,25270966,0.002,0.0037123494388422726,3.445384589018134,1.8561747194211362,False,True,True,True
5,smaller_anatomy,initial,-1,37,25270967,0.002,0.0029825994246194076,2.2239748319350054,1.4912997123097038,True,True,True,True
5,smaller_anatomy,initial,-1,38,25270968,0.002,0.0017461086591106197,0.7622238623552716,0.8730543295553098,True,True,True,True
5,smaller_anatomy,initial,-1,39,25270969,0.002,0.003926789757402661,3.8549194497106134,1.9633948787013307,False,True,True,True
5,smaller_anatomy,initial,-1,40,25270970,0.002,0.006858862755714437,11.76099957543166,3.429431377857218,False,False,False,False
5,smaller_anatomy,initial,-1,41,25270971,0.002,0.002765213434315638,1.9116013343299216,1.382606717157819,True,True,True,True
5,smaller_anatomy,initial,-1,42,25270972,0.002,0.0017689389128436046,0.7822862193430784,0.8844694564218023,True,True,True,True
5,smaller_anatomy,initial,-1,43,25270973,0.002,0.0036069331597494256,3.252491704724994,1.8034665798747127,False,True,True,True
5,smaller_anatomy,initial,-1,44,25270974,0.002,0.0013832912481254367,0.4783736692851071,0.6916456240627183,True,True,True,True
5,smaller_anatomy,initial,-1,45,25270975,0.002,0.0013123189873069747,0.43054528111160095,0.6561594936534874,True,True,True,True
5,smaller_anatomy,initial,-1,46,25270976,0.002,0.004429195060161075,4.904442220238818,2.2145975300805376,False,True,True,True
5,smaller_anatomy,initial,-1,47,25270977,0.002,0.0023672334685030066,1.4009485736001939,1.1836167342515034,True,True,True,True
5,smaller_anatomy,initial,-1,48,25270978,0.002,0.004723046021473583,5.576790930239361,2.3615230107367915,False,True,True,True
5,smaller_anatomy,initial,-1,49,25270979,0.002,0.005193222130576885,6.742389024378381,2.5966110652884424,False,False,True,True
5,smaller_anatomy,initial,-1,50,25270980,0.002,0.003801401234183711,3.61266283581336,1.9007006170918554,False,True,True,True
5,smaller_anatomy,initial,-1,51,25270981,0.002,0.0037742741996751885,3.561286433583446,1.8871370998375943,False,True,True,True
5,smaller_anatomy,initial,-1,52,25270982,0.002,0.003965374156889589,3.9310480510319548,1.9826870784447943,False,True,True,True
5,smaller_anatomy,initial,-1,53,25270983,0.002,0.00285485406614644,2.0375479347482153,1.42742703307322,True,True,True,True
5,smaller_anatomy,initial,-1,54,25270984,0.002,0.0014904544189434303,0.5553635937369996,0.7452272094717152,True,True,True,True
5,smaller_anatomy,initial,-1,55,25270985,0.002,0.003526455090907876,3.108971377047519,1.763227545453938,False,True,True,True
5,smaller_anatomy,initial,-1,56,25270986,0.002,0.0017313654572497627,0.74940658663942,0.8656827286248814,True,True,True,True
5,smaller_anatomy,initial,-1,57,25270987,0.002,0.002657246859114361,1.7652402175682844,1.3286234295571806,True,True,True,True
5,smaller_anatomy,initial,-1,58,25270988,0.002,0.002138255066615658,1.143033682476883,1.069127533307829,True,True,True,True
5,smaller_anatomy,initial,-1,59,25270989,0.002,0.004933831768804564,6.085673980716293,2.466915884402282,False,True,True,True
5,smaller_anatomy,initial,-1,60,25270990,0.002,0.002768001379603181,1.9154579093712782,1.3840006898015904,True,True,True,True
5,smaller_anatomy,initial,-1,61,25270991,0.002,0.005163455569369327,6.66531835421278,2.5817277846846634,False,False,True,True
5,smaller_anatomy,initial,-1,62,25270992,0.002,0.0022273218090903845,1.2402406103124157,1.1136609045451922,True,True,True,True
5,smaller_anatomy,initial,-1,63,25270993,0.002,0.003964036594383258,3.928396530402404,1.9820182971916287,False,True,True,True
5,smaller_anatomy,initial,-1,64,25270994,0.002,0.0034695721937514053,3.009482801913235,1.7347860968757025,False,True,True,True
5,smaller_anatomy,initial,-1,65,25270995,0.002,0.0037980892279504755,3.6063704458683596,1.8990446139752377,False,True,True,True
5,smaller_anatomy,initial,-1,66,25270996,0.002,0.0037894466587714147,3.58997649491846,1.8947233293857073,False,True,True,True
5,smaller_anatomy,initial,-1,67,25270997,0.002,0.002295903803649403,1.317793568902949,1.1479519018247013,True,True,True,True
5,smaller_anatomy,initial,-1,68,25270998,0.002,0.004793176203276559,5.743634528914174,2.3965881016382795,False,True,True,True
5,smaller_anatomy,initial,-1,69,25270999,0.002,0.00482582311494032,5.822142184173074,2.41291155747016,False,True,True,True
5,smaller_anatomy,initial,-1,70,25271000,0.002,0.003947143293578027,3.8949850450094976,1.9735716467890132,False,True,True,True
5,smaller_anatomy,initial,-1,71,25271001,0.002,0.0013899492497617954,0.48298972922834443,0.6949746248808977,True,True,True,True
5,smaller_anatomy,initial,-1,72,25271002,0.002,0.004216639001125754,4.4450111164537,2.108319500562877,False,True,True,True
5,smaller_anatomy,initial,-1,73,25271003,0.002,0.0010615581221264862,0.28172641166317797,0.5307790610632431,True,True,True,True
5,smaller_anatomy,initial,-1,74,25271004,0.002,0.001278976799316599,0.40894541329753303,0.6394883996582995,True,True,True,True
5,smaller_anatomy,initial,-1,75,25271005,0.002,0.003019262430868462,2.2789864066134338,1.509631215434231,True,True,True,True
5,smaller_anatomy,initial,-1,76,25271006,0.002,0.007304062207652793,13.337331183315447,3.6520311038263964,False,False,False,False
5,smaller_anatomy,initial,-1,77,25271007,0.002,0.004362344707991043,4.757512837834366,2.1811723539955215,False,True,True,True
5,smaller_anatomy,initial,-1,78,25271008,0.002,0.00599339205444939,8.980187079584269,2.9966960272246945,False,False,False,True
5,smaller_anatomy,initial,-1,79,25271009,0.002,0.004729631669397764,5.592353932042571,2.364815834698882,False,True,True,True
5,smaller_anatomy,initial,-1,80,25271010,0.002,0.0023796769765413246,1.4157156281702152,1.1898384882706623,True,True,True,True
5,smaller_anatomy,initial,-1,81,25271011,0.002,0.005659329220158572,8.00700180553516,2.829664610079286,False,False,False,True
5,smaller_anatomy,initial,-1,82,25271012,0.002,0.004034660958349583,4.069622262207593,2.0173304791747912,False,True,True,True
5,smaller_anatomy,initial,-1,83,25271013,0.002,0.003531265715546611,3.1174593884487303,1.7656328577733056,False,True,True,True
5,smaller_anatomy,initial,-1,84,25271014,0.002,0.0003835881348968726,0.03678496430841534,0.1917940674484363,True,True,True,True
5,smaller_anatomy,initial,-1,85,25271015,0.002,0.001574247640913927,0.619563908730766,0.7871238204569635,True,True,True,True
5,smaller_anatomy,initial,-1,86,25271016,0.002,0.004709059517456235,5.543810384736287,2.3545297587281175,False,True,True,True
5,smaller_anatomy,initial,-1,87,25271017,0.002,0.002167802279107403,1.1748416803258128,1.0839011395537015,True,True,True,True
5,smaller_anatomy,initial,-1,88,25271018,0.002,0.0024820693075813098,1.5401670119092907,1.241034653790655,True,True,True,True
5,smaller_anatomy,initial,-1,89,25271019,0.002,0.004227646677444667,4.468249107327233,2.1138233387223333,False,True,True,True
5,smaller_anatomy,initial,-1,90,25271020,0.002,0.0015650506762088985,0.6123459047754827,0.7825253381044492,True,True,True,True
5,smaller_anatomy,initial,-1,91,25271021,0.002,0.004151487948205793,4.3087130460244865,2.0757439741028967,False,True,True,True
5,smaller_anatomy,initial,-1,92,25271022,0.002,0.0039967902009415196,3.9935829775855387,1.9983951004707596,False,True,True,True
5,smaller_anatomy,initial,-1,93,25271023,0.002,0.004260216960012885,4.537362136595356,2.1301084800064425,False,True,True,True
5,smaller_anatomy,initial,-1,94,25271024,0.002,0.0032841939757466154,2.69648251758259,1.6420969878733076,False,True,True,True
5,smaller_anatomy,initial,-1,95,25271025,0.002,0.0017824475874544806,0.7942798505055747,0.8912237937272403,True,True,True,True
5,smaller_anatomy,initial,-1,96,25271026,0.002,0.00345610975077961,2.9861736523584748,1.728054875389805,False,True,True,True
5,smaller_anatomy,initial,-1,97,25271027,0.002,0.0014935018346568852,0.5576369325308705,0.7467509173284426,True,True,True,True
5,smaller_anatomy,initial,-1,98,25271028,0.002,0.0047557461512247904,5.654280363722352,2.377873075612395,False,True,True,True
5,smaller_anatomy,initial,-1,99,25271029,0.002,0.001891155639807408,0.8941174134938418,0.945577819903704,True,True,True,True
5,smaller_anatomy,candidate_0,0,0,25280930,0.002,0.003103194511669714,2.407454044314259,1.551597255834857,False,True,True,True
5,smaller_anatomy,candidate_0,0,1,25280931,0.002,0.0038877813195378843,3.7787108971369334,1.943890659768942,False,True,True,True
5,smaller_anatomy,candidate_0,0,2,25280932,0.002,0.0095320632670088,22.715057531564625,4.7660316335044,False,False,False,False
5,smaller_anatomy,candidate_0,0,3,25280933,0.002,0.0036477588931181854,3.3265362355807024,1.8238794465590926,False,True,True,True
5,smaller_anatomy,candidate_0,0,4,25280934,0.002,0.002563050617900446,1.6423071174799646,1.281525308950223,True,True,True,True
5,smaller_anatomy,candidate_0,0,5,25280935,0.002,0.0038608911153473237,3.7266200511419756,1.9304455576736619,False,True,True,True
5,smaller_anatomy,candidate_0,0,6,25280936,0.002,0.0036216188439404566,3.2790307626961526,1.8108094219702282,False,True,True,True
5,smaller_anatomy,candidate_0,0,7,25280937,0.002,0.002661608545983727,1.7710400130134027,1.3308042729918637,True,True,True,True
5,smaller_anatomy,candidate_0,0,8,25280938,0.002,0.004767965957193598,5.683374842239266,2.3839829785967988,False,True,True,True
5,smaller_anatomy,candidate_0,0,9,25280939,0.002,0.003652800808311639,3.3357384363005407,1.8264004041558195,False,True,True,True
5,smaller_anatomy,candidate_0,0,10,25280940,0.002,0.002951669847960936,2.1780887228404335,1.475834923980468,True,True,True,True
5,smaller_anatomy,candidate_0,0,11,25280941,0.002,0.0022683461379512026,1.2863485503895342,1.1341730689756013,True,True,True,True
5,smaller_anatomy,candidate_0,0,12,25280942,0.002,0.004050437233277724,4.101510445180626,2.025218616638862,False,True,True,True
5,smaller_anatomy,candidate_0,0,13,25280943,0.002,0.005247681793322334,6.884541050991676,2.6238408966611666,False,False,True,True
5,smaller_anatomy,candidate_0,0,14,25280944,0.002,0.0037588466038463958,3.532231947811896,1.8794233019231978,False,True,True,True
5,smaller_anatomy,candidate_0,0,15,25280945,0.002,0.004773935116604627,5.697614124387709,2.3869675583023136,False,True,True,True
5,smaller_anatomy,candidate_0,0,16,25280946,0.002,0.004015875911364053,4.031814833868516,2.0079379556820265,False,True,True,True
5,smaller_anatomy,candidate_0,0,17,25280947,0.002,0.0029788084712518846,2.2183249771004974,1.4894042356259423,True,True,True,True
5,smaller_anatomy,candidate_0,0,18,25280948,0.002,0.0020787716398414672,1.0803228826522957,1.0393858199207335,True,True,True,True
5,smaller_anatomy,candidate_0,0,19,25280949,0.002,0.0016093645114590854,0.6475135326859852,0.8046822557295427,True,True,True,True
5,smaller_anatomy,candidate_0,0,20,25280950,0.002,0.003893989993277662,3.7907895169366417,1.946994996638831,False,True,True,True
5,smaller_anatomy,candidate_0,0,21,25280951,0.002,0.003183916920157339,2.5343317386160487,1.5919584600786694,False,True,True,True
5,smaller_anatomy,candidate_0,0,22,25280952,0.002,0.00394485077862344,3.89046191640149,1.9724253893117198,False,True,True,True
5,smaller_anatomy,candidate_0,0,23,25280953,0.002,0.005343055624585107,7.137060851852637,2.6715278122925534,False,False,True,True
5,smaller_anatomy,candidate_0,0,24,25280954,0.002,0.003191175536438827,2.545900326091409,1.5955877682194135,False,True,True,True
5,smaller_anatomy,candidate_0,0,25,25280955,0.002,0.002739674648301328,1.8764542946362517,1.369837324150664,True,True,True,True
5,smaller_anatomy,candidate_0,0,26,25280956,0.002,0.00395530290167017,3.9111052609901162,1.9776514508350849,False,True,True,True
5,smaller_anatomy,candidate_0,0,27,25280957,0.002,0.002581785544088473,1.6664041489160533,1.2908927720442365,True,True,True,True
5,smaller_anatomy,candidate_0,0,28,25280958,0.002,0.003149427416971972,2.4797232636936872,1.574713708485986,False,True,True,True
5,smaller_anatomy,candidate_0,0,29,25280959,0.002,0.0022202616954200517,1.2323904990373806,1.1101308477100258,True,True,True,True
5,smaller_anatomy,candidate_0,0,30,25280960,0.002,0.0023668207200425733,1.4004600802057114,1.1834103600212866,True,True,True,True
5,smaller_anatomy,candidate_0,0,31,25280961,0.002,0.0030921699015822447,2.3903786750627876,1.5460849507911223,False,True,True,True
5,smaller_anatomy,candidate_0,0,32,25280962,0.002,0.0019575506359715863,0.9580011230981905,0.9787753179857931,True,True,True,True
5,smaller_anatomy,candidate_0,0,33,25280963,0.002,0.0029084993539596096,2.1148421229958667,1.4542496769798048,True,True,True,True
5,smaller_anatomy,candidate_0,0,34,25280964,0.002,0.0021018964585616164,1.1044921806284662,1.050948229280808,True,True,True,True
5,smaller_anatomy,candidate_0,0,35,25280965,0.002,0.003324287490952111,2.7627218306251704,1.6621437454760555,False,True,True,True
5,smaller_anatomy,candidate_0,0,36,25280966,0.002,0.001172575809567953,0.34373350729598506,0.5862879047839765,True,True,True,True
5,smaller_anatomy,candidate_0,0,37,25280967,0.002,0.0009425780039167525,0.22211332336692236,0.4712890019583762,True,True,True,True
5,smaller_anatomy,candidate_0,0,38,25280968,0.002,0.008131269545406022,16.529386105011866,4.065634772703011,False,False,False,False
5,smaller_anatomy,candidate_0,0,39,25280969,0.002,0.003065671235117797,2.34958503045717,1.5328356175588984,True,True,True,True
5,smaller_anatomy,candidate_0,0,40,25280970,0.002,0.0033999045501693407,2.889837737565547,1.6999522750846703,False,True,True,True
5,smaller_anatomy,candidate_0,0,41,25280971,0.002,0.0027482175335048417,1.888174902865859,1.3741087667524208,True,True,True,True
5,smaller_anatomy,candidate_0,0,42,25280972,0.002,0.004584549350556993,5.254523186923138,2.2922746752784966,False,True,True,True
5,smaller_anatomy,candidate_0,0,43,25280973,0.002,0.002499461515167829,1.5618269664512652,1.2497307575839145,True,True,True,True
5,smaller_anatomy,candidate_0,0,44,25280974,0.002,0.003746927893571354,3.5098671599057654,1.8734639467856768,False,True,True,True
5,smaller_anatomy,candidate_0,0,45,25280975,0.002,0.0029837240167707806,2.2256522520636906,1.4918620083853902,True,True,True,True
5,smaller_anatomy,candidate_0,0,46,25280976,0.002,0.0025073572104083665,1.5717100451467065,1.2536786052041833,True,True,True,True
5,smaller_anatomy,candidate_0,0,47,25280977,0.002,0.003324383157760955,2.762880844901175,1.6621915788804775,False,True,True,True
5,smaller_anatomy,candidate_0,0,48,25280978,0.002,0.003190979221531459,2.5455870980613793,1.5954896107657295,False,True,True,True
5,smaller_anatomy,candidate_0,0,49,25280979,0.002,0.0016658153012891568,0.6937351545022711,0.8329076506445784,True,True,True,True
5,smaller_anatomy,candidate_0,0,50,25280980,0.002,0.005185939450863772,6.723491997006311,2.592969725431886,False,False,True,True
5,smaller_anatomy,candidate_0,0,51,25280981,0.002,0.0023179522377728234,1.34322564414901,1.1589761188864116,True,True,True,True
5,smaller_anatomy,candidate_0,0,52,25280982,0.002,0.004845148693518673,5.868866465576425,2.4225743467593364,False,True,True,True
5,smaller_anatomy,candidate_0,0,53,25280983,0.002,0.002061066199609774,1.0619984697934692,1.030533099804887,True,True,True,True
5,smaller_anatomy,candidate_0,0,54,25280984,0.002,0.0031174793865903377,2.429669431453917,1.5587396932951687,False,True,True,True
5,smaller_anatomy,candidate_0,0,55,25280985,0.002,0.003726220315889229,3.4711794606364066,1.8631101579446145,False,True,True,True
5,smaller_anatomy,candidate_0,0,56,25280986,0.002,0.004661901727014778,5.433331928085842,2.330950863507389,False,True,True,True
5,smaller_anatomy,candidate_0,0,57,25280987,0.002,0.005848305622984405,8.550669664957754,2.9241528114922026,False,False,False,True
5,smaller_anatomy,candidate_0,0,58,25280988,0.002,0.004179949752118141,4.367994982558128,2.0899748760590704,False,True,True,True
5,smaller_anatomy,candidate_0,0,59,25280989,0.002,0.004398199904109533,4.836040599127276,2.1990999520547665,False,True,True,True
5,smaller_anatomy,candidate_0,0,60,25280990,0.002,0.0036423744899086873,3.316722981184393,1.8211872449543436,False,True,True,True
5,smaller_anatomy,candidate_0,0,61,25280991,0.002,0.005014981176282081,6.287509049615902,2.5074905881410405,False,False,True,True
5,smaller_anatomy,candidate_0,0,62,25280992,0.002,0.0018684789086963452,0.8728033580607713,0.9342394543481726,True,True,True,True
5,smaller_anatomy,candidate_0,0,63,25280993,0.002,0.003815075456419908,3.6387001845443927,1.9075377282099542,False,True,True,True
5,smaller_anatomy,candidate_0,0,64,25280994,0.002,0.0036118788189205197,3.2614171506416723,1.8059394094602599,False,True,True,True
5,smaller_anatomy,candidate_0,0,65,25280995,0.002,0.0031274905381962147,2.445299266626712,1.5637452690981073,False,True,True,True
5,smaller_anatomy,candidate_0,0,66,25280996,0.002,0.00280525701602422,1.967366731488278,1.40262850801211,True,True,True,True
5,smaller_anatomy,candidate_0,0,67,25280997,0.002,0.005579047689717566,7.781443281035729,2.789523844858783,False,False,True,True
5,smaller_anatomy,candidate_0,0,68,25280998,0.002,0.0028743937851827975,2.0655349080743726,1.4371968925913987,True,True,True,True
5,smaller_anatomy,candidate_0,0,69,25280999,0.002,0.002955223887196697,2.1833370558644893,1.4776119435983486,True,True,True,True
5,smaller_anatomy,candidate_0,0,70,25281000,0.002,0.0023418608283844755,1.3710780348804055,1.1709304141922376,True,True,True,True
5,smaller_anatomy,candidate_0,0,71,25281001,0.002,0.0025560142092809733,1.63330215951156,1.2780071046404866,True,True,True,True
5,smaller_anatomy,candidate_0,0,72,25281002,0.002,0.004173206884444111,4.3539139250929315,2.0866034422220556,False,True,True,True
5,smaller_anatomy,candidate_0,0,73,25281003,0.002,0.0028427734022197235,2.0203401540919756,1.4213867011098618,True,True,True,True
5,smaller_anatomy,candidate_0,0,74,25281004,0.002,0.0060348169481158,9.104753899316426,3.0174084740579,False,False,False,True
5,smaller_anatomy,candidate_0,0,75,25281005,0.002,0.0037262213230960205,3.4711813371738645,1.8631106615480102,False,True,True,True
5,smaller_anatomy,candidate_0,0,76,25281006,0.002,0.0031385178902566765,2.462573636865305,1.5692589451283383,False,True,True,True
5,smaller_anatomy,candidate_0,0,77,25281007,0.002,0.005379170405764162,7.233868563562244,2.689585202882081,False,False,True,True
5,smaller_anatomy,candidate_0,0,78,25281008,0.002,0.005038328377303388,6.346188209385148,2.519164188651694,False,False,True,True
5,smaller_anatomy,candidate_0,0,79,25281009,0.002,0.0035676851487184665,3.1820943300965765,1.7838425743592332,False,True,True,True
5,smaller_anatomy,candidate_0,0,80,25281010,0.002,0.002830049957923733,2.002295691086031,1.4150249789618663,True,True,True,True
5,smaller_anatomy,candidate_0,0,81,25281011,0.002,0.0029043033026509633,2.1087444184473236,1.4521516513254817,True,True,True,True
5,smaller_anatomy,candidate_0,0,82,25281012,0.002,0.006067603481704365,9.203953002797734,3.0338017408521827,False,False,False,True
5,smaller_anatomy,candidate_0,0,83,25281013,0.002,0.003195063737085603,2.5521080710098554,1.5975318685428015,False,True,True,True
5,smaller_anatomy,candidate_0,0,84,25281014,0.002,0.00264392634651783,1.7475866314527804,1.321963173258915,True,True,True,True
5,smaller_anatomy,candidate_0,0,85,25281015,0.002,0.0009786552568357724,0.23944152793307294,0.4893276284178862,True,True,True,True
5,smaller_anatomy,candidate_0,0,86,25281016,0.002,0.003436385963808028,2.952187123064207,1.7181929819040138,False,True,True,True
5,smaller_anatomy,candidate_0,0,87,25281017,0.002,0.0027220219923496055,1.852350931708729,1.3610109961748027,True,True,True,True
5,smaller_anatomy,candidate_0,0,88,25281018,0.002,0.002304202123697129,1.3273368567125898,1.1521010618485645,True,True,True,True
5,smaller_anatomy,candidate_0,0,89,25281019,0.002,0.0033204035582812767,2.7562699474617407,1.6602017791406383,False,True,True,True
5,smaller_anatomy,candidate_0,0,90,25281020,0.002,0.003370444528745518,2.839974080337649,1.685222264372759,False,True,True,True
5,smaller_anatomy,candidate_0,0,91,25281021,0.002,0.003131247942888193,2.451178419960385,1.5656239714440965,False,True,True,True
5,smaller_anatomy,candidate_0,0,92,25281022,0.002,0.0039857810468890515,3.9716126384349963,1.9928905234445258,False,True,True,True
5,smaller_anatomy,candidate_0,0,93,25281023,0.002,0.004147023929310585,4.299451867568651,2.0735119646552924,False,True,True,True
5,smaller_anatomy,candidate_0,0,94,25281024,0.002,0.0030299392614747678,2.295132982056565,1.5149696307373839,True,True,True,True
5,smaller_anatomy,candidate_0,0,95,25281025,0.002,0.0015015907671566612,0.5636937080025326,0.7507953835783306,True,True,True,True
5,smaller_anatomy,candidate_0,0,96,25281026,0.002,0.0004640088148872082,0.05382604507325786,0.2320044074436041,True,True,True,True
5,smaller_anatomy,candidate_0,0,97,25281027,0.002,0.003114396067900622,2.4248657169387138,1.5571980339503109,False,True,True,True
5,smaller_anatomy,candidate_0,0,98,25281028,0.002,0.0031444641148601926,2.4719136424108736,1.5722320574300963,False,True,True,True
5,smaller_anatomy,candidate_0,0,99,25281029,0.002,0.0030398331426803446,2.310146383834465,1.5199165713401723,True,True,True,True
5,smaller_anatomy,candidate_26,26,0,25540930,0.002,0.0025666459804432763,1.646917897231407,1.283322990221638,True,True,True,True
5,smaller_anatomy,candidate_26,26,1,25540931,0.002,0.0012446898434744368,0.38731320161210453,0.6223449217372183,True,True,True,True
5,smaller_anatomy,candidate_26,26,2,25540932,0.002,0.0026672277597699964,1.7785259806219185,1.3336138798849981,True,True,True,True
5,smaller_anatomy,candidate_26,26,3,25540933,0.002,0.00219238412819728,1.2016370413928368,1.09619206409864,True,True,True,True
5,smaller_anatomy,candidate_26,26,4,25540934,0.002,0.0013017772780302768,0.42365602039897915,0.6508886390151384,True,True,True,True
5,smaller_anatomy,candidate_26,26,5,25540935,0.002,0.0021707705684633166,1.1780612152266376,1.0853852842316583,True,True,True,True
5,smaller_anatomy,candidate_26,26,6,25540936,0.002,0.001623578691169267,0.6590019416047276,0.8117893455846336,True,True,True,True
5,smaller_anatomy,candidate_26,26,7,25540937,0.002,0.0035519530446696565,3.154092607884511,1.7759765223348283,False,True,True,True
5,smaller_anatomy,candidate_26,26,8,25540938,0.002,0.0036025307433669275,3.244556939225967,1.8012653716834637,False,True,True,True
5,smaller_anatomy,candidate_26,26,9,25540939,0.002,0.0014170136025350851,0.501981887442365,0.7085068012675425,True,True,True,True
5,smaller_anatomy,candidate_26,26,10,25540940,0.002,0.004402893187623877,4.846367105406187,2.2014465938119385,False,True,True,True
5,smaller_anatomy,candidate_26,26,11,25540941,0.002,0.0013410593240631467,0.44961002766417596,0.6705296620315733,True,True,True,True
5,smaller_anatomy,candidate_26,26,12,25540942,0.002,0.004170226615850175,4.3476975068863,2.0851133079250874,False,True,True,True
5,smaller_anatomy,candidate_26,26,13,25540943,0.002,0.004573224454937225,5.22859547880897,2.2866122274686123,False,True,True,True
5,smaller_anatomy,candidate_26,26,14,25540944,0.002,0.003749036176938974,3.5138180639993,1.874518088469487,False,True,True,True
5,smaller_anatomy,candidate_26,26,15,25540945,0.002,0.0018557800875441542,0.8609799333313471,0.9278900437720771,True,True,True,True
5,smaller_anatomy,candidate_26,26,16,25540946,0.002,0.003350663439769441,2.806736371651896,1.6753317198847206,False,True,True,True
5,smaller_anatomy,candidate_26,26,17,25540947,0.002,0.004367288857175316,4.768302990501921,2.183644428587658,False,True,True,True
5,smaller_anatomy,candidate_26,26,18,25540948,0.002,0.0019626173050906566,0.9629666715603279,0.9813086525453283,True,True,True,True
5,smaller_anatomy,candidate_26,26,19,25540949,0.002,0.0034694207752507264,3.009220128935338,1.7347103876253631,False,True,True,True
5,smaller_anatomy,candidate_26,26,20,25540950,0.002,0.004526237989043665,5.12170758336551,2.2631189945218324,False,True,True,True
5,smaller_anatomy,candidate_26,26,21,25540951,0.002,0.004568398878094774,5.217567077344398,2.284199439047387,False,True,True,True
5,smaller_anatomy,candidate_26,26,22,25540952,0.002,0.0021620677292501964,1.168634216466275,1.081033864625098,True,True,True,True
5,smaller_anatomy,candidate_26,26,23,25540953,0.002,0.004399675097946921,4.839285241873562,2.1998375489734605,False,True,True,True
5,smaller_anatomy,candidate_26,26,24,25540954,0.002,0.002108203389476364,1.1111303828499073,1.0541016947381818,True,True,True,True
5,smaller_anatomy,candidate_26,26,25,25540955,0.002,0.005843537465985201,8.536732529093186,2.9217687329926005,False,False,False,True
5,smaller_anatomy,candidate_26,26,26,25540956,0.002,0.00435794014973902,4.747910587176838,2.1789700748695098,False,True,True,True
5,smaller_anatomy,candidate_26,26,27,25540957,0.002,0.002144105339979837,1.1492969272325133,1.0720526699899184,True,True,True,True
5,smaller_anatomy,candidate_26,26,28,25540958,0.002,0.0015187901945021467,0.5766809137289672,0.7593950972510733,True,True,True,True
5,smaller_anatomy,candidate_26,26,29,25540959,0.002,0.0027147809390045178,1.842508886695563,1.357390469502259,True,True,True,True
5,smaller_anatomy,candidate_26,26,30,25540960,0.002,0.0024658375461438183,1.5200887009931419,1.2329187730719091,True,True,True,True
5,smaller_anatomy,candidate_26,26,31,25540961,0.002,0.004719117344186734,5.567517127051013,2.359558672093367,False,True,True,True
5,smaller_anatomy,candidate_26,26,32,25540962,0.002,0.003970966885928691,3.9421445022855517,1.9854834429643453,False,True,True,True
5,smaller_anatomy,candidate_26,26,33,25540963,0.002,0.002092455383040633,1.0945923825039305,1.0462276915203166,True,True,True,True
5,smaller_anatomy,candidate_26,26,34,25540964,0.002,0.004135296189333338,4.275168643378707,2.067648094666669,False,True,True,True
5,smaller_anatomy,candidate_26,26,35,25540965,0.002,0.0032760394463915705,2.683108613578397,1.6380197231957851,False,True,True,True
5,smaller_anatomy,candidate_26,26,36,25540966,0.002,0.005137196384592647,6.597696673467941,2.5685981922963235,False,False,True,True
5,smaller_anatomy,candidate_26,26,37,25540967,0.002,0.002096879157386743,1.099225550170734,1.0484395786933713,True,True,True,True
5,smaller_anatomy,candidate_26,26,38,25540968,0.002,0.0032540417334228126,2.6471969007143357,1.6270208667114063,False,True,True,True
5,smaller_anatomy,candidate_26,26,39,25540969,0.002,0.0039829340241412095,3.9659408601654222,1.9914670120706046,False,True,True,True
5,smaller_anatomy,candidate_26,26,40,25540970,0.002,0.0026516191277695393,1.7577709996883233,1.3258095638847696,True,True,True,True
5,smaller_anatomy,candidate_26,26,41,25540971,0.002,0.0025092854507941264,1.5741283683917706,1.2546427253970631,True,True,True,True
5,smaller_anatomy,candidate_26,26,42,25540972,0.002,0.002045992000378115,1.0465208164028101,1.0229960001890575,True,True,True,True
5,smaller_anatomy,candidate_26,26,43,25540973,0.002,0.003632963635016809,3.299606193338637,1.8164818175084045,False,True,True,True
5,smaller_anatomy,candidate_26,26,44,25540974,0.002,0.002081166068274205,1.0828130509339784,1.0405830341371025,True,True,True,True
5,smaller_anatomy,candidate_26,26,45,25540975,0.002,0.003187785538706592,2.5404941601967197,1.593892769353296,False,True,True,True
5,smaller_anatomy,candidate_26,26,46,25540976,0.002,0.002872273811805534,2.0624892124959735,1.436136905902767,True,True,True,True
5,smaller_anatomy,candidate_26,26,47,25540977,0.002,0.0027435621305209384,1.8817832910071477,1.3717810652604692,True,True,True,True
5,smaller_anatomy,candidate_26,26,48,25540978,0.002,0.003162061668167231,2.499658498323133,1.5810308340836154,False,True,True,True
5,smaller_anatomy,candidate_26,26,49,25540979,0.002,0.006922444741725867,11.980060300562029,3.4612223708629335,False,False,False,False
5,smaller_anatomy,candidate_26,26,50,25540980,0.002,0.0032912144773768223,2.7080231840236975,1.645607238688411,False,True,True,True
5,smaller_anatomy,candidate_26,26,51,25540981,0.002,0.003748732923064461,3.513249632116855,1.8743664615322304,False,True,True,True
5,smaller_anatomy,candidate_26,26,52,25540982,0.002,0.0019133371625448506,0.9152147743937951,0.9566685812724253,True,True,True,True
5,smaller_anatomy,candidate_26,26,53,25540983,0.002,0.00815532295705398,16.627323133462923,4.0776614785269905,False,False,False,False
5,smaller_anatomy,candidate_26,26,54,25540984,0.002,0.001767532380763935,0.781042679262256,0.8837661903819675,True,True,True,True
5,smaller_anatomy,candidate_26,26,55,25540985,0.002,0.003399087672051671,2.8884492505734127,1.6995438360258355,False,True,True,True
5,smaller_anatomy,candidate_26,26,56,25540986,0.002,0.0031494681483970896,2.479787404441948,1.5747340741985447,False,True,True,True
5,smaller_anatomy,candidate_26,26,57,25540987,0.002,0.0031371765118811974,2.460469116674769,1.5685882559405986,False,True,True,True
5,smaller_anatomy,candidate_26,26,58,25540988,0.002,0.001332303740961226,0.44375831454481934,0.666151870480613,True,True,True,True
5,smaller_anatomy,candidate_26,26,59,25540989,0.002,0.0022313718359455448,1.244755067562748,1.1156859179727723,True,True,True,True
5,smaller_anatomy,candidate_26,26,60,25540990,0.002,0.0014064470944152698,0.49452335734728875,0.7032235472076349,True,True,True,True
5,smaller_anatomy,candidate_26,26,61,25540991,0.002,0.0036148555661559834,3.2667951910422235,1.8074277830779917,False,True,True,True
5,smaller_anatomy,candidate_26,26,62,25540992,0.002,0.005326067040197724,7.091747529170136,2.6630335200988617,False,False,True,True
5,smaller_anatomy,candidate_26,26,63,25540993,0.002,0.0031383376487376814,2.4622907993710896,1.5691688243688406,False,True,True,True
5,smaller_anatomy,candidate_26,26,64,25540994,0.002,0.002781120457005478,1.9336577490935898,1.390560228502739,True,True,True,True
5,smaller_anatomy,candidate_26,26,65,25540995,0.002,0.0013659995048002339,0.466488661778621,0.6829997524001169,True,True,True,True
5,smaller_anatomy,candidate_26,26,66,25540996,0.002,0.0062846410999908495,9.874178438923549,3.1423205499954245,False,False,False,True
5,smaller_anatomy,candidate_26,26,67,25540997,0.002,0.0030668347663571605,2.351368871034245,1.5334173831785802,True,True,True,True
5,smaller_anatomy,candidate_26,26,68,25540998,0.002,0.0056895015291752405,8.09260691262185,2.84475076458762,False,False,False,True
5,smaller_anatomy,candidate_26,26,69,25540999,0.002,0.004590220073616652,5.267530081058315,2.295110036808326,False,True,True,True
5,smaller_anatomy,candidate_26,26,70,25541000,0.002,0.0030326633902320868,2.2992618096134936,1.5163316951160433,True,True,True,True
5,smaller_anatomy,candidate_26,26,71,25541001,0.002,0.0063193577268010025,9.983570519819883,3.1596788634005013,False,False,False,True
5,smaller_anatomy,candidate_26,26,72,25541002,0.002,0.0037558900766406097,3.5266775669518515,1.877945038320305,False,True,True,True
5,smaller_anatomy,candidate_26,26,73,25541003,0.002,0.0007804510744207725,0.15227596989113457,0.3902255372103863,True,True,True,True
5,smaller_anatomy,candidate_26,26,74,25541004,0.002,0.0029207799228048352,2.1327388393649547,1.4603899614024176,True,True,True,True
5,smaller_anatomy,candidate_26,26,75,25541005,0.002,0.0024020087969457817,1.4424115651512304,1.2010043984728909,True,True,True,True
5,smaller_anatomy,candidate_26,26,76,25541006,0.002,0.0038622697932856054,3.7292819890316085,1.9311348966428026,False,True,True,True
5,smaller_anatomy,candidate_26,26,77,25541007,0.002,0.005741631931066025,8.241584307959243,2.8708159655330125,False,False,False,True
5,smaller_anatomy,candidate_26,26,78,25541008,0.002,0.0029090212627612987,2.1156011767993355,1.4545106313806493,True,True,True,True
5,smaller_anatomy,candidate_26,26,79,25541009,0.002,0.0034636935272185873,2.9992932126239844,1.7318467636092936,False,True,True,True
5,smaller_anatomy,candidate_26,26,80,25541010,0.002,0.005911415037171921,8.736206935425574,2.9557075185859603,False,False,False,True
5,smaller_anatomy,candidate_26,26,81,25541011,0.002,0.003937443904592111,3.8758661254523923,1.9687219522960555,False,True,True,True
5,smaller_anatomy,candidate_26,26,82,25541012,0.002,0.0013976248656201653,0.48833881624994624,0.6988124328100827,True,True,True,True
5,smaller_anatomy,candidate_26,26,83,25541013,0.002,0.0019506875211622045,0.9512954513044866,0.9753437605811023,True,True,True,True
5,smaller_anatomy,candidate_26,26,84,25541014,0.002,0.0018225852811406137,0.8304542767576025,0.9112926405703068,True,True,True,True
5,smaller_anatomy,candidate_26,26,85,25541015,0.002,0.0052473626165907205,6.883703607498454,2.6236813082953603,False,False,True,True
5,smaller_anatomy,candidate_26,26,86,25541016,0.002,0.0037464937465608575,3.5090538482549025,1.8732468732804286,False,True,True,True
5,smaller_anatomy,candidate_26,26,87,25541017,0.002,0.003202445959467434,2.563915030827323,1.601222979733717,False,True,True,True
5,smaller_anatomy,candidate_26,26,88,25541018,0.002,0.003974975784408274,3.950108121658044,1.987487892204137,False,True,True,True
5,smaller_anatomy,candidate_26,26,89,25541019,0.002,0.002011498164663072,1.0115312166107266,1.0057490823315358,True,True,True,True
5,smaller_anatomy,candidate_26,26,90,25541020,0.002,0.0022511916063769565,1.2669659121555155,1.1255958031884783,True,True,True,True
5,smaller_anatomy,candidate_26,26,91,25541021,0.002,0.004791227738041679,5.738965809444997,2.3956138690208397,False,True,True,True
5,smaller_anatomy,candidate_26,26,92,25541022,0.002,0.003889904200541887,3.7828386723483542,1.9449521002709433,False,True,True,True
5,smaller_anatomy,candidate_26,26,93,25541023,0.002,0.0012741961705389417,0.40589397025402596,0.6370980852694709,True,True,True,True
5,smaller_anatomy,candidate_26,26,94,25541024,0.002,0.0023966624594940703,1.4359977361870415,1.1983312297470352,True,True,True,True
5,smaller_anatomy,candidate_26,26,95,25541025,0.002,0.0029358211962003645,2.154761524014835,1.467910598100182,True,True,True,True
5,smaller_anatomy,candidate_26,26,96,25541026,0.002,0.00315368082905687,2.4864256928902067,1.576840414528435,False,True,True,True
5,smaller_anatomy,candidate_26,26,97,25541027,0.002,0.0027662586781424664,1.9130467685996266,1.3831293390712331,True,True,True,True
5,smaller_anatomy,candidate_26,26,98,25541028,0.002,0.0024048587857961974,1.4458364449052903,1.2024293928980987,True,True,True,True
5,smaller_anatomy,candidate_26,26,99,25541029,0.002,0.0029877464257219745,2.2316571761036084,1.4938732128609873,True,True,True,True
5,smaller_anatomy,candidate_53,53,0,25810930,0.0026666666666666666,0.003402751326896231,1.6282570208476022,1.2760317475860867,True,True,True,True
5,smaller_anatomy,candidate_53,53,1,25810931,0.0026666666666666666,0.006442642431908479,5.8370120867007556,2.4159909119656797,False,True,True,True
5,smaller_anatomy,candidate_53,53,2,25810932,0.0026666666666666666,0.0022238655915209258,0.6954719300368196,0.8339495968203472,True,True,True,True
5,smaller_anatomy,candidate_53,53,3,25810933,0.0026666666666666666,0.002719879512691937,1.040307829250812,1.0199548172594766,True,True,True,True
5,smaller_anatomy,candidate_53,53,4,25810934,0.0026666666666666666,0.005174028110598061,3.7646109688020384,1.9402605414742728,False,True,True,True
5,smaller_anatomy,candidate_53,53,5,25810935,0.0026666666666666666,0.0023437105923586627,0.772450219790746,0.8788914721344986,True,True,True,True
5,smaller_anatomy,candidate_53,53,6,25810936,0.0026666666666666666,0.004146950259306557,2.4183557512260077,1.5551063472399589,False,True,True,True
5,smaller_anatomy,candidate_53,53,7,25810937,0.0026666666666666666,0.004288750265816673,2.5865688997325513,1.6082813496812525,False,True,True,True
5,smaller_anatomy,candidate_53,53,8,25810938,0.0026666666666666666,0.0023599854261034804,0.7832153266060536,0.8849945347888052,True,True,True,True
5,smaller_anatomy,candidate_53,53,9,25810939,0.0026666666666666666,0.003559763249629564,1.7819879615737362,1.3349112186110865,True,True,True,True
5,smaller_anatomy,candidate_53,53,10,25810940,0.0026666666666666666,0.0041899232575858085,2.4687361271894726,1.5712212215946781,False,True,True,True
5,smaller_anatomy,candidate_53,53,11,25810941,0.0026666666666666666,0.00815227409613914,9.345877444487984,3.0571027860521776,False,False,False,True
5,smaller_anatomy,candidate_53,53,12,25810942,0.0026666666666666666,0.0015900717170186673,0.3555461341775662,0.5962768938820002,True,True,True,True
5,smaller_anatomy,candidate_53,53,13,25810943,0.0026666666666666666,0.004394035541145073,2.7151239848689794,1.6477633279294026,False,True,True,True
5,smaller_anatomy,candidate_53,53,14,25810944,0.0026666666666666666,0.0021449452295908868,0.6469860990859737,0.8043544610965826,True,True,True,True
5,smaller_anatomy,candidate_53,53,15,25810945,0.0026666666666666666,0.004060763373700038,2.3188780092914603,1.5227862651375144,True,True,True,True
5,smaller_anatomy,candidate_53,53,16,25810946,0.0026666666666666666,0.006115209441084994,5.258782477734616,2.2932035404068727,False,True,True,True
5,smaller_anatomy,candidate_53,53,17,25810947,0.0026666666666666666,0.0015200777291081674,0.32493323004337166,0.5700291484155627,True,True,True,True
5,smaller_anatomy,candidate_53,53,18,25810948,0.0026666666666666666,0.0024352723336216026,0.8339837820332072,0.913227125108101,True,True,True,True
5,smaller_anatomy,candidate_53,53,19,25810949,0.0026666666666666666,0.002412649594688811,0.8185609781370119,0.9047435980083042,True,True,True,True
5,smaller_anatomy,candidate_53,53,20,25810950,0.0026666666666666666,0.004373032825482136,2.689230388042164,1.6398873095558013,False,True,True,True
5,smaller_anatomy,candidate_53,53,21,25810951,0.0026666666666666666,0.0034309576002541247,1.6553629764480295,1.2866091000952968,True,True,True,True
5,smaller_anatomy,candidate_53,53,22,25810952,0.0026666666666666666,0.006405982857894027,5.7707741778232675,2.40224357171026,False,True,True,True
5,smaller_anatomy,candidate_53,53,23,25810953,0.0026666666666666666,0.0015236741595489715,0.3264726015671154,0.5713778098308643,True,True,True,True
5,smaller_anatomy,candidate_53,53,24,25810954,0.0026666666666666666,0.007065198009754373,7.019581347708349,2.64944925365789,False,False,True,True
5,smaller_anatomy,candidate_53,53,25,25810955,0.0026666666666666666,0.007409918087293728,7.721280852244137,2.7787192827351483,False,False,True,True
5,smaller_anatomy,candidate_53,53,26,25810956,0.0026666666666666666,0.004090035405801414,2.352429790412222,1.5337632771755303,True,True,True,True
5,smaller_anatomy,candidate_53,53,27,25810957,0.0026666666666666666,0.002740343424932409,1.0560209184239464,1.0276287843496534,True,True,True,True
5,smaller_anatomy,candidate_53,53,28,25810958,0.0026666666666666666,0.004564844633663346,2.9303165432088347,1.7118167376237547,False,True,True,True
5,smaller_anatomy,candidate_53,53,29,25810959,0.0026666666666666666,0.003254841478172426,1.4897802723794527,1.2205655543146599,True,True,True,True
5,smaller_anatomy,candidate_53,53,30,25810960,0.0026666666666666666,0.0018682893505966918,0.4908522793433918,0.7006085064737595,True,True,True,True
5,smaller_anatomy,candidate_53,53,31,25810961,0.0026666666666666666,0.004799247840807833,3.2389846646482465,1.7997179403029373,False,True,True,True
5,smaller_anatomy,candidate_53,53,32,25810962,0.0026666666666666666,0.002916172226266517,1.1958835012380302,1.093564584849944,True,True,True,True
5,smaller_anatomy,candidate_53,53,33,25810963,0.0026666666666666666,0.003966285067127788,2.212230548491999,1.4873569001729203,True,True,True,True
5,smaller_anatomy,candidate_53,53,34,25810964,0.0026666666666666666,0.0026999078573741115,1.0250862803874092,1.0124654465152918,True,True,True,True
5,smaller_anatomy,candidate_53,53,35,25810965,0.0026666666666666666,0.0016209030863451076,0.3694678334048103,0.6078386573794153,True,True,True,True
5,smaller_anatomy,candidate_53,53,36,25810966,0.0026666666666666666,0.005306145991603074,3.9593229305913797,1.9898047468511528,False,True,True,True
5,smaller_anatomy,candidate_53,53,37,25810967,0.0026666666666666666,0.0046542724101251536,3.0462541407635917,1.7453521537969325,False,True,True,True
5,smaller_anatomy,candidate_53,53,38,25810968,0.0026666666666666666,0.004979772707607877,3.4872379058582283,1.867414765352954,False,True,True,True
5,smaller_anatomy,candidate_53,53,39,25810969,0.0026666666666666666,0.0018530179735081547,0.4828606326765378,0.694881740065558,True,True,True,True
5,smaller_anatomy,candidate_53,53,40,25810970,0.0026666666666666666,0.0032805663660283252,1.5134225177694784,1.230212387260622,True,True,True,True
5,smaller_anatomy,candidate_53,53,41,25810971,0.0026666666666666666,0.004206459763314815,2.488261463491856,1.5774224112430557,False,True,True,True
5,smaller_anatomy,candidate_53,53,42,25810972,0.0026666666666666666,0.0023094542273519965,0.7500345227204073,0.8660453352569987,True,True,True,True
5,smaller_anatomy,candidate_53,53,43,25810973,0.0026666666666666666,0.006681293132140237,6.277454707160292,2.5054849245525888,False,False,True,True
5,smaller_anatomy,candidate_53,53,44,25810974,0.0026666666666666666,0.0032277819688735165,1.465112311676015,1.2104182383275688,True,True,True,True
5,smaller_anatomy,candidate_53,53,45,25810975,0.0026666666666666666,0.005674632934371714,4.5283301634172695,2.127987350389393,False,True,True,True
5,smaller_anatomy,candidate_53,53,46,25810976,0.0026666666666666666,0.005623170992658522,4.446569814282594,2.1086891222469455,False,True,True,True
5,smaller_anatomy,candidate_53,53,47,25810977,0.0026666666666666666,0.00852234087081293,10.213635082264945,3.195877826554849,False,False,False,True
5,smaller_anatomy,candidate_53,53,48,25810978,0.0026666666666666666,0.003035375484855714,1.2956490469776178,1.1382658068208928,True,True,True,True
5,smaller_anatomy,candidate_53,53,49,25810979,0.0026666666666666666,0.007308733754007971,7.511848465355922,2.740775157752989,False,False,True,True
5,smaller_anatomy,candidate_53,53,50,25810980,0.0026666666666666666,0.002746436077546192,1.0607218773816534,1.029913529079822,True,True,True,True
5,smaller_anatomy,candidate_53,53,51,25810981,0.0026666666666666666,0.0027706771641533277,1.079529180181977,1.039003936557498,True,True,True,True
5,smaller_anatomy,candidate_53,53,52,25810982,0.0026666666666666666,0.007245572854160893,7.3825770916340465,2.717089820310335,False,False,True,True
5,smaller_anatomy,candidate_53,53,53,25810983,0.0026666666666666666,0.004856721454228265,3.3170263993070317,1.8212705453355993,False,True,True,True
5,smaller_anatomy,candidate_53,53,54,25810984,0.0026666666666666666,0.0036284462977932766,1.851415669120744,1.3606673616724787,True,True,True,True
5,smaller_anatomy,candidate_53,53,55,25810985,0.0026666666666666666,0.003491819581016088,1.714613060582911,1.309432342881033,True,True,True,True
5,smaller_anatomy,candidate_53,53,56,25810986,0.0026666666666666666,0.0014700174086312951,0.30388375992361893,0.5512565282367357,True,True,True,True
5,smaller_anatomy,candidate_53,53,57,25810987,0.0026666666666666666,0.006268487923214946,5.525710431116011,2.3506829712056048,False,True,True,True
5,smaller_anatomy,candidate_53,53,58,25810988,0.0026666666666666666,0.0027362663027546267,1.0528809299424104,1.026099863532985,True,True,True,True
5,smaller_anatomy,candidate_53,53,59,25810989,0.0026666666666666666,0.005597364042980599,4.405849344794829,2.0990115161177245,False,True,True,True
5,smaller_anatomy,candidate_53,53,60,25810990,0.0026666666666666666,0.008643191529573662,10.505356849250704,3.2411968235901236,False,False,False,True
5,smaller_anatomy,candidate_53,53,61,25810991,0.0026666666666666666,0.0034023812315204967,1.6279028500222872,1.2758929618201862,True,True,True,True
5,smaller_anatomy,candidate_53,53,62,25810992,0.0026666666666666666,0.0064373482044873895,5.827422924255519,2.4140055766827713,False,True,True,True
5,smaller_anatomy,candidate_53,53,63,25810993,0.0026666666666666666,0.003925343303864565,2.1667950074804594,1.472003738949212,True,True,True,True
5,smaller_anatomy,candidate_53,53,64,25810994,0.0026666666666666666,0.0025455454967273617,0.9112221387996962,0.9545795612727607,True,True,True,True
5,smaller_anatomy,candidate_53,53,65,25810995,0.0026666666666666666,0.0030096101290339973,1.273746533735255,1.128603798387749,True,True,True,True
5,smaller_anatomy,candidate_53,53,66,25810996,0.0026666666666666666,0.005841014404118082,4.7977663034692855,2.1903804015442807,False,True,True,True
5,smaller_anatomy,candidate_53,53,67,25810997,0.0026666666666666666,0.0026265104673010844,0.9701096111496789,0.9849414252379067,True,True,True,True
5,smaller_anatomy,candidate_53,53,68,25810998,0.0026666666666666666,0.0030855439998282944,1.3388318120919924,1.1570789999356104,True,True,True,True
5,smaller_anatomy,candidate_53,53,69,25810999,0.0026666666666666666,0.005952514639076746,4.98268554305948,2.2321929896537798,False,True,True,True
5,smaller_anatomy,candidate_53,53,70,25811000,0.0026666666666666666,0.00444428468783647,2.7775780856068653,1.6666067579386763,False,True,True,True
5,smaller_anatomy,candidate_53,53,71,25811001,0.0026666666666666666,0.005717325215010887,4.596722945746775,2.143996955629083,False,True,True,True
5,smaller_anatomy,candidate_53,53,72,25811002,0.0026666666666666666,0.0027549430287508816,1.0673031222651208,1.0331036357815806,True,True,True,True
5,smaller_anatomy,candidate_53,53,73,25811003,0.0026666666666666666,0.0024254383242671425,0.8272618684908475,0.9095393716001785,True,True,True,True
5,smaller_anatomy,candidate_53,53,74,25811004,0.0026666666666666666,0.0028625189971507475,1.1522833606475047,1.0734446239315303,True,True,True,True
5,smaller_anatomy,candidate_53,53,75,25811005,0.0026666666666666666,0.0048164876880918825,3.2622966069666592,1.806182883034456,False,True,True,True
5,smaller_anatomy,candidate_53,53,76,25811006,0.0026666666666666666,0.0009794450436088659,0.13490333345390249,0.36729189135332474,True,True,True,True
5,smaller_anatomy,candidate_53,53,77,25811007,0.0026666666666666666,0.003907610259420783,2.147261897746485,1.4653538472827938,True,True,True,True
5,smaller_anatomy,candidate_53,53,78,25811008,0.0026666666666666666,0.007845280581557548,8.655247603598056,2.9419802180840806,False,False,False,True
5,smaller_anatomy,candidate_53,53,79,25811009,0.0026666666666666666,0.004856160124776388,3.316259694018969,1.8210600467911455,False,True,True,True
5,smaller_anatomy,candidate_53,53,80,25811010,0.0026666666666666666,0.004717916304858093,3.130134505262696,1.7692186143217847,False,True,True,True
5,smaller_anatomy,candidate_53,53,81,25811011,0.0026666666666666666,0.004351497997168398,2.662809583972582,1.6318117489381494,False,True,True,True
5,smaller_anatomy,candidate_53,53,82,25811012,0.0026666666666666666,0.0038766694771908646,2.1133921268507754,1.4537510539465743,True,True,True,True
5,smaller_anatomy,candidate_53,53,83,25811013,0.0026666666666666666,0.003068335069870183,1.3239393892024587,1.1506256512013187,True,True,True,True
5,smaller_anatomy,candidate_53,53,84,25811014,0.0026666666666666666,0.0018996279753630712,0.5074574687974689,0.7123604907611517,True,True,True,True
5,smaller_anatomy,candidate_53,53,85,25811015,0.0026666666666666666,0.004097270065700408,2.3607593425244007,1.536476274637653,True,True,True,True
5,smaller_anatomy,candidate_53,53,86,25811016,0.0026666666666666666,0.005814589215917805,4.754453589825136,2.180470955969177,False,True,True,True
5,smaller_anatomy,candidate_53,53,87,25811017,0.0026666666666666666,0.006083706089805278,5.204739345065694,2.281389783676979,False,True,True,True
5,smaller_anatomy,candidate_53,53,88,25811018,0.0026666666666666666,0.005665911087987648,4.514420876763005,2.124716657995368,False,True,True,True
5,smaller_anatomy,candidate_53,53,89,25811019,0.0026666666666666666,0.0010338313953705913,0.15030103416383025,0.3876867732639718,True,True,True,True
5,smaller_anatomy,candidate_53,53,90,25811020,0.0026666666666666666,0.0041395857734264465,2.40977395906237,1.5523446650349175,False,True,True,True
5,smaller_anatomy,candidate_53,53,91,25811021,0.0026666666666666666,0.005150248348460907,3.730086288397168,1.9313431306728404,False,True,True,True
5,smaller_anatomy,candidate_53,53,92,25811022,0.0026666666666666666,0.0031621582653851834,1.4061438134077264,1.1858093495194437,True,True,True,True
5,smaller_anatomy,candidate_53,53,93,25811023,0.0026666666666666666,0.004472512690355113,2.8129738732576217,1.6771922588831674,False,True,True,True
5,smaller_anatomy,candidate_53,53,94,25811024,0.0026666666666666666,0.005154534912302648,3.7362979915519032,1.932950592113493,False,True,True,True
5,smaller_anatomy,candidate_53,53,95,25811025,0.0026666666666666666,0.0034581801288464252,1.6817357536239765,1.2968175483174096,True,True,True,True
5,smaller_anatomy,candidate_53,53,96,25811026,0.0026666666666666666,0.0010631935813235499,0.15895977066106817,0.39869759299633123,True,True,True,True
5,smaller_anatomy,candidate_53,53,97,25811027,0.0026666666666666666,0.003417838685635365,1.6427279926442362,1.281689507113262,True,True,True,True
5,smaller_anatomy,candidate_53,53,98,25811028,0.0026666666666666666,0.0039037503456558977,2.143021888294951,1.4639063796209617,True,True,True,True
5,smaller_anatomy,candidate_53,53,99,25811029,0.0026666666666666666,0.0038419524869696183,2.0757092220185673,1.440732182613607,True,True,True,True
5,smaller_anatomy,candidate_80,80,0,26080930,0.0033333333333333344,0.006949137487737267,4.346146064112784,2.084741246321179,False,True,True,True
5,smaller_anatomy,candidate_80,80,1,26080931,0.0033333333333333344,0.0081826231401772,6.0259789308747,2.454786942053159,False,True,True,True
5,smaller_anatomy,candidate_80,80,2,26080932,0.0033333333333333344,0.004952735611185255,2.207663103087231,1.485820683355576,True,True,True,True
5,smaller_anatomy,candidate_80,80,3,26080933,0.0033333333333333344,0.008245062571675725,6.118295112976309,2.4735187715027167,False,True,True,True
5,smaller_anatomy,candidate_80,80,4,26080934,0.0033333333333333344,0.006631651682844255,3.958092363831391,1.9894955048532759,False,True,True,True
5,smaller_anatomy,candidate_80,80,5,26080935,0.0033333333333333344,0.007926652232988274,5.654863406046416,2.3779956698964813,False,True,True,True
5,smaller_anatomy,candidate_80,80,6,26080936,0.0033333333333333344,0.0035967556706520075,1.1642986218930627,1.0790267011956018,True,True,True,True
5,smaller_anatomy,candidate_80,80,7,26080937,0.0033333333333333344,0.004805763412591426,2.078582578002213,1.4417290237774272,True,True,True,True
5,smaller_anatomy,candidate_80,80,8,26080938,0.0033333333333333344,0.003857783627377349,1.3394245064094654,1.1573350882132043,True,True,True,True
5,smaller_anatomy,candidate_80,80,9,26080939,0.0033333333333333344,0.002732144841298887,0.6718153890452504,0.8196434523896658,True,True,True,True
5,smaller_anatomy,candidate_80,80,10,26080940,0.0033333333333333344,0.008835634553943698,7.026159417375943,2.6506903661831087,False,False,True,True
5,smaller_anatomy,candidate_80,80,11,26080941,0.0033333333333333344,0.0016615034758122333,0.24845344201225175,0.4984510427436698,True,True,True,True
5,smaller_anatomy,candidate_80,80,12,26080942,0.0033333333333333344,0.00530815533754469,2.535886177875375,1.5924466012634066,False,True,True,True
5,smaller_anatomy,candidate_80,80,13,26080943,0.0033333333333333344,0.006057538364714813,3.3024393935992613,1.8172615094144435,False,True,True,True
5,smaller_anatomy,candidate_80,80,14,26080944,0.0033333333333333344,0.00585965812318415,3.0902033988538173,1.7578974369552443,False,True,True,True
5,smaller_anatomy,candidate_80,80,15,26080945,0.0033333333333333344,0.00982302124161612,8.68425716819173,2.9469063724848352,False,False,False,True
5,smaller_anatomy,candidate_80,80,16,26080946,0.0033333333333333344,0.009071073216247129,7.405593236506438,2.7213219648741376,False,False,True,True
5,smaller_anatomy,candidate_80,80,17,26080947,0.0033333333333333344,0.008864345228264346,7.071895469326754,2.6593035684793027,False,False,True,True
5,smaller_anatomy,candidate_80,80,18,26080948,0.0033333333333333344,0.003715609448719273,1.2425178217870738,1.1146828346157815,True,True,True,True
5,smaller_anatomy,candidate_80,80,19,26080949,0.0033333333333333344,0.010164207964262588,9.298001118670106,3.0492623892787756,False,False,False,True
5,smaller_anatomy,candidate_80,80,20,26080950,0.0033333333333333344,0.007583462235805418,5.175800953369818,2.275038670741625,False,True,True,True
5,smaller_anatomy,candidate_80,80,21,26080951,0.0033333333333333344,0.00385855730487188,1.3399618027482123,1.1575671914615635,True,True,True,True
5,smaller_anatomy,candidate_80,80,22,26080952,0.0033333333333333344,0.0023715153170817812,0.5061676409238148,0.7114545951245341,True,True,True,True
5,smaller_anatomy,candidate_80,80,23,26080953,0.0033333333333333344,0.005209574776774767,2.4425702419327058,1.5628724330324295,False,True,True,True
5,smaller_anatomy,candidate_80,80,24,26080954,0.0033333333333333344,0.004159702275048674,1.5572810715340597,1.2479106825146018,True,True,True,True
5,smaller_anatomy,candidate_80,80,25,26080955,0.0033333333333333344,0.008586692418622519,6.635815802282645,2.576007725586755,False,False,True,True
5,smaller_anatomy,candidate_80,80,26,26080956,0.0033333333333333344,0.004342829598408013,1.697415202872782,1.3028488795224034,True,True,True,True
5,smaller_anatomy,candidate_80,80,27,26080957,0.0033333333333333344,0.003557725933501023,1.1391672436115146,1.0673177800503064,True,True,True,True
5,smaller_anatomy,candidate_80,80,28,26080958,0.0033333333333333344,0.002966305933101939,0.7919073799880182,0.8898917799305813,True,True,True,True
5,smaller_anatomy,candidate_80,80,29,26080959,0.0033333333333333344,0.00693987610815401,4.334569235687414,2.0819628324462025,False,True,True,True
5,smaller_anatomy,candidate_80,80,30,26080960,0.0033333333333333344,0.006657491998753167,3.9889979742116166,1.9972475996259493,False,True,True,True
5,smaller_anatomy,candidate_80,80,31,26080961,0.0033333333333333344,0.002538125020998249,0.5797870759995623,0.7614375062994745,True,True,True,True
5,smaller_anatomy,candidate_80,80,32,26080962,0.0033333333333333344,0.0037217876457630787,1.2466532952139204,1.1165362937289232,True,True,True,True
5,smaller_anatomy,candidate_80,80,33,26080963,0.0033333333333333344,0.006199451286831622,3.45898766320184,1.8598353860494858,False,True,True,True
5,smaller_anatomy,candidate_80,80,34,26080964,0.0033333333333333344,0.007521657389416449,5.091779689538673,2.256497216824934,False,True,True,True
5,smaller_anatomy,candidate_80,80,35,26080965,0.0033333333333333344,0.0019968990977204987,0.3588845405829245,0.5990697293161494,True,True,True,True
5,smaller_anatomy,candidate_80,80,36,26080966,0.0033333333333333344,0.005199513283485746,2.4331444546630236,1.5598539850457234,False,True,True,True
5,smaller_anatomy,candidate_80,80,37,26080967,0.0033333333333333344,0.0017912101125445543,0.2887590300553685,0.5373630337633661,True,True,True,True
5,smaller_anatomy,candidate_80,80,38,26080968,0.0033333333333333344,0.002191122093276066,0.4320914424878237,0.6573366279828196,True,True,True,True
5,smaller_anatomy,candidate_80,80,39,26080969,0.0033333333333333344,0.006392237578235468,3.6774631130945044,1.9176712734706396,False,True,True,True
5,smaller_anatomy,candidate_80,80,40,26080970,0.0033333333333333344,0.00450540719631761,1.8268824604167446,1.3516221588952826,True,True,True,True
5,smaller_anatomy,candidate_80,80,41,26080971,0.0033333333333333344,0.0018032749078450599,0.29266203539372465,0.5409824723535178,True,True,True,True
5,smaller_anatomy,candidate_80,80,42,26080972,0.0033333333333333344,0.0023621316138536545,0.502169918505018,0.7086394841560961,True,True,True,True
5,smaller_anatomy,candidate_80,80,43,26080973,0.0033333333333333344,0.006842064321885287,4.213245976633399,2.0526192965655854,False,True,True,True
5,smaller_anatomy,candidate_80,80,44,26080974,0.0033333333333333344,0.005084979951586032,2.327131899722868,1.5254939854758092,True,True,True,True
5,smaller_anatomy,candidate_80,80,45,26080975,0.0033333333333333344,0.006903129802045869,4.2887880957504425,2.07093894061376,False,True,True,True
5,smaller_anatomy,candidate_80,80,46,26080976,0.0033333333333333344,0.00390185046924938,1.3701993375943435,1.1705551407748136,True,True,True,True
5,smaller_anatomy,candidate_80,80,47,26080977,0.0033333333333333344,0.004448557128243066,1.7810694470917963,1.3345671384729194,True,True,True,True
5,smaller_anatomy,candidate_80,80,48,26080978,0.0033333333333333344,0.004463607563926719,1.793141323626943,1.3390822691780153,True,True,True,True
5,smaller_anatomy,candidate_80,80,49,26080979,0.0033333333333333344,0.003076359802042118,0.8517590668458551,0.922907940612635,True,True,True,True
5,smaller_anatomy,candidate_80,80,50,26080980,0.0033333333333333344,0.005326097430230807,2.553058245268007,1.5978292290692415,False,True,True,True
5,smaller_anatomy,candidate_80,80,51,26080981,0.0033333333333333344,0.0029652476736853604,0.7913424389666793,0.8895743021056078,True,True,True,True
5,smaller_anatomy,candidate_80,80,52,26080982,0.0033333333333333344,0.0073758420736764,4.8962741666233445,2.212752622102919,False,True,True,True
5,smaller_anatomy,candidate_80,80,53,26080983,0.0033333333333333344,0.00715897799809218,4.6125869379451085,2.147693399427653,False,True,True,True
5,smaller_anatomy,candidate_80,80,54,26080984,0.0033333333333333344,0.004628382517444643,1.9279732255008477,1.3885147552333925,True,True,True,True
5,smaller_anatomy,candidate_80,80,55,26080985,0.0033333333333333344,0.0033478892581674585,1.0087526236457744,1.0043667774502372,True,True,True,True
5,smaller_anatomy,candidate_80,80,56,26080986,0.0033333333333333344,0.0019789933189293383,0.35247731007302596,0.5936979956788013,True,True,True,True
5,smaller_anatomy,candidate_80,80,57,26080987,0.0033333333333333344,0.0051386785927587395,2.376541591170923,1.5416035778276214,False,True,True,True
5,smaller_anatomy,candidate_80,80,58,26080988,0.0033333333333333344,0.008428040483654949,6.392867975471403,2.528412145096484,False,False,True,True
5,smaller_anatomy,candidate_80,80,59,26080989,0.0033333333333333344,0.0006920070473990798,0.04309863782849928,0.20760211421972388,True,True,True,True
5,smaller_anatomy,candidate_80,80,60,26080990,0.0033333333333333344,0.007896462145941514,5.61187029800585,2.3689386437824536,False,True,True,True
5,smaller_anatomy,candidate_80,80,61,26080991,0.0033333333333333344,0.004769942535675865,2.04771166142849,1.430982760702759,True,True,True,True
5,smaller_anatomy,candidate_80,80,62,26080992,0.0033333333333333344,0.003524706722180343,1.118120172964496,1.0574120166541026,True,True,True,True
5,smaller_anatomy,candidate_80,80,63,26080993,0.0033333333333333344,0.004433615962018195,1.7691255448796264,1.330084788605458,True,True,True,True
5,smaller_anatomy,candidate_80,80,64,26080994,0.0033333333333333344,0.0010238050874269286,0.09433591713371342,0.3071415262280785,True,True,True,True
5,smaller_anatomy,candidate_80,80,65,26080995,0.0033333333333333344,0.00654729359259641,3.8580348048888586,1.9641880777789225,False,True,True,True
5,smaller_anatomy,candidate_80,80,66,26080996,0.0033333333333333344,0.008008733590524947,5.772583235160231,2.4026200771574833,False,True,True,True
5,smaller_anatomy,candidate_80,80,67,26080997,0.0033333333333333344,0.0033550872108709714,1.0130949173294952,1.0065261632612912,True,True,True,True
5,smaller_anatomy,candidate_80,80,68,26080998,0.0033333333333333344,0.007819740062464175,5.503350118005646,2.3459220187392518,False,True,True,True
5,smaller_anatomy,candidate_80,80,69,26080999,0.0033333333333333344,0.007798756735963931,5.473854596406847,2.3396270207891785,False,True,True,True
5,smaller_anatomy,candidate_80,80,70,26081000,0.0033333333333333344,0.005026897084123599,2.2742724864933295,1.5080691252370793,True,True,True,True
5,smaller_anatomy,candidate_80,80,71,26081001,0.0033333333333333344,0.005049292293574865,2.2945817399359054,1.5147876880724591,True,True,True,True
5,smaller_anatomy,candidate_80,80,72,26081002,0.0033333333333333344,0.0073565968398069895,4.870756535711234,2.206979051942096,False,True,True,True
5,smaller_anatomy,candidate_80,80,73,26081003,0.0033333333333333344,0.005390367417415866,2.6150454805264713,1.6171102252247593,False,True,True,True
5,smaller_anatomy,candidate_80,80,74,26081004,0.0033333333333333344,0.005655587185372291,2.878709977021253,1.696676155611687,False,True,True,True
5,smaller_anatomy,candidate_80,80,75,26081005,0.0033333333333333344,0.006196011442659816,3.455150201781422,1.8588034327979444,False,True,True,True
5,smaller_anatomy,candidate_80,80,76,26081006,0.0033333333333333344,0.004657160902330332,1.9520232903174828,1.397148270699099,True,True,True,True
5,smaller_anatomy,candidate_80,80,77,26081007,0.0033333333333333344,0.005740935039553539,2.9662501615536216,1.7222805118660611,False,True,True,True
5,smaller_anatomy,candidate_80,80,78,26081008,0.0033333333333333344,0.003247089569070683,0.9489231602610864,0.9741268707212045,True,True,True,True
5,smaller_anatomy,candidate_80,80,79,26081009,0.0033333333333333344,0.003747740206701173,1.2641000991232088,1.1243220620103516,True,True,True,True
5,smaller_anatomy,candidate_80,80,80,26081010,0.0033333333333333344,0.0027571022296692506,0.6841451434362433,0.8271306689007749,True,True,True,True
5,smaller_anatomy,candidate_80,80,81,26081011,0.0033333333333333344,0.0017000034028516716,0.26010104127365347,0.5100010208555013,True,True,True,True
5,smaller_anatomy,candidate_80,80,82,26081012,0.0033333333333333344,0.006914735882418466,4.303221509124491,2.0744207647255393,False,True,True,True
5,smaller_anatomy,candidate_80,80,83,26081013,0.0033333333333333344,0.0046709815557778814,1.963626182497543,1.401294466733364,True,True,True,True
5,smaller_anatomy,candidate_80,80,84,26081014,0.0033333333333333344,0.0026566836891576207,0.6352171401812526,0.797005106747286,True,True,True,True
5,smaller_anatomy,candidate_80,80,85,26081015,0.0033333333333333344,0.004762979632212449,2.0417377479183556,1.4288938896637342,True,True,True,True
5,smaller_anatomy,candidate_80,80,86,26081016,0.0033333333333333344,0.0042415761210978535,1.6191871191960752,1.2724728363293556,True,True,True,True
5,smaller_anatomy,candidate_80,80,87,26081017,0.0033333333333333344,0.004908747257909887,2.1686219677834035,1.4726241773729656,True,True,True,True
5,smaller_anatomy,candidate_80,80,88,26081018,0.0033333333333333344,0.004445045368116966,1.7782585492156269,1.3335136104350893,True,True,True,True
5,smaller_anatomy,candidate_80,80,89,26081019,0.0033333333333333344,0.00718174744578521,4.641974673753811,2.1545242337355623,False,True,True,True
5,smaller_anatomy,candidate_80,80,90,26081020,0.0033333333333333344,0.0019762132484002636,0.35148769228374477,0.5928639745200789,True,True,True,True
5,smaller_anatomy,candidate_80,80,91,26081021,0.0033333333333333344,0.007420179789367815,4.95531612958883,2.226053936810344,False,True,True,True
5,smaller_anatomy,candidate_80,80,92,26081022,0.0033333333333333344,0.002849671642874713,0.7308565624983835,0.8549014928624136,True,True,True,True
5,smaller_anatomy,candidate_80,80,93,26081023,0.0033333333333333344,0.005058325186032018,2.3027988318881247,1.5174975558096049,True,True,True,True
5,smaller_anatomy,candidate_80,80,94,26081024,0.0033333333333333344,0.004905865404393014,2.166076382941819,1.4717596213179036,True,True,True,True
5,smaller_anatomy,candidate_80,80,95,26081025,0.0033333333333333344,0.002902227217897448,0.758063054187428,0.8706681653692342,True,True,True,True
5,smaller_anatomy,candidate_80,80,96,26081026,0.0033333333333333344,0.006135678806501105,3.388189897489212,1.8407036419503309,False,True,True,True
5,smaller_anatomy,candidate_80,80,97,26081027,0.0033333333333333344,0.007542489749160176,5.120023645456767,2.2627469247480523,False,True,True,True
5,smaller_anatomy,candidate_80,80,98,26081028,0.0033333333333333344,0.0066689242535126455,4.002709562918025,2.000677276053793,False,True,True,True
5,smaller_anatomy,candidate_80,80,99,26081029,0.0033333333333333344,0.005591514246124625,2.813852840815315,1.6774542738373868,False,True,True,True
5,smaller_anatomy,candidate_107,107,0,26350930,0.0033333333333333335,0.004463160270853986,1.7927819642996479,1.3389480812561956,True,True,True,True
5,smaller_anatomy,candidate_107,107,1,26350931,0.0033333333333333335,0.004948711584314057,2.2040771710251725,1.484613475294217,True,True,True,True
5,smaller_anatomy,candidate_107,107,2,26350932,0.0033333333333333335,0.008270911569732422,6.156718037490025,2.481273470919726,False,True,True,True
5,smaller_anatomy,candidate_107,107,3,26350933,0.0033333333333333335,0.004937335293216611,2.193955181787812,1.4812005879649832,True,True,True,True
5,smaller_anatomy,candidate_107,107,4,26350934,0.0033333333333333335,0.005113479822917355,2.3532908309444607,1.5340439468752063,True,True,True,True
5,smaller_anatomy,candidate_107,107,5,26350935,0.0033333333333333335,0.004083730544253131,1.5009169642259372,1.2251191632759393,True,True,True,True
5,smaller_anatomy,candidate_107,107,6,26350936,0.0033333333333333335,0.004735967427145714,2.018644872388667,1.4207902281437141,True,True,True,True
5,smaller_anatomy,candidate_107,107,7,26350937,0.0033333333333333335,0.00447294937094606,1.8006548467542072,1.3418848112838178,True,True,True,True
5,smaller_anatomy,candidate_107,107,8,26350938,0.0033333333333333335,0.005074393199036263,2.3174519704582925,1.522317959710879,True,True,True,True
5,smaller_anatomy,candidate_107,107,9,26350939,0.0033333333333333335,0.009096352224468337,7.446926141243104,2.7289056673405008,False,False,True,True
5,smaller_anatomy,candidate_107,107,10,26350940,0.0033333333333333335,0.005049845986031263,2.2950850034372445,1.5149537958093786,True,True,True,True
5,smaller_anatomy,candidate_107,107,11,26350941,0.0033333333333333335,0.0043287854229131055,1.6864544913862491,1.2986356268739316,True,True,True,True
5,smaller_anatomy,candidate_107,107,12,26350942,0.0033333333333333335,0.006538803604654505,3.8480357322218457,1.9616410813963512,False,True,True,True
5,smaller_anatomy,candidate_107,107,13,26350943,0.0033333333333333335,0.0067278984910642,4.073815629545754,2.01836954731926,False,True,True,True
5,smaller_anatomy,candidate_107,107,14,26350944,0.0033333333333333335,0.0077011312426581565,5.3376680174981,2.3103393727974466,False,True,True,True
5,smaller_anatomy,candidate_107,107,15,26350945,0.0033333333333333335,0.0023663806644023165,0.5039781703971433,0.7099141993206949,True,True,True,True
5,smaller_anatomy,candidate_107,107,16,26350946,0.0033333333333333335,0.0031017533940752005,0.8658786705891321,0.9305260182225601,True,True,True,True
5,smaller_anatomy,candidate_107,107,17,26350947,0.0033333333333333335,0.00498887985614902,2.240002999718051,1.4966639568447058,True,True,True,True
5,smaller_anatomy,candidate_107,107,18,26350948,0.0033333333333333335,0.007892159230445077,5.6057559586829475,2.367647769133523,False,True,True,True
5,smaller_anatomy,candidate_107,107,19,26350949,0.0033333333333333335,0.007778188392007709,5.4450193195407115,2.3334565176023125,False,True,True,True
5,smaller_anatomy,candidate_107,107,20,26350950,0.0033333333333333335,0.00534342341951997,2.5696956456247033,1.6030270258559909,False,True,True,True
5,smaller_anatomy,candidate_107,107,21,26350951,0.0033333333333333335,0.0031765414305944314,0.9081373914254622,0.9529624291783294,True,True,True,True
5,smaller_anatomy,candidate_107,107,22,26350952,0.0033333333333333335,0.006965412672259593,4.366527632538706,2.089623801677878,False,True,True,True
5,smaller_anatomy,candidate_107,107,23,26350953,0.0033333333333333335,0.0063115567569786155,3.5852173826906166,1.8934670270935845,False,True,True,True
5,smaller_anatomy,candidate_107,107,24,26350954,0.0033333333333333335,0.007694737290787106,5.328808377680672,2.3084211872361315,False,True,True,True
5,smaller_anatomy,candidate_107,107,25,26350955,0.0033333333333333335,0.007549309766982988,5.129287016207825,2.264792930094896,False,True,True,True
5,smaller_anatomy,candidate_107,107,26,26350956,0.0033333333333333335,0.002517869745322501,0.5705701248969355,0.7553609235967502,True,True,True,True
5,smaller_anatomy,candidate_107,107,27,26350957,0.0033333333333333335,0.009983200051361184,8.969785493894813,2.994960015408355,False,False,False,True
5,smaller_anatomy,candidate_107,107,28,26350958,0.0033333333333333335,0.007492225769406263,5.052010228177973,2.2476677308218784,False,True,True,True
5,smaller_anatomy,candidate_107,107,29,26350959,0.0033333333333333335,0.005753059856541358,2.97879279416529,1.7259179569624075,False,True,True,True
5,smaller_anatomy,candidate_107,107,30,26350960,0.0033333333333333335,0.000492319204107486,0.021814037885972557,0.1476957612322458,True,True,True,True
5,smaller_anatomy,candidate_107,107,31,26350961,0.0033333333333333335,0.0047505612726952496,2.0311049165068713,1.4251683818085747,True,True,True,True
5,smaller_anatomy,candidate_107,107,32,26350962,0.0033333333333333335,0.010601696327379027,10.115636851616573,3.180508898213708,False,False,False,True
5,smaller_anatomy,candidate_107,107,33,26350963,0.0033333333333333335,0.0045323131052305765,1.8487675875460343,1.359693931569173,True,True,True,True
5,smaller_anatomy,candidate_107,107,34,26350964,0.0033333333333333335,0.0044585258898305,1.7890607799259963,1.3375577669491499,True,True,True,True
5,smaller_anatomy,candidate_107,107,35,26350965,0.0033333333333333335,0.006345973096945503,3.6244237092440486,1.903791929083651,False,True,True,True
5,smaller_anatomy,candidate_107,107,36,26350966,0.0033333333333333335,0.006180734738285847,3.4381333714548066,1.8542204214857538,False,True,True,True
5,smaller_anatomy,candidate_107,107,37,26350967,0.0033333333333333335,0.003333854690542352,1.0003128387886113,1.0001564071627056,True,True,True,True
5,smaller_anatomy,candidate_107,107,38,26350968,0.0033333333333333335,0.0035117927490574416,1.109941948109918,1.0535378247172325,True,True,True,True
5,smaller_anatomy,candidate_107,107,39,26350969,0.0033333333333333335,0.004088807742210449,1.5046513877484098,1.2266423226631347,True,True,True,True
5,smaller_anatomy,candidate_107,107,40,26350970,0.0033333333333333335,0.006530081415589433,3.8377766964803834,1.9590244246768298,False,True,True,True
5,smaller_anatomy,candidate_107,107,41,26350971,0.0033333333333333335,0.002697715047197701,0.6549899828289203,0.8093145141593102,True,True,True,True
5,smaller_anatomy,candidate_107,107,42,26350972,0.0033333333333333335,0.0028546894374226204,0.7334326605719047,0.8564068312267861,True,True,True,True
5,smaller_anatomy,candidate_107,107,43,26350973,0.0033333333333333335,0.004675450369375108,1.9673852540840846,1.4026351108125323,True,True,True,True
5,smaller_anatomy,candidate_107,107,44,26350974,0.0033333333333333335,0.0031582559879880963,0.8977122797096397,0.9474767963964288,True,True,True,True
5,smaller_anatomy,candidate_107,107,45,26350975,0.0033333333333333335,0.00675376173666001,4.105196783601555,2.026128520998003,False,True,True,True
5,smaller_anatomy,candidate_107,107,46,26350976,0.0033333333333333335,0.006466509005798848,3.763416484986984,1.9399527017396543,False,True,True,True
5,smaller_anatomy,candidate_107,107,47,26350977,0.0033333333333333335,0.003208639239494161,0.9265829192299501,0.9625917718482483,True,True,True,True
5,smaller_anatomy,candidate_107,107,48,26350978,0.0033333333333333335,0.007802296057608374,5.4788241393514046,2.340688817282512,False,True,True,True
5,smaller_anatomy,candidate_107,107,49,26350979,0.0033333333333333335,0.00681277522415843,4.177251562941624,2.0438325672475286,False,True,True,True
5,smaller_anatomy,candidate_107,107,50,26350980,0.0033333333333333335,0.006719981430597873,4.064233538482221,2.015994429179362,False,True,True,True
5,smaller_anatomy,candidate_107,107,51,26350981,0.0033333333333333335,0.005432521039618669,2.6561056361309543,1.6297563118856004,False,True,True,True
5,smaller_anatomy,candidate_107,107,52,26350982,0.0033333333333333335,0.0054848948714671586,2.707566457594206,1.6454684614401474,False,True,True,True
5,smaller_anatomy,candidate_107,107,53,26350983,0.0033333333333333335,0.006483591401733954,3.78332617181746,1.945077420520186,False,True,True,True
5,smaller_anatomy,candidate_107,107,54,26350984,0.0033333333333333335,0.002856162620833049,0.7341898424979518,0.8568487862499146,True,True,True,True
5,smaller_anatomy,candidate_107,107,55,26350985,0.0033333333333333335,0.0038245957747282387,1.3164779556062183,1.1473787324184714,True,True,True,True
5,smaller_anatomy,candidate_107,107,56,26350986,0.0033333333333333335,0.006203218217920806,3.463192463323012,1.8609654653762417,False,True,True,True
5,smaller_anatomy,candidate_107,107,57,26350987,0.0033333333333333335,0.006258224027625852,3.5248831181958176,1.8774672082877555,False,True,True,True
5,smaller_anatomy,candidate_107,107,58,26350988,0.0033333333333333335,0.004880981433145999,2.1441581775644365,1.4642944299437994,True,True,True,True
5,smaller_anatomy,candidate_107,107,59,26350989,0.0033333333333333335,0.010612382915041975,10.13604040219273,3.1837148745125923,False,False,False,True
5,smaller_anatomy,candidate_107,107,60,26350990,0.0033333333333333335,0.001618164912513755,0.23566119156815826,0.48544947375412645,True,True,True,True
5,smaller_anatomy,candidate_107,107,61,26350991,0.0033333333333333335,0.007210256428086909,4.678901798289171,2.1630769284260727,False,True,True,True
5,smaller_anatomy,candidate_107,107,62,26350992,0.0033333333333333335,0.0022128727582028233,0.44071252595965527,0.663861827460847,True,True,True,True
5,smaller_anatomy,candidate_107,107,63,26350993,0.0033333333333333335,0.0038374863576136837,1.325367139038402,1.151245907284105,True,True,True,True
5,smaller_anatomy,candidate_107,107,64,26350994,0.0033333333333333335,0.0034766937005293406,1.0878659178570358,1.043008110158802,True,True,True,True
5,smaller_anatomy,candidate_107,107,65,26350995,0.0033333333333333335,0.007065775903443823,4.493267020591863,2.1197327710331466,False,True,True,True
5,smaller_anatomy,candidate_107,107,66,26350996,0.0033333333333333335,0.007002821542383923,4.4135558599028695,2.1008464627151766,False,True,True,True
5,smaller_anatomy,candidate_107,107,67,26350997,0.0033333333333333335,0.007002577329915217,4.413248033529826,2.100773198974565,False,True,True,True
5,smaller_anatomy,candidate_107,107,68,26350998,0.0033333333333333335,0.005556099880940173,2.7783221298285063,1.6668299642820519,False,True,True,True
5,smaller_anatomy,candidate_107,107,69,26350999,0.0033333333333333335,0.0051805592731229465,2.415437494410613,1.5541677819368838,False,True,True,True
5,smaller_anatomy,candidate_107,107,70,26351000,0.0033333333333333335,0.00540732214076282,2.631521946058542,1.6221966422288459,False,True,True,True
5,smaller_anatomy,candidate_107,107,71,26351001,0.0033333333333333335,0.003983098060238231,1.42785631417262,1.1949294180714694,True,True,True,True
5,smaller_anatomy,candidate_107,107,72,26351002,0.0033333333333333335,0.0057074579342139276,2.931756846373936,1.7122373802641782,False,True,True,True
5,smaller_anatomy,candidate_107,107,73,26351003,0.0033333333333333335,0.0060194799207849555,3.261072466505992,1.8058439762354865,False,True,True,True
5,smaller_anatomy,candidate_107,107,74,26351004,0.0033333333333333335,0.007173388811557509,4.631175633760059,2.1520166434672525,False,True,True,True
5,smaller_anatomy,candidate_107,107,75,26351005,0.0033333333333333335,0.007167360326888782,4.623394864991333,2.1502080980666345,False,True,True,True
5,smaller_anatomy,candidate_107,107,76,26351006,0.0033333333333333335,0.008280351584065822,6.1707800120167215,2.4841054752197462,False,True,True,True
5,smaller_anatomy,candidate_107,107,77,26351007,0.0033333333333333335,0.0094683551351505,8.068477406879774,2.8405065405451495,False,False,False,True
5,smaller_anatomy,candidate_107,107,78,26351008,0.0033333333333333335,0.007281242763743326,4.7714846566108085,2.1843728291229976,False,True,True,True
5,smaller_anatomy,candidate_107,107,79,26351009,0.0033333333333333335,0.0031321325582098765,0.8829228925978508,0.9396397674629628,True,True,True,True
5,smaller_anatomy,candidate_107,107,80,26351010,0.0033333333333333335,0.0073592331408448225,4.874248117917786,2.2077699422534467,False,True,True,True
5,smaller_anatomy,candidate_107,107,81,26351011,0.0033333333333333335,0.002818736467721282,0.7150747747015663,0.8456209403163846,True,True,True,True
5,smaller_anatomy,candidate_107,107,82,26351012,0.0033333333333333335,0.004231180555894961,1.611260000692523,1.2693541667684882,True,True,True,True
5,smaller_anatomy,candidate_107,107,83,26351013,0.0033333333333333335,0.005056297294208916,2.300952809468196,1.5168891882626747,True,True,True,True
5,smaller_anatomy,candidate_107,107,84,26351014,0.0033333333333333335,0.002146282843206471,0.41458770387382066,0.6438848529619413,True,True,True,True
5,smaller_anatomy,candidate_107,107,85,26351015,0.0033333333333333335,0.006287800013077047,3.558278610400653,1.886340003923114,False,True,True,True
5,smaller_anatomy,candidate_107,107,86,26351016,0.0033333333333333335,0.005813912430429241,3.042141997382967,1.7441737291287722,False,True,True,True
5,smaller_anatomy,candidate_107,107,87,26351017,0.0033333333333333335,0.005036932671809274,2.2833621666305737,1.5110798015427822,True,True,True,True
5,smaller_anatomy,candidate_107,107,88,26351018,0.0033333333333333335,0.002933838281448656,0.7746666355524241,0.8801514844345967,True,True,True,True
5,smaller_anatomy,candidate_107,107,89,26351019,0.0033333333333333335,0.0034819465062929486,1.0911556325417102,1.0445839518878846,True,True,True,True
5,smaller_anatomy,candidate_107,107,90,26351020,0.0033333333333333335,0.008387542242917215,6.331577838904867,2.5162626728751643,False,False,True,True
5,smaller_anatomy,candidate_107,107,91,26351021,0.0033333333333333335,0.004873328938419044,2.1374401447829237,1.4619986815257133,True,True,True,True
5,smaller_anatomy,candidate_107,107,92,26351022,0.0033333333333333335,0.0024426701793600885,0.5369973844621542,0.7328010538080265,True,True,True,True
5,smaller_anatomy,candidate_107,107,93,26351023,0.0033333333333333335,0.00835563770444716,6.283501330318109,2.506691311334148,False,False,True,True
5,smaller_anatomy,candidate_107,107,94,26351024,0.0033333333333333335,0.0067369983715252464,4.084843235214043,2.0210995114575736,False,True,True,True
5,smaller_anatomy,candidate_107,107,95,26351025,0.0033333333333333335,0.006231735007179051,3.4951069079730797,1.8695205021537151,False,True,True,True
5,smaller_anatomy,candidate_107,107,96,26351026,0.0033333333333333335,0.010474944352279242,9.875201326501209,3.1424833056837724,False,False,False,True
5,smaller_anatomy,candidate_107,107,97,26351027,0.0033333333333333335,0.007821267102421599,5.50549971786801,2.3463801307264793,False,True,True,True
5,smaller_anatomy,candidate_107,107,98,26351028,0.0033333333333333335,0.004551311181859581,1.8642990126708046,1.3653933545578743,True,True,True,True
5,smaller_anatomy,candidate_107,107,99,26351029,0.0033333333333333335,0.006813174259330577,4.177740913920427,2.043952277799173,False,True,True,True
6,larger_safety_margin,initial,-1,0,26270930,0.002,0.0040592170310098374,4.11931072621008,2.029608515504919,False,True,True,True
6,larger_safety_margin,initial,-1,1,26270931,0.002,0.0032461028037353823,2.634295853104678,1.6230514018676911,False,True,True,True
6,larger_safety_margin,initial,-1,2,26270932,0.002,0.002804798690032901,1.9667239229025695,1.4023993450164505,True,True,True,True
6,larger_safety_margin,initial,-1,3,26270933,0.002,0.0030251445598433483,2.287874901987452,1.512572279921674,True,True,True,True
6,larger_safety_margin,initial,-1,4,26270934,0.002,0.004491085943948336,5.042463238982579,2.2455429719741677,False,True,True,True
6,larger_safety_margin,initial,-1,5,26270935,0.002,0.003761075023211234,3.5364213325558467,1.880537511605617,False,True,True,True
6,larger_safety_margin,initial,-1,6,26270936,0.002,0.0017796980631441155,0.791831298989729,0.8898490315720577,True,True,True,True
6,larger_safety_margin,initial,-1,7,26270937,0.002,0.004346008432891679,4.721947324691397,2.1730042164458396,False,True,True,True
6,larger_safety_margin,initial,-1,8,26270938,0.002,0.0009673245596895225,0.23392920094463213,0.48366227984476123,True,True,True,True
6,larger_safety_margin,initial,-1,9,26270939,0.002,0.0014462515841477074,0.5229109111624383,0.7231257920738536,True,True,True,True
6,larger_safety_margin,initial,-1,10,26270940,0.002,0.002850901974775276,2.031910517444392,1.425450987387638,True,True,True,True
6,larger_safety_margin,initial,-1,11,26270941,0.002,0.0006423335639589744,0.10314810184705946,0.32116678197948717,True,True,True,True
6,larger_safety_margin,initial,-1,12,26270942,0.002,0.0010104661431178336,0.25526045659685753,0.5052330715589167,True,True,True,True
6,larger_safety_margin,initial,-1,13,26270943,0.002,0.001561334523558803,0.6094413736141486,0.7806672617794015,True,True,True,True
6,larger_safety_margin,initial,-1,14,26270944,0.002,0.0039758698873626685,3.9518853403093095,1.9879349436813343,False,True,True,True
6,larger_safety_margin,initial,-1,15,26270945,0.002,0.005258342398101059,6.912541193916799,2.6291711990505293,False,False,True,True
6,larger_safety_margin,initial,-1,16,26270946,0.002,0.0048932815538693985,5.986051091359629,2.446640776934699,False,True,True,True
6,larger_safety_margin,initial,-1,17,26270947,0.002,0.0038042541000316006,3.618087314401811,1.9021270500158003,False,True,True,True
6,larger_safety_margin,initial,-1,18,26270948,0.002,0.0025955319515277575,1.6841965278503723,1.2977659757638786,True,True,True,True
6,larger_safety_margin,initial,-1,19,26270949,0.002,0.003364828755197712,2.830518137951346,1.6824143775988558,False,True,True,True
6,larger_safety_margin,initial,-1,20,26270950,0.002,0.0023385009530093818,1.3671466768064466,1.169250476504691,True,True,True,True
6,larger_safety_margin,initial,-1,21,26270951,0.002,0.002303250501871164,1.3262407185924425,1.151625250935582,True,True,True,True
6,larger_safety_margin,initial,-1,22,26270952,0.002,0.0014906086993803,0.5554785736670574,0.74530434969015,True,True,True,True
6,larger_safety_margin,initial,-1,23,26270953,0.002,0.005677419337809013,8.058272584331933,2.8387096689045066,False,False,False,True
6,larger_safety_margin,initial,-1,24,26270954,0.002,0.0029180937479871987,2.128817780510494,1.4590468739935993,True,True,True,True
6,larger_safety_margin,initial,-1,25,26270955,0.002,0.001481216652695136,0.5485006930553459,0.740608326347568,True,True,True,True
6,larger_safety_margin,initial,-1,26,26270956,0.002,0.003697241836695393,3.417399299752681,1.8486209183476965,False,True,True,True
6,larger_safety_margin,initial,-1,27,26270957,0.002,0.002231498634740233,1.2448965392118814,1.1157493173701165,True,True,True,True
6,larger_safety_margin,initial,-1,28,26270958,0.002,0.002825334989304654,1.9956294504472825,1.412667494652327,True,True,True,True
6,larger_safety_margin,initial,-1,29,26270959,0.002,0.0014921622471078643,0.5566370429234978,0.7460811235539322,True,True,True,True
6,larger_safety_margin,initial,-1,30,26270960,0.002,0.0030235145035749085,2.2854099883319567,1.5117572517874542,True,True,True,True
6,larger_safety_margin,initial,-1,31,26270961,0.002,0.002128506298534424,1.1326347657251783,1.0642531492672118,True,True,True,True
6,larger_safety_margin,initial,-1,32,26270962,0.002,0.002114607802176601,1.1178915392565387,1.0573039010883005,True,True,True,True
6,larger_safety_margin,initial,-1,33,26270963,0.002,0.0016618297976161668,0.6904195690612476,0.8309148988080833,True,True,True,True
6,larger_safety_margin,initial,-1,34,26270964,0.002,0.004449912035637071,4.950429281226915,2.2249560178185352,False,True,True,True
6,larger_safety_margin,initial,-1,35,26270965,0.002,0.0024932655815339834,1.5540933150154983,1.2466327907669916,True,True,True,True
6,larger_safety_margin,initial,-1,36,26270966,0.002,0.0010044063079339312,0.25220800785436776,0.5022031539669656,True,True,True,True
6,larger_safety_margin,initial,-1,37,26270967,0.002,0.0025447114148454057,1.6188890462111267,1.2723557074227028,True,True,True,True
6,larger_safety_margin,initial,-1,38,26270968,0.002,0.0029743334796251356,2.211664912004742,1.4871667398125679,True,True,True,True
6,larger_safety_margin,initial,-1,39,26270969,0.002,0.0021218774261221682,1.1255909528717094,1.0609387130610841,True,True,True,True
6,larger_safety_margin,initial,-1,40,26270970,0.002,0.0044571579775843995,4.966564309286063,2.2285789887922,False,True,True,True
6,larger_safety_margin,initial,-1,41,26270971,0.002,0.002622324217046858,1.7191460748276042,1.311162108523429,True,True,True,True
6,larger_safety_margin,initial,-1,42,26270972,0.002,0.0018249080200036,0.8325723203683649,0.9124540100017999,True,True,True,True
6,larger_safety_margin,initial,-1,43,26270973,0.002,0.0025810800046355583,1.6654934975823736,1.290540002317779,True,True,True,True
6,larger_safety_margin,initial,-1,44,26270974,0.002,0.0017711081766055878,0.7842060433097925,0.8855540883027939,True,True,True,True
6,larger_safety_margin,initial,-1,45,26270975,0.002,0.002954001011927412,2.1815304946170437,1.4770005059637061,True,True,True,True
6,larger_safety_margin,initial,-1,46,26270976,0.002,0.0026201223322409426,1.7162602589769291,1.3100611661204713,True,True,True,True
6,larger_safety_margin,initial,-1,47,26270977,0.002,0.00502093852329555,6.302455913678325,2.510469261647775,False,False,True,True
6,larger_safety_margin,initial,-1,48,26270978,0.002,0.004009021842663731,4.018064033738725,2.0045109213318657,False,True,True,True
6,larger_safety_margin,initial,-1,49,26270979,0.002,0.0025108388320900475,1.5760779101828284,1.2554194160450238,True,True,True,True
6,larger_safety_margin,initial,-1,50,26270980,0.002,0.007054941897538246,12.44305129441014,3.527470948769123,False,False,False,False
6,larger_safety_margin,initial,-1,51,26270981,0.002,0.002966697133788939,2.2003229709078767,1.4833485668944695,True,True,True,True
6,larger_safety_margin,initial,-1,52,26270982,0.002,0.0011714103539078695,0.34305055431064,0.5857051769539348,True,True,True,True
6,larger_safety_margin,initial,-1,53,26270983,0.002,0.002673102850351758,1.7863697121396733,1.336551425175879,True,True,True,True
6,larger_safety_margin,initial,-1,54,26270984,0.002,0.0042308975526532955,4.475123525261911,2.1154487763266476,False,True,True,True
6,larger_safety_margin,initial,-1,55,26270985,0.002,0.004362186230870084,4.757167178198137,2.181093115435042,False,True,True,True
6,larger_safety_margin,initial,-1,56,26270986,0.002,0.003426655916180983,2.935492691974533,1.7133279580904914,False,True,True,True
6,larger_safety_margin,initial,-1,57,26270987,0.002,0.0038621327764342926,3.7290173957020145,1.9310663882171464,False,True,True,True
6,larger_safety_margin,initial,-1,58,26270988,0.002,0.001968526375306894,0.9687740225697247,0.984263187653447,True,True,True,True
6,larger_safety_margin,initial,-1,59,26270989,0.002,0.003027473684972619,2.2913992283004223,1.5137368424863096,True,True,True,True
6,larger_safety_margin,initial,-1,60,26270990,0.002,0.0040718231199468905,4.144935880033508,2.0359115599734454,False,True,True,True
6,larger_safety_margin,initial,-1,61,26270991,0.002,0.0008004214263884241,0.16016861495541987,0.40021071319421203,True,True,True,True
6,larger_safety_margin,initial,-1,62,26270992,0.002,0.004493928114997744,5.048847475691795,2.246964057498872,False,True,True,True
6,larger_safety_margin,initial,-1,63,26270993,0.002,0.002925619147854241,2.1398118495728435,1.4628095739271205,True,True,True,True
6,larger_safety_margin,initial,-1,64,26270994,0.002,0.003588973322446664,3.2201823773084617,1.794486661223332,False,True,True,True
6,larger_safety_margin,initial,-1,65,26270995,0.002,0.0029786653980331747,2.218111888360033,1.4893326990165874,True,True,True,True
6,larger_safety_margin,initial,-1,66,26270996,0.002,0.00299989286254504,2.2498392966871688,1.49994643127252,True,True,True,True
6,larger_safety_margin,initial,-1,67,26270997,0.002,0.0007380487370957814,0.13617898458216948,0.36902436854789067,True,True,True,True
6,larger_safety_margin,initial,-1,68,26270998,0.002,0.0013786359871343227,0.47515929625545705,0.6893179935671613,True,True,True,True
6,larger_safety_margin,initial,-1,69,26270999,0.002,0.001151727327635256,0.33161895930546204,0.575863663817628,True,True,True,True
6,larger_safety_margin,initial,-1,70,26271000,0.002,0.0036459441630348377,3.3232272099919506,1.8229720815174189,False,True,True,True
6,larger_safety_margin,initial,-1,71,26271001,0.002,0.0011456635462614646,0.3281362403080988,0.5728317731307323,True,True,True,True
6,larger_safety_margin,initial,-1,72,26271002,0.002,0.005335720249614551,7.117477645536692,2.6678601248072753,False,False,True,True
6,larger_safety_margin,initial,-1,73,26271003,0.002,0.004131605456690498,4.267540912438674,2.0658027283452487,False,True,True,True
6,larger_safety_margin,initial,-1,74,26271004,0.002,0.0032284251084678177,2.6056821702463604,1.6142125542339087,False,True,True,True
6,larger_safety_margin,initial,-1,75,26271005,0.002,0.002178513516767951,1.1864802856851662,1.0892567583839754,True,True,True,True
6,larger_safety_margin,initial,-1,76,26271006,0.002,0.0037434171041133427,3.5032929038420817,1.8717085520566714,False,True,True,True
6,larger_safety_margin,initial,-1,77,26271007,0.002,0.0055530360078656,7.709052226162979,2.7765180039327997,False,False,True,True
6,larger_safety_margin,initial,-1,78,26271008,0.002,0.0013492924137927928,0.4551475044796953,0.6746462068963963,True,True,True,True
6,larger_safety_margin,initial,-1,79,26271009,0.002,0.003761066026161387,3.5364044132863515,1.8805330130806934,False,True,True,True
6,larger_safety_margin,initial,-1,80,26271010,0.002,0.0035868077223269595,3.216297409236078,1.7934038611634797,False,True,True,True
6,larger_safety_margin,initial,-1,81,26271011,0.002,0.0026842625014240344,1.8013162941378038,1.342131250712017,True,True,True,True
6,larger_safety_margin,initial,-1,82,26271012,0.002,0.001400232156428518,0.49016252297411445,0.700116078214259,True,True,True,True
6,larger_safety_margin,initial,-1,83,26271013,0.002,0.001563668313668357,0.6112646487926109,0.7818341568341785,True,True,True,True
6,larger_safety_margin,initial,-1,84,26271014,0.002,0.0040704097352763325,4.142058853258086,2.0352048676381664,False,True,True,True
6,larger_safety_margin,initial,-1,85,26271015,0.002,0.002621087468100067,1.7175248788578052,1.3105437340500337,True,True,True,True
6,larger_safety_margin,initial,-1,86,26271016,0.002,0.0020455332549847815,1.046051574312159,1.0227666274923908,True,True,True,True
6,larger_safety_margin,initial,-1,87,26271017,0.002,0.0028705051823318378,2.059950000448484,1.4352525911659189,True,True,True,True
6,larger_safety_margin,initial,-1,88,26271018,0.002,0.004160002183770009,4.326404542242811,2.0800010918850047,False,True,True,True
6,larger_safety_margin,initial,-1,89,26271019,0.002,0.004376858957360065,4.78922358315576,2.1884294786800327,False,True,True,True
6,larger_safety_margin,initial,-1,90,26271020,0.002,0.0018334945777668508,0.8404255916751108,0.9167472888834254,True,True,True,True
6,larger_safety_margin,initial,-1,91,26271021,0.002,0.002571768419368829,1.6534982007157113,1.2858842096844145,True,True,True,True
6,larger_safety_margin,initial,-1,92,26271022,0.002,0.0026799113801525137,1.7954812513677378,1.3399556900762568,True,True,True,True
6,larger_safety_margin,initial,-1,93,26271023,0.002,0.003986763351573488,3.973570505362368,1.993381675786744,False,True,True,True
6,larger_safety_margin,initial,-1,94,26271024,0.002,0.0051464256260116,6.621424181017223,2.5732128130058,False,False,True,True
6,larger_safety_margin,initial,-1,95,26271025,0.002,0.003834490538149882,3.6758294217902434,1.917245269074941,False,True,True,True
6,larger_safety_margin,initial,-1,96,26271026,0.002,0.003579378971419734,3.2029884552604484,1.7896894857098669,False,True,True,True
6,larger_safety_margin,initial,-1,97,26271027,0.002,0.002812720450916953,1.9778490837516172,1.4063602254584764,True,True,True,True
6,larger_safety_margin,initial,-1,98,26271028,0.002,0.002283707469204258,1.3038299512248295,1.1418537346021291,True,True,True,True
6,larger_safety_margin,initial,-1,99,26271029,0.002,0.002574085774828567,1.6564793940436962,1.2870428874142834,True,True,True,True
6,larger_safety_margin,candidate_0,0,0,26280930,0.002,0.0009167100671302063,0.21008933679446684,0.45835503356510315,True,True,True,True
6,larger_safety_margin,candidate_0,0,1,26280931,0.002,0.0013477454626245645,0.4541044580062754,0.6738727313122822,True,True,True,True
6,larger_safety_margin,candidate_0,0,2,26280932,0.002,0.004660040478354472,5.428994314975545,2.330020239177236,False,True,True,True
6,larger_safety_margin,candidate_0,0,3,26280933,0.002,0.005114734141947054,6.540126335699717,2.557367070973527,False,False,True,True
6,larger_safety_margin,candidate_0,0,4,26280934,0.002,0.0028876568698820715,2.084640549544281,1.4438284349410357,True,True,True,True
6,larger_safety_margin,candidate_0,0,5,26280935,0.002,0.0024646557770696934,1.5186320248607534,1.2323278885348468,True,True,True,True
6,larger_safety_margin,candidate_0,0,6,26280936,0.002,0.0028514039445718263,2.032626113779943,1.4257019722859132,True,True,True,True
6,larger_safety_margin,candidate_0,0,7,26280937,0.002,0.004300002334251618,4.622505018642342,2.1500011671258092,False,True,True,True
6,larger_safety_margin,candidate_0,0,8,26280938,0.002,0.001945523075002423,0.9462650088417209,0.9727615375012114,True,True,True,True
6,larger_safety_margin,candidate_0,0,9,26280939,0.002,0.001811557568670767,0.8204352061520852,0.9057787843353835,True,True,True,True
6,larger_safety_margin,candidate_0,0,10,26280940,0.002,0.004069052117898714,4.139296284544003,2.034526058949357,False,True,True,True
6,larger_safety_margin,candidate_0,0,11,26280941,0.002,0.003655313538892019,3.340329266901824,1.8276567694460095,False,True,True,True
6,larger_safety_margin,candidate_0,0,12,26280942,0.002,0.002687051454280309,1.8050613794874808,1.3435257271401544,True,True,True,True
6,larger_safety_margin,candidate_0,0,13,26280943,0.002,0.003005324623413499,2.257994023023872,1.5026623117067495,True,True,True,True
6,larger_safety_margin,candidate_0,0,14,26280944,0.002,0.003421471462990504,2.9266167430145953,1.710735731495252,False,True,True,True
6,larger_safety_margin,candidate_0,0,15,26280945,0.002,0.0035613112635977436,3.1707344790570398,1.7806556317988718,False,True,True,True
6,larger_safety_margin,candidate_0,0,16,26280946,0.002,0.005486826082740007,7.5263151155590124,2.7434130413700033,False,False,True,True
6,larger_safety_margin,candidate_0,0,17,26280947,0.002,0.0013168414494177142,0.43351785072613663,0.658420724708857,True,True,True,True
6,larger_safety_margin,candidate_0,0,18,26280948,0.002,0.002866565705525042,2.054299736023071,1.433282852762521,True,True,True,True
6,larger_safety_margin,candidate_0,0,19,26280949,0.002,0.00040023801485826997,0.04004761713442219,0.200119007429135,True,True,True,True
6,larger_safety_margin,candidate_0,0,20,26280950,0.002,0.004731460896805529,5.596680554499945,2.3657304484027644,False,True,True,True
6,larger_safety_margin,candidate_0,0,21,26280951,0.002,0.0020433909815159705,1.0438616758352002,1.0216954907579852,True,True,True,True
6,larger_safety_margin,candidate_0,0,22,26280952,0.002,0.0020363177141207362,1.0366474582104752,1.0181588570603681,True,True,True,True
6,larger_safety_margin,candidate_0,0,23,26280953,0.002,0.0006887813043507719,0.11860492130578766,0.34439065217538595,True,True,True,True
6,larger_safety_margin,candidate_0,0,24,26280954,0.002,0.0038066520610808043,3.6226499785326842,1.903326030540402,False,True,True,True
6,larger_safety_margin,candidate_0,0,25,26280955,0.002,0.002103495328349191,1.106173149096718,1.0517476641745955,True,True,True,True
6,larger_safety_margin,candidate_0,0,26,26280956,0.002,0.0006444864385254308,0.10384069236079849,0.3222432192627154,True,True,True,True
6,larger_safety_margin,candidate_0,0,27,26280957,0.002,0.002507359123293975,1.571712443291383,1.2536795616469876,True,True,True,True
6,larger_safety_margin,candidate_0,0,28,26280958,0.002,0.002664913262971078,1.7754406747897897,1.332456631485539,True,True,True,True
6,larger_safety_margin,candidate_0,0,29,26280959,0.002,0.0033172603892085103,2.7510541224529494,1.6586301946042552,False,True,True,True
6,larger_safety_margin,candidate_0,0,30,26280960,0.002,0.005405509091971321,7.304882135846155,2.702754545985661,False,False,True,True
6,larger_safety_margin,candidate_0,0,31,26280961,0.002,0.0021342693036667105,1.1387763651434966,1.0671346518333553,True,True,True,True
6,larger_safety_margin,candidate_0,0,32,26280962,0.002,0.0022218369108171166,1.234139814567337,1.1109184554085583,True,True,True,True
6,larger_safety_margin,candidate_0,0,33,26280963,0.002,0.0015667889887614054,0.6137069338259968,0.7833944943807026,True,True,True,True
6,larger_safety_margin,candidate_0,0,34,26280964,0.002,0.0027159726208895434,1.844126819355404,1.3579863104447716,True,True,True,True
6,larger_safety_margin,candidate_0,0,35,26280965,0.002,0.002124782738308197,1.1286754212531203,1.0623913691540985,True,True,True,True
6,larger_safety_margin,candidate_0,0,36,26280966,0.002,0.003130558648125846,2.450099362338881,1.5652793240629228,False,True,True,True
6,larger_safety_margin,candidate_0,0,37,26280967,0.002,0.0017651658059221677,0.778952580599214,0.8825829029610839,True,True,True,True
6,larger_safety_margin,candidate_0,0,38,26280968,0.002,0.002673702759240886,1.7871716111930818,1.3368513796204429,True,True,True,True
6,larger_safety_margin,candidate_0,0,39,26280969,0.002,0.0014987942319671381,0.5615960374444909,0.7493971159835691,True,True,True,True
6,larger_safety_margin,candidate_0,0,40,26280970,0.002,0.0027217747459204137,1.8520144418825333,1.360887372960207,True,True,True,True
6,larger_safety_margin,candidate_0,0,41,26280971,0.002,0.0025869622323989616,1.6730933979646547,1.2934811161994808,True,True,True,True
6,larger_safety_margin,candidate_0,0,42,26280972,0.002,0.004400018377608023,4.840040430822086,2.2000091888040116,False,True,True,True
6,larger_safety_margin,candidate_0,0,43,26280973,0.002,0.0037050457446199656,3.431840992431629,1.8525228723099827,False,True,True,True
6,larger_safety_margin,candidate_0,0,44,26280974,0.002,0.0018205693038876366,0.8286181475644784,0.9102846519438182,True,True,True,True
6,larger_safety_margin,candidate_0,0,45,26280975,0.002,0.0024988835800474557,1.5611047866576975,1.2494417900237278,True,True,True,True
6,larger_safety_margin,candidate_0,0,46,26280976,0.002,0.0032228329344479753,2.596663030840637,1.6114164672239877,False,True,True,True
6,larger_safety_margin,candidate_0,0,47,26280977,0.002,0.0015679484445831637,0.6146155812176906,0.7839742222915819,True,True,True,True
6,larger_safety_margin,candidate_0,0,48,26280978,0.002,0.004501312128046867,5.065452718525454,2.2506560640234334,False,True,True,True
6,larger_safety_margin,candidate_0,0,49,26280979,0.002,0.0038272931289497977,3.6620431737265835,1.9136465644748988,False,True,True,True
6,larger_safety_margin,candidate_0,0,50,26280980,0.002,0.003022992901658645,2.2846215208696385,1.5114964508293225,True,True,True,True
6,larger_safety_margin,candidate_0,0,51,26280981,0.002,0.004483658965532682,5.025799429800401,2.241829482766341,False,True,True,True
6,larger_safety_margin,candidate_0,0,52,26280982,0.002,0.003962591318510935,3.925532489384558,1.9812956592554676,False,True,True,True
6,larger_safety_margin,candidate_0,0,53,26280983,0.002,0.0035862384438813547,3.21527654409314,1.7931192219406773,False,True,True,True
6,larger_safety_margin,candidate_0,0,54,26280984,0.002,0.003809647816385602,3.6283541212228965,1.9048239081928011,False,True,True,True
6,larger_safety_margin,candidate_0,0,55,26280985,0.002,0.0035603298941699973,3.168987238830136,1.7801649470849985,False,True,True,True
6,larger_safety_margin,candidate_0,0,56,26280986,0.002,0.006045926037099462,9.1383054115193,3.022963018549731,False,False,False,True
6,larger_safety_margin,candidate_0,0,57,26280987,0.002,0.00564285528916393,7.960453953611337,2.821427644581965,False,False,False,True
6,larger_safety_margin,candidate_0,0,58,26280988,0.002,0.003995621516696336,3.991247826171683,1.9978107583481681,False,True,True,True
6,larger_safety_margin,candidate_0,0,59,26280989,0.002,0.003929185411976333,3.859624500421907,1.9645927059881665,False,True,True,True
6,larger_safety_margin,candidate_0,0,60,26280990,0.002,0.0028680291615764677,2.056397817913254,1.4340145807882339,True,True,True,True
6,larger_safety_margin,candidate_0,0,61,26280991,0.002,0.0017329523269904155,0.750780941905374,0.8664761634952077,True,True,True,True
6,larger_safety_margin,candidate_0,0,62,26280992,0.002,0.004023572749689832,4.04728441801165,2.0117863748449163,False,True,True,True
6,larger_safety_margin,candidate_0,0,63,26280993,0.002,0.002328674178131769,1.3556808569744176,1.1643370890658846,True,True,True,True
6,larger_safety_margin,candidate_0,0,64,26280994,0.002,0.00692152086547301,11.97686277279456,3.460760432736505,False,False,False,False
6,larger_safety_margin,candidate_0,0,65,26280995,0.002,0.0023383372001583576,1.3669552154111066,1.1691686000791788,True,True,True,True
6,larger_safety_margin,candidate_0,0,66,26280996,0.002,0.0063419482927741,10.055077037055081,3.17097414638705,False,False,False,True
6,larger_safety_margin,candidate_0,0,67,26280997,0.002,0.0025767866931646582,1.6599574155176136,1.2883933465823292,True,True,True,True
6,larger_safety_margin,candidate_0,0,68,26280998,0.002,0.004242502557899156,4.4997069884452205,2.121251278949578,False,True,True,True
6,larger_safety_margin,candidate_0,0,69,26280999,0.002,0.004227351360590851,4.4676248814723305,2.1136756802954255,False,True,True,True
6,larger_safety_margin,candidate_0,0,70,26281000,0.002,0.0011235501035073933,0.3155912087728685,0.5617750517536966,True,True,True,True
6,larger_safety_margin,candidate_0,0,71,26281001,0.002,0.0018391206256583204,0.845591168930463,0.9195603128291602,True,True,True,True
6,larger_safety_margin,candidate_0,0,72,26281002,0.002,0.005026875581045655,6.317369526828274,2.513437790522828,False,False,True,True
6,larger_safety_margin,candidate_0,0,73,26281003,0.002,0.0023233608924761342,1.3495014591718748,1.161680446238067,True,True,True,True
6,larger_safety_margin,candidate_0,0,74,26281004,0.002,0.0015273439578720133,0.5831948914120366,0.7636719789360066,True,True,True,True
6,larger_safety_margin,candidate_0,0,75,26281005,0.002,0.003996444344773995,3.992891850219012,1.9982221723869975,False,True,True,True
6,larger_safety_margin,candidate_0,0,76,26281006,0.002,0.001988536932955682,0.9885697834321975,0.994268466477841,True,True,True,True
6,larger_safety_margin,candidate_0,0,77,26281007,0.002,0.004228151236169258,4.469315718979907,2.114075618084629,False,True,True,True
6,larger_safety_margin,candidate_0,0,78,26281008,0.002,0.004978661131662635,6.196766665982068,2.4893305658313176,False,True,True,True
6,larger_safety_margin,candidate_0,0,79,26281009,0.002,0.0038294619801607305,3.666194764374136,1.9147309900803653,False,True,True,True
6,larger_safety_margin,candidate_0,0,80,26281010,0.002,0.0040003048313510745,4.000609685932687,2.000152415675537,False,True,True,True
6,larger_safety_margin,candidate_0,0,81,26281011,0.002,0.004079334986496517,4.160243483013635,2.0396674932482584,False,True,True,True
6,larger_safety_margin,candidate_0,0,82,26281012,0.002,0.004454870776738879,4.961468409360515,2.227435388369439,False,True,True,True
6,larger_safety_margin,candidate_0,0,83,26281013,0.002,0.002959629893704825,2.189852276927809,1.4798149468524124,True,True,True,True
6,larger_safety_margin,candidate_0,0,84,26281014,0.002,0.0024055793860945853,1.4467030457008005,1.2027896930472926,True,True,True,True
6,larger_safety_margin,candidate_0,0,85,26281015,0.002,0.0021244866934068004,1.12836092761564,1.0622433467034003,True,True,True,True
6,larger_safety_margin,candidate_0,0,86,26281016,0.002,0.0016363652875526957,0.6694228385768541,0.8181826437763479,True,True,True,True
6,larger_safety_margin,candidate_0,0,87,26281017,0.002,0.0037114425578888316,3.4437014651270985,1.8557212789444157,False,True,True,True
6,larger_safety_margin,candidate_0,0,88,26281018,0.002,0.003600387511641933,3.240697558496797,1.8001937558209664,False,True,True,True
6,larger_safety_margin,candidate_0,0,89,26281019,0.002,0.003934580961427599,3.8702318355071323,1.9672904807137994,False,True,True,True
6,larger_safety_margin,candidate_0,0,90,26281020,0.002,0.003148878808718087,2.47885943799846,1.5744394043590435,False,True,True,True
6,larger_safety_margin,candidate_0,0,91,26281021,0.002,0.0029131683558481273,2.1216374673787204,1.4565841779240636,True,True,True,True
6,larger_safety_margin,candidate_0,0,92,26281022,0.002,0.0056851936680604245,8.080356760838587,2.8425968340302123,False,False,False,True
6,larger_safety_margin,candidate_0,0,93,26281023,0.002,0.0019955823613858163,0.9955872402685477,0.9977911806929082,True,True,True,True
6,larger_safety_margin,candidate_0,0,94,26281024,0.002,0.002265777981587109,1.2834374654612384,1.1328889907935544,True,True,True,True
6,larger_safety_margin,candidate_0,0,95,26281025,0.002,0.003934514238957844,3.870100574140506,1.967257119478922,False,True,True,True
6,larger_safety_margin,candidate_0,0,96,26281026,0.002,0.0046374501281017,5.3764859226576185,2.3187250640508497,False,True,True,True
6,larger_safety_margin,candidate_0,0,97,26281027,0.002,0.001663429483505559,0.6917494116488928,0.8317147417527795,True,True,True,True
6,larger_safety_margin,candidate_0,0,98,26281028,0.002,0.002699550677832321,1.821893465546236,1.3497753389161604,True,True,True,True
6,larger_safety_margin,candidate_0,0,99,26281029,0.002,0.0029336112942773018,2.1515188064778368,1.4668056471386508,True,True,True,True
6,larger_safety_margin,candidate_26,26,0,26540930,0.002,0.002447577152062634,1.4976584788247587,1.223788576031317,True,True,True,True
6,larger_safety_margin,candidate_26,26,1,26540931,0.002,0.0036385781102682316,3.309812666130784,1.8192890551341157,False,True,True,True
6,larger_safety_margin,candidate_26,26,2,26540932,0.002,0.0032518774725619594,2.6436767741389895,1.6259387362809796,False,True,True,True
6,larger_safety_margin,candidate_26,26,3,26540933,0.002,0.005761071278314378,8.297485568454716,2.880535639157189,False,False,False,True
6,larger_safety_margin,candidate_26,26,4,26540934,0.002,0.001485508421368256,0.551683817489002,0.742754210684128,True,True,True,True
6,larger_safety_margin,candidate_26,26,5,26540935,0.002,0.002069651418668092,1.0708642486987114,1.034825709334046,True,True,True,True
6,larger_safety_margin,candidate_26,26,6,26540936,0.002,0.001283205224755083,0.4116539122096858,0.6416026123775415,True,True,True,True
6,larger_safety_margin,candidate_26,26,7,26540937,0.002,0.0037046520942665795,3.4311117848884387,1.8523260471332896,False,True,True,True
6,larger_safety_margin,candidate_26,26,8,26540938,0.002,0.0009590377209669135,0.22993833755935286,0.4795188604834567,True,True,True,True
6,larger_safety_margin,candidate_26,26,9,26540939,0.002,0.0032236557550541084,2.597989106773369,1.6118278775270543,False,True,True,True
6,larger_safety_margin,candidate_26,26,10,26540940,0.002,0.001077837553416046,0.2904334478884719,0.538918776708023,True,True,True,True
6,larger_safety_margin,candidate_26,26,11,26540941,0.002,0.003913394684069637,3.8286644883261225,1.9566973420348182,False,True,True,True
6,larger_safety_margin,candidate_26,26,12,26540942,0.002,0.003591181896819383,3.224146854010815,1.7955909484096915,False,True,True,True
6,larger_safety_margin,candidate_26,26,13,26540943,0.002,0.0023379998889144398,1.3665608701409833,1.1689999444572199,True,True,True,True
6,larger_safety_margin,candidate_26,26,14,26540944,0.002,0.003782740001686741,3.577280480090252,1.8913700008433705,False,True,True,True
6,larger_safety_margin,candidate_26,26,15,26540945,0.002,0.0030951540552034617,2.3949946563606086,1.5475770276017309,False,True,True,True
6,larger_safety_margin,candidate_26,26,16,26540946,0.002,0.003472870000864086,3.015206510725429,1.736435000432043,False,True,True,True
6,larger_safety_margin,candidate_26,26,17,26540947,0.002,0.0018900353346398633,0.893058391546805,0.9450176673199316,True,True,True,True
6,larger_safety_margin,candidate_26,26,18,26540948,0.002,0.00250451438636701,1.56814807787983,1.252257193183505,True,True,True,True
6,larger_safety_margin,candidate_26,26,19,26540949,0.002,0.004799861026487437,5.759666468398259,2.3999305132437185,False,True,True,True
6,larger_safety_margin,candidate_26,26,20,26540950,0.002,0.0048576430882982715,5.899174093322992,2.4288215441491356,False,True,True,True
6,larger_safety_margin,candidate_26,26,21,26540951,0.002,0.0011386311673168622,0.3241202337963401,0.569315583658431,True,True,True,True
6,larger_safety_margin,candidate_26,26,22,26540952,0.002,0.004007702811425661,4.015420456177287,2.0038514057128305,False,True,True,True
6,larger_safety_margin,candidate_26,26,23,26540953,0.002,0.0015470489898159728,0.5983401442226555,0.7735244949079864,True,True,True,True
6,larger_safety_margin,candidate_26,26,24,26540954,0.002,0.0030584779781807547,2.3385718857541593,1.5292389890903773,True,True,True,True
6,larger_safety_margin,candidate_26,26,25,26540955,0.002,0.005649435959768465,7.9790316658812594,2.824717979884232,False,False,False,True
6,larger_safety_margin,candidate_26,26,26,26540956,0.002,0.0053711679690814015,7.212361338021507,2.685583984540701,False,False,True,True
6,larger_safety_margin,candidate_26,26,27,26540957,0.002,0.006580071070475057,10.824333823125691,3.2900355352375286,False,False,False,True
6,larger_safety_margin,candidate_26,26,28,26540958,0.002,0.005160951150318015,6.658854193992212,2.580475575159008,False,False,True,True
6,larger_safety_margin,candidate_26,26,29,26540959,0.002,0.0028925119046071235,2.0916562795734825,1.4462559523035616,True,True,True,True
6,larger_safety_margin,candidate_26,26,30,26540960,0.002,0.0005140820455144308,0.06607008738007533,0.2570410227572154,True,True,True,True
6,larger_safety_margin,candidate_26,26,31,26540961,0.002,0.004084398209181182,4.170577182790613,2.042199104590591,False,True,True,True
6,larger_safety_margin,candidate_26,26,32,26540962,0.002,0.0031042748991962996,2.409130662445049,1.5521374495981497,False,True,True,True
6,larger_safety_margin,candidate_26,26,33,26540963,0.002,0.00135362332115597,0.45807402389432966,0.676811660577985,True,True,True,True
6,larger_safety_margin,candidate_26,26,34,26540964,0.002,0.003290444832470785,2.7067567988834234,1.6452224162353926,False,True,True,True
6,larger_safety_margin,candidate_26,26,35,26540965,0.002,0.0023933111450844934,1.4319845592964122,1.1966555725422467,True,True,True,True
6,larger_safety_margin,candidate_26,26,36,26540966,0.002,0.0017362579053966769,0.753647878513114,0.8681289526983385,True,True,True,True
6,larger_safety_margin,candidate_26,26,37,26540967,0.002,0.005613580721862509,7.8780721302166015,2.8067903609312546,False,False,False,True
6,larger_safety_margin,candidate_26,26,38,26540968,0.002,0.00304596830475379,2.319480728391169,1.522984152376895,True,True,True,True
6,larger_safety_margin,candidate_26,26,39,26540969,0.002,0.0024316295543157307,1.47820557235543,1.2158147771578653,True,True,True,True
6,larger_safety_margin,candidate_26,26,40,26540970,0.002,0.001967190153941279,0.9674592754408784,0.9835950769706395,True,True,True,True
6,larger_safety_margin,candidate_26,26,41,26540971,0.002,0.003902806305713827,3.807974264979903,1.9514031528569136,False,True,True,True
6,larger_safety_margin,candidate_26,26,42,26540972,0.002,0.00594181085349791,8.82627905468639,2.970905426748955,False,False,False,True
6,larger_safety_margin,candidate_26,26,43,26540973,0.002,0.006119965149283947,9.363493357112521,3.0599825746419733,False,False,False,True
6,larger_safety_margin,candidate_26,26,44,26540974,0.002,0.004782829333074263,5.7188641073289,2.3914146665371314,False,True,True,True
6,larger_safety_margin,candidate_26,26,45,26540975,0.002,0.0041670642188209005,4.34110605094436,2.08353210941045,False,True,True,True
6,larger_safety_margin,candidate_26,26,46,26540976,0.002,0.0014363082280934947,0.5157453315222685,0.7181541140467473,True,True,True,True
6,larger_safety_margin,candidate_26,26,47,26540977,0.002,0.0023648873142723056,1.3981730023015198,1.1824436571361527,True,True,True,True
6,larger_safety_margin,candidate_26,26,48,26540978,0.002,0.002856385360144746,2.0397343314123075,1.428192680072373,True,True,True,True
6,larger_safety_margin,candidate_26,26,49,26540979,0.002,0.005958573425837539,8.876149317774326,2.9792867129187695,False,False,False,True
6,larger_safety_margin,candidate_26,26,50,26540980,0.002,0.0036199530921360032,3.276015097316253,1.8099765460680015,False,True,True,True
6,larger_safety_margin,candidate_26,26,51,26540981,0.002,0.0022058535777574493,1.216447501626335,1.1029267888787246,True,True,True,True
6,larger_safety_margin,candidate_26,26,52,26540982,0.002,0.005494517808607789,7.547431487277035,2.7472589043038944,False,False,True,True
6,larger_safety_margin,candidate_26,26,53,26540983,0.002,0.003313540790269295,2.744888142194616,1.6567703951346475,False,True,True,True
6,larger_safety_margin,candidate_26,26,54,26540984,0.002,0.002939337550912417,2.1599263095509516,1.4696687754562086,True,True,True,True
6,larger_safety_margin,candidate_26,26,55,26540985,0.002,0.004234652784844677,4.483071052048196,2.1173263924223384,False,True,True,True
6,larger_safety_margin,candidate_26,26,56,26540986,0.002,0.003126508534021634,2.4437639033275262,1.563254267010817,False,True,True,True
6,larger_safety_margin,candidate_26,26,57,26540987,0.002,0.0017445751681104387,0.7608856292968914,0.8722875840552193,True,True,True,True
6,larger_safety_margin,candidate_26,26,58,26540988,0.002,0.0027603593884258297,1.9048959883176553,1.3801796942129148,True,True,True,True
6,larger_safety_margin,candidate_26,26,59,26540989,0.002,0.004092039155246301,4.186196112017215,2.0460195776231505,False,True,True,True
6,larger_safety_margin,candidate_26,26,60,26540990,0.002,0.0038143994479297627,3.63741078709172,1.9071997239648812,False,True,True,True
6,larger_safety_margin,candidate_26,26,61,26540991,0.002,0.001391794674296489,0.4842731038500176,0.6958973371482445,True,True,True,True
6,larger_safety_margin,candidate_26,26,62,26540992,0.002,0.0034870265759647688,3.039838585371145,1.7435132879823843,False,True,True,True
6,larger_safety_margin,candidate_26,26,63,26540993,0.002,0.004022575121968952,4.045277652970882,2.011287560984476,False,True,True,True
6,larger_safety_margin,candidate_26,26,64,26540994,0.002,0.002034720706652215,1.0350220885198222,1.0173603533261075,True,True,True,True
6,larger_safety_margin,candidate_26,26,65,26540995,0.002,0.0029331651101946743,2.150864390915834,1.466582555097337,True,True,True,True
6,larger_safety_margin,candidate_26,26,66,26540996,0.002,0.0025808731104060177,1.6652265030042082,1.2904365552030088,True,True,True,True
6,larger_safety_margin,candidate_26,26,67,26540997,0.002,0.004628821366041491,5.3564968096805545,2.314410683020746,False,True,True,True
6,larger_safety_margin,candidate_26,26,68,26540998,0.002,0.004601341261603377,5.29308535143344,2.3006706308016884,False,True,True,True
6,larger_safety_margin,candidate_26,26,69,26540999,0.002,0.006867952909227665,11.792194290842186,3.4339764546138323,False,False,False,False
6,larger_safety_margin,candidate_26,26,70,26541000,0.002,0.004692122343553485,5.504003021718463,2.3460611717767423,False,True,True,True
6,larger_safety_margin,candidate_26,26,71,26541001,0.002,0.002633462495269653,1.7337811784979669,1.3167312476348265,True,True,True,True
6,larger_safety_margin,candidate_26,26,72,26541002,0.002,0.0028713718486886434,2.0611940733604093,1.4356859243443216,True,True,True,True
6,larger_safety_margin,candidate_26,26,73,26541003,0.002,0.0031363962040580834,2.459245287207489,1.5681981020290416,False,True,True,True
6,larger_safety_margin,candidate_26,26,74,26541004,0.002,0.002793558546465875,1.9509923381331329,1.3967792732329374,True,True,True,True
6,larger_safety_margin,candidate_26,26,75,26541005,0.002,0.0005280546380841837,0.06971042520055457,0.26402731904209187,True,True,True,True
6,larger_safety_margin,candidate_26,26,76,26541006,0.002,0.0014119967016368996,0.498433671358371,0.7059983508184497,True,True,True,True
6,larger_safety_margin,candidate_26,26,77,26541007,0.002,0.005319701883238016,7.074807031631525,2.659850941619008,False,False,True,True
6,larger_safety_margin,candidate_26,26,78,26541008,0.002,0.0035033444594444432,3.06835560038002,1.7516722297222216,False,True,True,True
6,larger_safety_margin,candidate_26,26,79,26541009,0.002,0.0026222369984473166,1.719031719006498,1.3111184992236582,True,True,True,True
6,larger_safety_margin,candidate_26,26,80,26541010,0.002,0.0031296537112681924,2.4486830881136927,1.564826855634096,False,True,True,True
6,larger_safety_margin,candidate_26,26,81,26541011,0.002,0.0036483707920414513,3.3276523590552918,1.8241853960207255,False,True,True,True
6,larger_safety_margin,candidate_26,26,82,26541012,0.002,0.0021070558852550932,1.1099211258970312,1.0535279426275466,True,True,True,True
6,larger_safety_margin,candidate_26,26,83,26541013,0.002,0.00637929886935857,10.173863516149883,3.1896494346792847,False,False,False,True
6,larger_safety_margin,candidate_26,26,84,26541014,0.002,0.004268699509467379,4.555448875531761,2.134349754733689,False,True,True,True
6,larger_safety_margin,candidate_26,26,85,26541015,0.002,0.002906598258572109,2.1120783591836036,1.4532991292860544,True,True,True,True
6,larger_safety_margin,candidate_26,26,86,26541016,0.002,0.0036632641115377867,3.3548759877201824,1.8316320557688932,False,True,True,True
6,larger_safety_margin,candidate_26,26,87,26541017,0.002,0.003182274114756265,2.5317171353619425,1.5911370573781325,False,True,True,True
6,larger_safety_margin,candidate_26,26,88,26541018,0.002,0.0029017355270869443,2.105017267289637,1.4508677635434721,True,True,True,True
6,larger_safety_margin,candidate_26,26,89,26541019,0.002,0.0031965360203878657,2.5544606324092736,1.5982680101939328,False,True,True,True
6,larger_safety_margin,candidate_26,26,90,26541020,0.002,0.0040638312627984995,4.128681133124612,2.03191563139925,False,True,True,True
6,larger_safety_margin,candidate_26,26,91,26541021,0.002,0.0035776065499349844,3.1998171565344258,1.7888032749674923,False,True,True,True
6,larger_safety_margin,candidate_26,26,92,26541022,0.002,0.004612667647170969,5.31917570581444,2.306333823585484,False,True,True,True
6,larger_safety_margin,candidate_26,26,93,26541023,0.002,0.004758486925727751,5.660799455580485,2.3792434628638754,False,True,True,True
6,larger_safety_margin,candidate_26,26,94,26541024,0.002,0.0008924757312055333,0.19912823269771282,0.4462378656027666,True,True,True,True
6,larger_safety_margin,candidate_26,26,95,26541025,0.002,0.0013857479533334255,0.4800743475419445,0.6928739766667128,True,True,True,True
6,larger_safety_margin,candidate_26,26,96,26541026,0.002,0.0033220562288611803,2.759014396928842,1.66102811443059,False,True,True,True
6,larger_safety_margin,candidate_26,26,97,26541027,0.002,0.002313594723906789,1.3381801366223331,1.1567973619533944,True,True,True,True
6,larger_safety_margin,candidate_26,26,98,26541028,0.002,0.004158853489911341,4.324015587636936,2.0794267449556707,False,True,True,True
6,larger_safety_margin,candidate_26,26,99,26541029,0.002,0.0014547366081782704,0.5290646497935046,0.7273683040891352,True,True,True,True
6,larger_safety_margin,candidate_53,53,0,26810930,0.0026666666666666666,0.006506411989428301,5.953133949774798,2.439904496035613,False,True,True,True
6,larger_safety_margin,candidate_53,53,1,26810931,0.0026666666666666666,0.0038871466327155026,2.1248309452825507,1.4576799872683135,True,True,True,True
6,larger_safety_margin,candidate_53,53,2,26810932,0.0026666666666666666,0.0018684116600671166,0.4909165497386379,0.7006543725251687,True,True,True,True
6,larger_safety_margin,candidate_53,53,3,26810933,0.0026666666666666666,0.003142986867291699,1.3891452817455123,1.1786200752343872,True,True,True,True
6,larger_safety_margin,candidate_53,53,4,26810934,0.0026666666666666666,0.004390962227711208,2.7113272432293627,1.6466108353917033,False,True,True,True
6,larger_safety_margin,candidate_53,53,5,26810935,0.0026666666666666666,0.004289774458359348,2.587804439567659,1.6086654218847558,False,True,True,True
6,larger_safety_margin,candidate_53,53,6,26810936,0.0026666666666666666,0.005585123534901542,4.386600689078123,2.0944213255880784,False,True,True,True
6,larger_safety_margin,candidate_53,53,7,26810937,0.0026666666666666666,0.0048421793536943675,3.2971923131265006,1.815817257635388,False,True,True,True
6,larger_safety_margin,candidate_53,53,8,26810938,0.0026666666666666666,0.003966923387029678,2.2129426629229236,1.4875962701361294,True,True,True,True
6,larger_safety_margin,candidate_53,53,9,26810939,0.0026666666666666666,0.0024561995373995047,0.8483788360577168,0.9210748265248143,True,True,True,True
6,larger_safety_margin,candidate_53,53,10,26810940,0.0026666666666666666,0.0018457250411094822,0.47906731791261564,0.6921468904160558,True,True,True,True
6,larger_safety_margin,candidate_53,53,11,26810941,0.0026666666666666666,0.0035100983479727835,1.7326111517495528,1.3162868804897938,True,True,True,True
6,larger_safety_margin,candidate_53,53,12,26810942,0.0026666666666666666,0.001157748772119369,0.18849124959523686,0.43415578954476336,True,True,True,True
6,larger_safety_margin,candidate_53,53,13,26810943,0.0026666666666666666,0.004577377892526405,2.9464296146703943,1.7165167096974019,False,True,True,True
6,larger_safety_margin,candidate_53,53,14,26810944,0.0026666666666666666,0.003405633233820827,1.6310162423397523,1.2771124626828103,True,True,True,True
6,larger_safety_margin,candidate_53,53,15,26810945,0.0026666666666666666,0.005940013068656567,4.961778082848394,2.2275049007462124,False,True,True,True
6,larger_safety_margin,candidate_53,53,16,26810946,0.0026666666666666666,0.004831747381961771,3.2830007010601543,1.8119052682356642,False,True,True,True
6,larger_safety_margin,candidate_53,53,17,26810947,0.0026666666666666666,0.0043296500334986145,2.6361378861432967,1.6236187625619805,False,True,True,True
6,larger_safety_margin,candidate_53,53,18,26810948,0.0026666666666666666,0.0029607984017074925,1.232764759062231,1.1102994006403097,True,True,True,True
6,larger_safety_margin,candidate_53,53,19,26810949,0.0026666666666666666,0.0004370070514611224,0.02685588230063589,0.1638776442979209,True,True,True,True
6,larger_safety_margin,candidate_53,53,20,26810950,0.0026666666666666666,0.0045423210908497776,2.9014707504907564,1.7033704090686665,False,True,True,True
6,larger_safety_margin,candidate_53,53,21,26810951,0.0026666666666666666,0.0041288258035039336,2.3972628537674865,1.5483096763139752,False,True,True,True
6,larger_safety_margin,candidate_53,53,22,26810952,0.0026666666666666666,0.0041324543046144125,2.401478237773995,1.5496703642304048,False,True,True,True
6,larger_safety_margin,candidate_53,53,23,26810953,0.0026666666666666666,0.004795508428169222,3.233939215027787,1.7983156605634583,False,True,True,True
6,larger_safety_margin,candidate_53,53,24,26810954,0.0026666666666666666,0.003139427870918482,1.3860010345359028,1.1772854515944309,True,True,True,True
6,larger_safety_margin,candidate_53,53,25,26810955,0.0026666666666666666,0.0036187707442850046,1.8415549265193347,1.3570390291068768,True,True,True,True
6,larger_safety_margin,candidate_53,53,26,26810956,0.0026666666666666666,0.0021520272885424117,0.6512655164950131,0.8070102332034044,True,True,True,True
6,larger_safety_margin,candidate_53,53,27,26810957,0.0026666666666666666,0.005505699640066922,4.262727449057771,2.0646373650250958,False,True,True,True
6,larger_safety_margin,candidate_53,53,28,26810958,0.0026666666666666666,0.0024750962211173874,0.8614829958454084,0.9281610829190203,True,True,True,True
6,larger_safety_margin,candidate_53,53,29,26810959,0.0026666666666666666,0.0028034188254958785,1.105193968754722,1.0512820595609544,True,True,True,True
6,larger_safety_margin,candidate_53,53,30,26810960,0.0026666666666666666,0.005650914364605985,4.490554662578006,2.1190928867272443,False,True,True,True
6,larger_safety_margin,candidate_53,53,31,26810961,0.0026666666666666666,0.004032658740020804,2.2868910722061813,1.5122470275078015,True,True,True,True
6,larger_safety_margin,candidate_53,53,32,26810962,0.0026666666666666666,0.004663327284341589,3.0581186288744115,1.7487477316280962,False,True,True,True
6,larger_safety_margin,candidate_53,53,33,26810963,0.0026666666666666666,0.002258136847681215,0.7170724719640765,0.8468013178804558,True,True,True,True
6,larger_safety_margin,candidate_53,53,34,26810964,0.0026666666666666666,0.0025576806770658623,0.9199308439456998,0.9591302538996984,True,True,True,True
6,larger_safety_margin,candidate_53,53,35,26810965,0.0026666666666666666,0.001932766255336193,0.5253166965608845,0.7247873457510724,True,True,True,True
6,larger_safety_margin,candidate_53,53,36,26810966,0.0026666666666666666,0.0038284147777394237,2.0611068342769125,1.4356555416522838,True,True,True,True
6,larger_safety_margin,candidate_53,53,37,26810967,0.0026666666666666666,0.006640354612172661,6.200762255916009,2.490132979564748,False,True,True,True
6,larger_safety_margin,candidate_53,53,38,26810968,0.0026666666666666666,0.005943037669901234,4.966832354887278,2.228639126212963,False,True,True,True
6,larger_safety_margin,candidate_53,53,39,26810969,0.0026666666666666666,0.0032949803045208845,1.5267508885097636,1.2356176141953317,True,True,True,True
6,larger_safety_margin,candidate_53,53,40,26810970,0.0026666666666666666,0.003018985791049457,1.2816949509222912,1.1321196716435464,True,True,True,True
6,larger_safety_margin,candidate_53,53,41,26810971,0.0026666666666666666,0.0020213609353208193,0.5745796918370237,0.7580103507453073,True,True,True,True
6,larger_safety_margin,candidate_53,53,42,26810972,0.0026666666666666666,0.003967981884332812,2.214123782961568,1.4879932066248045,True,True,True,True
6,larger_safety_margin,candidate_53,53,43,26810973,0.0026666666666666666,0.004873096744205042,3.3394319828974375,1.8274112790768906,False,True,True,True
6,larger_safety_margin,candidate_53,53,44,26810974,0.0026666666666666666,0.005338417639626795,4.007630094620417,2.001906614860048,False,True,True,True
6,larger_safety_margin,candidate_53,53,45,26810975,0.0026666666666666666,0.002867695741838507,1.1564548407785677,1.0753859031894402,True,True,True,True
6,larger_safety_margin,candidate_53,53,46,26810976,0.0026666666666666666,0.00537435137868072,4.061763666777284,2.01538176700527,False,True,True,True
6,larger_safety_margin,candidate_53,53,47,26810977,0.0026666666666666666,0.002258349725496066,0.7172076772473972,0.8468811470610249,True,True,True,True
6,larger_safety_margin,candidate_53,53,48,26810978,0.0026666666666666666,0.0065166897554270065,5.971956379943527,2.4437586582851276,False,True,True,True
6,larger_safety_margin,candidate_53,53,49,26810979,0.0026666666666666666,0.0014282195500927082,0.2868484335844244,0.5355823312847656,True,True,True,True
6,larger_safety_margin,candidate_53,53,50,26810980,0.0026666666666666666,0.0041968094079650325,2.476857544703973,1.5738035279868872,False,True,True,True
6,larger_safety_margin,candidate_53,53,51,26810981,0.0026666666666666666,0.005240125978591502,3.8614106631810303,1.9650472419718132,False,True,True,True
6,larger_safety_margin,candidate_53,53,52,26810982,0.0026666666666666666,0.007256729271471554,7.405329335545136,2.721273476801833,False,False,True,True
6,larger_safety_margin,candidate_53,53,53,26810983,0.0026666666666666666,0.004973118129905009,3.4779239907173287,1.8649192987143783,False,True,True,True
6,larger_safety_margin,candidate_53,53,54,26810984,0.0026666666666666666,0.0046963999016723535,3.1016491926227006,1.7611499631271326,False,True,True,True
6,larger_safety_margin,candidate_53,53,55,26810985,0.0026666666666666666,0.007168713609830192,7.226782709029399,2.688267603686322,False,False,True,True
6,larger_safety_margin,candidate_53,53,56,26810986,0.0026666666666666666,0.0030799205718291434,1.3339561962341753,1.1549702144359288,True,True,True,True
6,larger_safety_margin,candidate_53,53,57,26810987,0.0026666666666666666,0.0017413892198271958,0.42643637084958325,0.6530209574351985,True,True,True,True
6,larger_safety_margin,candidate_53,53,58,26810988,0.0026666666666666666,0.006305018474946065,5.59030190194845,2.3643819281047747,False,True,True,True
6,larger_safety_margin,candidate_53,53,59,26810989,0.0026666666666666666,0.004981769135956772,3.4900345861834903,1.8681634259837896,False,True,True,True
6,larger_safety_margin,candidate_53,53,60,26810990,0.0026666666666666666,0.005226797848312031,3.8417928394386487,1.9600491931170116,False,True,True,True
6,larger_safety_margin,candidate_53,53,61,26810991,0.0026666666666666666,0.0028127953897278965,1.112599392816728,1.0547982711479613,True,True,True,True
6,larger_safety_margin,candidate_53,53,62,26810992,0.0026666666666666666,0.004087959050947619,2.3500419190628286,1.5329846441053572,True,True,True,True
6,larger_safety_margin,candidate_53,53,63,26810993,0.0026666666666666666,0.0027077569451367683,1.0310551416473068,1.0154088544262883,True,True,True,True
6,larger_safety_margin,candidate_53,53,64,26810994,0.0026666666666666666,0.0024575928369492722,0.8493416089065523,0.9215973138559771,True,True,True,True
6,larger_safety_margin,candidate_53,53,65,26810995,0.0026666666666666666,0.0030936939091325624,1.3459137192286756,1.160135215924711,True,True,True,True
6,larger_safety_margin,candidate_53,53,66,26810996,0.0026666666666666666,0.004426124285161184,2.7549247763944127,1.659796606935444,False,True,True,True
6,larger_safety_margin,candidate_53,53,67,26810997,0.0026666666666666666,0.0018263318354200411,0.46905299621279106,0.6848744382825155,True,True,True,True
6,larger_safety_margin,candidate_53,53,68,26810998,0.0026666666666666666,0.002794126118259887,1.0978791700418529,1.0477972943474578,True,True,True,True
6,larger_safety_margin,candidate_53,53,69,26810999,0.0026666666666666666,0.006769552868399399,6.444400224101419,2.5385823256497746,False,False,True,True
6,larger_safety_margin,candidate_53,53,70,26811000,0.0026666666666666666,0.005402740092818798,4.104787571796329,2.0260275348070493,False,True,True,True
6,larger_safety_margin,candidate_53,53,71,26811001,0.0026666666666666666,0.0050421594731812356,3.5751617090143983,1.8908098024429634,False,True,True,True
6,larger_safety_margin,candidate_53,53,72,26811002,0.0026666666666666666,0.004794231375965763,3.232217037135175,1.7978367659871612,False,True,True,True
6,larger_safety_margin,candidate_53,53,73,26811003,0.0026666666666666666,0.00832030539532873,9.735114638184802,3.1201145232482737,False,False,False,True
6,larger_safety_margin,candidate_53,53,74,26811004,0.0026666666666666666,0.005584804633937773,4.386099768644928,2.094301737726665,False,True,True,True
6,larger_safety_margin,candidate_53,53,75,26811005,0.0026666666666666666,0.005561407580012441,4.349426381862164,2.0855278425046655,False,True,True,True
6,larger_safety_margin,candidate_53,53,76,26811006,0.0026666666666666666,0.005171830757184365,3.7614140691972473,1.939436533944137,False,True,True,True
6,larger_safety_margin,candidate_53,53,77,26811007,0.0026666666666666666,0.006115249095841488,5.258850680276738,2.293218410940558,False,True,True,True
6,larger_safety_margin,candidate_53,53,78,26811008,0.0026666666666666666,0.007915744223194247,8.811422804114029,2.9684040836978425,False,False,False,True
6,larger_safety_margin,candidate_53,53,79,26811009,0.0026666666666666666,0.0053861122675450766,4.079560128553064,2.0197921003294037,False,True,True,True
6,larger_safety_margin,candidate_53,53,80,26811010,0.0026666666666666666,0.0016114158267858906,0.3651554484585078,0.604280935044709,True,True,True,True
6,larger_safety_margin,candidate_53,53,81,26811011,0.0026666666666666666,0.003537343366994023,1.7596122322523358,1.3265037626227587,True,True,True,True
6,larger_safety_margin,candidate_53,53,82,26811012,0.0026666666666666666,0.001896500227085674,0.5057877812816268,0.7111875851571278,True,True,True,True
6,larger_safety_margin,candidate_53,53,83,26811013,0.0026666666666666666,0.0036114774555852055,1.8341394485906517,1.3543040458444522,True,True,True,True
6,larger_safety_margin,candidate_53,53,84,26811014,0.0026666666666666666,0.005295349565522316,3.9432272373390065,1.9857560870708686,False,True,True,True
6,larger_safety_margin,candidate_53,53,85,26811015,0.0026666666666666666,0.003536941655624264,1.7592126012126719,1.326353120859099,True,True,True,True
6,larger_safety_margin,candidate_53,53,86,26811016,0.0026666666666666666,0.0035824471770423477,1.8047710935420027,1.3434176913908804,True,True,True,True
6,larger_safety_margin,candidate_53,53,87,26811017,0.0026666666666666666,0.00583344494245783,4.7853393604715855,2.187541853421686,False,True,True,True
6,larger_safety_margin,candidate_53,53,88,26811018,0.0026666666666666666,0.003413047802406906,1.6381259017754919,1.2798929259025897,True,True,True,True
6,larger_safety_margin,candidate_53,53,89,26811019,0.0026666666666666666,0.00254711197012992,0.912343976490814,0.95516698879872,True,True,True,True
6,larger_safety_margin,candidate_53,53,90,26811020,0.0026666666666666666,0.005623962904183986,4.447822323886535,2.1089860890689947,False,True,True,True
6,larger_safety_margin,candidate_53,53,91,26811021,0.0026666666666666666,0.0028822544711219395,1.1682268363550266,1.0808454266707272,True,True,True,True
6,larger_safety_margin,candidate_53,53,92,26811022,0.0026666666666666666,0.00252733690297191,0.8982325998455128,0.9477513386144664,True,True,True,True
6,larger_safety_margin,candidate_53,53,93,26811023,0.0026666666666666666,0.003816868565605405,2.0486932941243747,1.431325712102027,True,True,True,True
6,larger_safety_margin,candidate_53,53,94,26811024,0.0026666666666666666,0.003756442296388079,1.9843395083568767,1.4086658611455296,True,True,True,True
6,larger_safety_margin,candidate_53,53,95,26811025,0.0026666666666666666,0.007016744554985392,6.923630271082098,2.631279208119522,False,False,True,True
6,larger_safety_margin,candidate_53,53,96,26811026,0.0026666666666666666,0.001146188825212835,0.18474592824039077,0.4298208094548131,True,True,True,True
6,larger_safety_margin,candidate_53,53,97,26811027,0.0026666666666666666,0.003982913677934558,2.23081894207662,1.493592629225459,True,True,True,True
6,larger_safety_margin,candidate_53,53,98,26811028,0.0026666666666666666,0.005716863104438168,4.595979903030901,2.143823664164313,False,True,True,True
6,larger_safety_margin,candidate_53,53,99,26811029,0.0026666666666666666,0.005941148265107028,4.963674755810285,2.2279305994151355,False,True,True,True
6,larger_safety_margin,candidate_80,80,0,27080930,0.0033333333333333344,0.0033941917413899837,1.0368483819587966,1.0182575224169947,True,True,True,True
6,larger_safety_margin,candidate_80,80,1,27080931,0.0033333333333333344,0.006203096342597441,3.463056381199115,1.8609289027792317,False,True,True,True
6,larger_safety_margin,candidate_80,80,2,27080932,0.0033333333333333344,0.006278948652434946,3.5482676561923134,1.883684595730483,False,True,True,True
6,larger_safety_margin,candidate_80,80,3,27080933,0.0033333333333333344,0.005628452753138573,2.8511532354881846,1.6885358259415715,False,True,True,True
6,larger_safety_margin,candidate_80,80,4,27080934,0.0033333333333333344,0.008202706481157743,6.055595425442448,2.460811944347322,False,True,True,True
6,larger_safety_margin,candidate_80,80,5,27080935,0.0033333333333333344,0.0031373317573197184,0.8858565499938144,0.9411995271959152,True,True,True,True
6,larger_safety_margin,candidate_80,80,6,27080936,0.0033333333333333344,0.0033035923764504226,0.9822350330767209,0.9910777129351265,True,True,True,True
6,larger_safety_margin,candidate_80,80,7,27080937,0.0033333333333333344,0.006414987689394416,3.7036860349573693,1.9244963068183243,False,True,True,True
6,larger_safety_margin,candidate_80,80,8,27080938,0.0033333333333333344,0.003171487184655728,0.9052497866191958,0.9514461553967181,True,True,True,True
6,larger_safety_margin,candidate_80,80,9,27080939,0.0033333333333333344,0.006663389932644569,3.9960688855022064,1.99901697979337,False,True,True,True
6,larger_safety_margin,candidate_80,80,10,27080940,0.0033333333333333344,0.00509404184985834,2.335433613129734,1.5282125549575014,True,True,True,True
6,larger_safety_margin,candidate_80,80,11,27080941,0.0033333333333333344,0.004708882059877749,1.9956213228454647,1.4126646179633242,True,True,True,True
6,larger_safety_margin,candidate_80,80,12,27080942,0.0033333333333333344,0.005376408799709423,2.6015194423433607,1.6129226399128263,False,True,True,True
6,larger_safety_margin,candidate_80,80,13,27080943,0.0033333333333333344,0.005679787408302445,2.9033986503159883,1.703936222490733,False,True,True,True
6,larger_safety_margin,candidate_80,80,14,27080944,0.0033333333333333344,0.002749792471115362,0.6805222770782452,0.8249377413346083,True,True,True,True
6,larger_safety_margin,candidate_80,80,15,27080945,0.0033333333333333344,0.0051763263039840465,2.411491860478541,1.5528978911952134,False,True,True,True
6,larger_safety_margin,candidate_80,80,16,27080946,0.0033333333333333344,0.006538775677993493,3.848002863040731,1.9616327033980472,False,True,True,True
6,larger_safety_margin,candidate_80,80,17,27080947,0.0033333333333333344,0.00546007964362931,2.683122274329764,1.6380238930887925,False,True,True,True
6,larger_safety_margin,candidate_80,80,18,27080948,0.0033333333333333344,0.0016516284314191188,0.24550888279247793,0.49548852942573546,True,True,True,True
6,larger_safety_margin,candidate_80,80,19,27080949,0.0033333333333333344,0.0017241035199454242,0.267527965273938,0.5172310559836271,True,True,True,True
6,larger_safety_margin,candidate_80,80,20,27080950,0.0033333333333333344,0.004891389895544107,2.1533125599207876,1.4674169686632317,True,True,True,True
6,larger_safety_margin,candidate_80,80,21,27080951,0.0033333333333333344,0.008633022106326053,6.707616361948284,2.589906631897815,False,False,True,True
6,larger_safety_margin,candidate_80,80,22,27080952,0.0033333333333333344,0.007951853291210455,5.690877368844106,2.385555987363136,False,True,True,True
6,larger_safety_margin,candidate_80,80,23,27080953,0.0033333333333333344,0.00997631955005683,8.957425658836145,2.992895865017048,False,False,False,True
6,larger_safety_margin,candidate_80,80,24,27080954,0.0033333333333333344,0.0051495352395721245,2.3865941865235607,1.5448605718716368,False,True,True,True
6,larger_safety_margin,candidate_80,80,25,27080955,0.0033333333333333344,0.006716947108318958,4.060564061035894,2.0150841324956867,False,True,True,True
6,larger_safety_margin,candidate_80,80,26,27080956,0.0033333333333333344,0.003187691904335757,0.9145241709270948,0.9563075713007269,True,True,True,True
6,larger_safety_margin,candidate_80,80,27,27080957,0.0033333333333333344,0.006232611118451685,3.4960897218462783,1.869783335535505,False,True,True,True
6,larger_safety_margin,candidate_80,80,28,27080958,0.0033333333333333344,0.002495483942574009,0.5604696096880244,0.7486451827722025,True,True,True,True
6,larger_safety_margin,candidate_80,80,29,27080959,0.0033333333333333344,0.007516135083496665,5.084305793403244,2.2548405250489987,False,True,True,True
6,larger_safety_margin,candidate_80,80,30,27080960,0.0033333333333333344,0.00561172992433288,2.8342361469287782,1.6835189772998636,False,True,True,True
6,larger_safety_margin,candidate_80,80,31,27080961,0.0033333333333333344,0.006480207639253004,3.7793781943049662,1.9440622917759005,False,True,True,True
6,larger_safety_margin,candidate_80,80,32,27080962,0.0033333333333333344,0.0025938129571747176,0.6055079091126704,0.778143887152415,True,True,True,True
6,larger_safety_margin,candidate_80,80,33,27080963,0.0033333333333333344,0.002835082798772337,0.7233925028305304,0.8505248396317008,True,True,True,True
6,larger_safety_margin,candidate_80,80,34,27080964,0.0033333333333333344,0.0038894194460339054,1.3614825264468013,1.1668258338101714,True,True,True,True
6,larger_safety_margin,candidate_80,80,35,27080965,0.0033333333333333344,0.00942991185661266,8.003091386113557,2.8289735569837973,False,False,False,True
6,larger_safety_margin,candidate_80,80,36,27080966,0.0033333333333333344,0.005368543893259465,2.5939137180468124,1.610563167977839,False,True,True,True
6,larger_safety_margin,candidate_80,80,37,27080967,0.0033333333333333344,0.0034608277895427425,1.0779596089984167,1.0382483368628224,True,True,True,True
6,larger_safety_margin,candidate_80,80,38,27080968,0.0033333333333333344,0.0061066511949104335,3.35620699346709,1.8319953584731294,False,True,True,True
6,larger_safety_margin,candidate_80,80,39,27080969,0.0033333333333333344,0.007006236202468519,4.417861115230242,2.101870860740555,False,True,True,True
6,larger_safety_margin,candidate_80,80,40,27080970,0.0033333333333333344,0.0044419588573204475,1.7757898641114804,1.3325876571961337,True,True,True,True
6,larger_safety_margin,candidate_80,80,41,27080971,0.0033333333333333344,0.0030217092691232007,0.8217654216394555,0.90651278073696,True,True,True,True
6,larger_safety_margin,candidate_80,80,42,27080972,0.0033333333333333344,0.002380823534500024,0.5101488632186265,0.714247060350007,True,True,True,True
6,larger_safety_margin,candidate_80,80,43,27080973,0.0033333333333333344,0.007840320613263577,5.532356458688914,2.3520961839790724,False,True,True,True
6,larger_safety_margin,candidate_80,80,44,27080974,0.0033333333333333344,0.004959974962078509,2.2141216462001116,1.487992488623552,True,True,True,True
6,larger_safety_margin,candidate_80,80,45,27080975,0.0033333333333333344,0.007048909426819517,4.471841169675452,2.1146728280458547,False,True,True,True
6,larger_safety_margin,candidate_80,80,46,27080976,0.0033333333333333344,0.013673470693309434,16.826742072071266,4.102041207992829,False,False,False,False
6,larger_safety_margin,candidate_80,80,47,27080977,0.0033333333333333344,0.003394338540289745,1.0369380713486678,1.0183015620869231,True,True,True,True
6,larger_safety_margin,candidate_80,80,48,27080978,0.0033333333333333344,0.005000286103468955,2.2502575004890257,1.5000858310406862,True,True,True,True
6,larger_safety_margin,candidate_80,80,49,27080979,0.0033333333333333344,0.006201054919597156,3.4607773904274066,1.8603164758791464,False,True,True,True
6,larger_safety_margin,candidate_80,80,50,27080980,0.0033333333333333344,0.006191513426633731,3.4501354660967167,1.8574540279901186,False,True,True,True
6,larger_safety_margin,candidate_80,80,51,27080981,0.0033333333333333344,0.009624186894948537,8.336247605000919,2.88725606848456,False,False,False,True
6,larger_safety_margin,candidate_80,80,52,27080982,0.0033333333333333344,0.0026037095308188976,0.6101372988789443,0.781112859245669,True,True,True,True
6,larger_safety_margin,candidate_80,80,53,27080983,0.0033333333333333344,0.0035996979485792445,1.1662042788905052,1.079909384573773,True,True,True,True
6,larger_safety_margin,candidate_80,80,54,27080984,0.0033333333333333344,0.0047959313439086835,2.0700861709937164,1.4387794031726047,True,True,True,True
6,larger_safety_margin,candidate_80,80,55,27080985,0.0033333333333333344,0.004364390538250764,1.7143114293335506,1.3093171614752288,True,True,True,True
6,larger_safety_margin,candidate_80,80,56,27080986,0.0033333333333333344,0.006478051181092769,3.7768632394371653,1.94341535432783,False,True,True,True
6,larger_safety_margin,candidate_80,80,57,27080987,0.0033333333333333344,0.0011293976369872742,0.11479851201891943,0.33881929109618214,True,True,True,True
6,larger_safety_margin,candidate_80,80,58,27080988,0.0033333333333333344,0.006079185498577274,3.3260846693500974,1.8237556495731817,False,True,True,True
6,larger_safety_margin,candidate_80,80,59,27080989,0.0033333333333333344,0.008880315499635262,7.0974003035756,2.6640946498905778,False,False,True,True
6,larger_safety_margin,candidate_80,80,60,27080990,0.0033333333333333344,0.006630650905288431,3.956897828502204,1.9891952715865286,False,True,True,True
6,larger_safety_margin,candidate_80,80,61,27080991,0.0033333333333333344,0.0048820362665083035,2.145085029675209,1.4646108799524906,True,True,True,True
6,larger_safety_margin,candidate_80,80,62,27080992,0.0033333333333333344,0.0035793918800146114,1.1530841607643072,1.073817564004383,True,True,True,True
6,larger_safety_margin,candidate_80,80,63,27080993,0.0033333333333333344,0.006895272596258562,4.279030575904283,2.068581778877568,False,True,True,True
6,larger_safety_margin,candidate_80,80,64,27080994,0.0033333333333333344,0.005967465382210389,3.204957877909143,1.790239614663116,False,True,True,True
6,larger_safety_margin,candidate_80,80,65,27080995,0.0033333333333333344,0.004197578793891284,1.5857700957833214,1.2592736381673848,True,True,True,True
6,larger_safety_margin,candidate_80,80,66,27080996,0.0033333333333333344,0.0036077168575523277,1.171405883184051,1.0823150572656979,True,True,True,True
6,larger_safety_margin,candidate_80,80,67,27080997,0.0033333333333333344,0.007399729232436234,4.928039344203417,2.2199187697308695,False,True,True,True
6,larger_safety_margin,candidate_80,80,68,27080998,0.0033333333333333344,0.004026520142176123,1.4591578009815014,1.2079560426528364,True,True,True,True
6,larger_safety_margin,candidate_80,80,69,27080999,0.0033333333333333344,0.008642490275299971,6.7223374342789075,2.5927470825899905,False,False,True,True
6,larger_safety_margin,candidate_80,80,70,27081000,0.0033333333333333344,0.0051918151530515435,2.4259450125110043,1.5575445459154624,False,True,True,True
6,larger_safety_margin,candidate_80,80,71,27081001,0.0033333333333333344,0.0022953908955646684,0.47419374270970505,0.6886172686694003,True,True,True,True
6,larger_safety_margin,candidate_80,80,72,27081002,0.0033333333333333344,0.0035901527241763665,1.160027692461988,1.0770458172529096,True,True,True,True
6,larger_safety_margin,candidate_80,80,73,27081003,0.0033333333333333344,0.008391569486704843,6.3376594605176155,2.517470846011452,False,False,True,True
6,larger_safety_margin,candidate_80,80,74,27081004,0.0033333333333333344,0.003905498004751662,1.3727623198607282,1.1716494014254983,True,True,True,True
6,larger_safety_margin,candidate_80,80,75,27081005,0.0033333333333333344,0.006904232116384448,4.290157900522299,2.0712696349153337,False,True,True,True
6,larger_safety_margin,candidate_80,80,76,27081006,0.0033333333333333344,0.007447455375733856,4.991813241619236,2.234236612720156,False,True,True,True
6,larger_safety_margin,candidate_80,80,77,27081007,0.0033333333333333344,0.005912019775842102,3.1456780046953265,1.77360593275263,False,True,True,True
6,larger_safety_margin,candidate_80,80,78,27081008,0.0033333333333333344,0.0067291775008189265,4.075364685377486,2.0187532502456773,False,True,True,True
6,larger_safety_margin,candidate_80,80,79,27081009,0.0033333333333333344,0.002999691609840213,0.8098334778731188,0.8999074829520637,True,True,True,True
6,larger_safety_margin,candidate_80,80,80,27081010,0.0033333333333333344,0.003731773523130639,1.2533520265144968,1.1195320569391913,True,True,True,True
6,larger_safety_margin,candidate_80,80,81,27081011,0.0033333333333333344,0.0038053249862111554,1.303244842561463,1.1415974958633464,True,True,True,True
6,larger_safety_margin,candidate_80,80,82,27081012,0.0033333333333333344,0.0027538926981666633,0.6825532493714094,0.8261678094499987,True,True,True,True
6,larger_safety_margin,candidate_80,80,83,27081013,0.0033333333333333344,0.005477184183136606,2.6999591918401613,1.6431552549409814,False,True,True,True
6,larger_safety_margin,candidate_80,80,84,27081014,0.0033333333333333344,0.006232646158989371,3.496129032884844,1.8697938476968106,False,True,True,True
6,larger_safety_margin,candidate_80,80,85,27081015,0.0033333333333333344,0.0029016417383107584,0.7577572299756368,0.8704925214932272,True,True,True,True
6,larger_safety_margin,candidate_80,80,86,27081016,0.0033333333333333344,0.007824211878775935,5.509646237158056,2.34726356363278,False,True,True,True
6,larger_safety_margin,candidate_80,80,87,27081017,0.0033333333333333344,0.0008724320397484207,0.06850238975816304,0.26172961192452615,True,True,True,True
6,larger_safety_margin,candidate_80,80,88,27081018,0.0033333333333333344,0.003356232490976995,1.0137866880140673,1.006869747293098,True,True,True,True
6,larger_safety_margin,candidate_80,80,89,27081019,0.0033333333333333344,0.007028657053708194,4.446181798077773,2.1085971161124575,False,True,True,True
6,larger_safety_margin,candidate_80,80,90,27081020,0.0033333333333333344,0.004431033890718677,1.7670655206627732,1.3293101672156027,True,True,True,True
6,larger_safety_margin,candidate_80,80,91,27081021,0.0033333333333333344,0.004200136711535597,1.5877033556030142,1.2600410134606788,True,True,True,True
6,larger_safety_margin,candidate_80,80,92,27081022,0.0033333333333333344,0.004679974671970507,1.9711946637256896,1.4039924015911516,True,True,True,True
6,larger_safety_margin,candidate_80,80,93,27081023,0.0033333333333333344,0.009290228658371846,7.7677513672350145,2.787068597511553,False,False,True,True
6,larger_safety_margin,candidate_80,80,94,27081024,0.0033333333333333344,0.006146614408639183,3.4002781819641714,1.8439843225917543,False,True,True,True
6,larger_safety_margin,candidate_80,80,95,27081025,0.0033333333333333344,0.004442910109830725,1.7765505219632445,1.332873032949217,True,True,True,True
6,larger_safety_margin,candidate_80,80,96,27081026,0.0033333333333333344,0.0026266038937126546,0.6209143213019827,0.7879811681137961,True,True,True,True
6,larger_safety_margin,candidate_80,80,97,27081027,0.0033333333333333344,0.0063639902767140015,3.6450335017899294,1.9091970830141998,False,True,True,True
6,larger_safety_margin,candidate_80,80,98,27081028,0.0033333333333333344,0.003898280211316378,1.3676929745346769,1.169484063394913,True,True,True,True
6,larger_safety_margin,candidate_80,80,99,27081029,0.0033333333333333344,0.005762098751615222,2.988160382102911,1.728629625484566,False,True,True,True
6,larger_safety_margin,candidate_107,107,0,27350930,0.0033333333333333335,0.008654371420535606,6.740833021612511,2.5963114261606814,False,False,True,True
6,larger_safety_margin,candidate_107,107,1,27350931,0.0033333333333333335,0.008546789825943991,6.574285469597373,2.564036947783197,False,False,True,True
6,larger_safety_margin,candidate_107,107,2,27350932,0.0033333333333333335,0.003080042125037792,0.8537993542806585,0.9240126375113376,True,True,True,True
6,larger_safety_margin,candidate_107,107,3,27350933,0.0033333333333333335,0.005818105748482862,3.0465319050476385,1.7454317245448585,False,True,True,True
6,larger_safety_margin,candidate_107,107,4,27350934,0.0033333333333333335,0.003649127798184826,1.1984520318736709,1.0947383394554477,True,True,True,True
6,larger_safety_margin,candidate_107,107,5,27350935,0.0033333333333333335,0.005877637764208064,3.1091963118520285,1.763291329262419,False,True,True,True
6,larger_safety_margin,candidate_107,107,6,27350936,0.0033333333333333335,0.0030475793734797995,0.8358966033893573,0.9142738120439398,True,True,True,True
6,larger_safety_margin,candidate_107,107,7,27350937,0.0033333333333333335,0.005221039097636581,2.453332433314482,1.5663117292909743,False,True,True,True
6,larger_safety_margin,candidate_107,107,8,27350938,0.0033333333333333335,0.008133139010241503,5.9533155143920915,2.4399417030724506,False,True,True,True
6,larger_safety_margin,candidate_107,107,9,27350939,0.0033333333333333335,0.010261827975516129,9.477460205917689,3.0785483926548385,False,False,False,True
6,larger_safety_margin,candidate_107,107,10,27350940,0.0033333333333333335,0.004749368483142462,2.0300850889800235,1.4248105449427386,True,True,True,True
6,larger_safety_margin,candidate_107,107,11,27350941,0.0033333333333333335,0.00740620246018088,4.936665139307038,2.221860738054264,False,True,True,True
6,larger_safety_margin,candidate_107,107,12,27350942,0.0033333333333333335,0.0021344884994616924,0.4100437038900804,0.6403465498385077,True,True,True,True
6,larger_safety_margin,candidate_107,107,13,27350943,0.0033333333333333335,0.007091722111852543,4.526327026056445,2.127516633555763,False,True,True,True
6,larger_safety_margin,candidate_107,107,14,27350944,0.0033333333333333335,0.0057382182792716455,2.9634434118510518,1.7214654837814936,False,True,True,True
6,larger_safety_margin,candidate_107,107,15,27350945,0.0033333333333333335,0.005729569747030715,2.954517253748065,1.7188709241092146,False,True,True,True
6,larger_safety_margin,candidate_107,107,16,27350946,0.0033333333333333335,0.00367367821672216,1.2146320476017016,1.102103465016648,True,True,True,True
6,larger_safety_margin,candidate_107,107,17,27350947,0.0033333333333333335,0.00797913876595385,5.729998990171276,2.3937416297861547,False,True,True,True
6,larger_safety_margin,candidate_107,107,18,27350948,0.0033333333333333335,0.0033768745389905854,1.0262953486874589,1.0130623616971757,True,True,True,True
6,larger_safety_margin,candidate_107,107,19,27350949,0.0033333333333333335,0.0037879928847860526,1.2914001085670783,1.1363978654358158,True,True,True,True
6,larger_safety_margin,candidate_107,107,20,27350950,0.0033333333333333335,0.007268878119672771,4.75529302067918,2.180663435901831,False,True,True,True
6,larger_safety_margin,candidate_107,107,21,27350951,0.0033333333333333335,0.005922961108217449,3.1573321460510817,1.7768883324652345,False,True,True,True
6,larger_safety_margin,candidate_107,107,22,27350952,0.0033333333333333335,0.009156567932651963,7.545846267474322,2.746970379795589,False,False,True,True
6,larger_safety_margin,candidate_107,107,23,27350953,0.0033333333333333335,0.003930940449764144,1.3907063537632736,1.1792821349292433,True,True,True,True
6,larger_safety_margin,candidate_107,107,24,27350954,0.0033333333333333335,0.008565024744794363,6.6023683991045745,2.5695074234383086,False,False,True,True
6,larger_safety_margin,candidate_107,107,25,27350955,0.0033333333333333335,0.004158111264253537,1.5560900357320933,1.2474333792760612,True,True,True,True
6,larger_safety_margin,candidate_107,107,26,27350956,0.0033333333333333335,0.007809120964540879,5.488413321494867,2.3427362893622634,False,True,True,True
6,larger_safety_margin,candidate_107,107,27,27350957,0.0033333333333333335,0.0009664711117725872,0.08406597689018465,0.28994133353177615,True,True,True,True
6,larger_safety_margin,candidate_107,107,28,27350958,0.0033333333333333335,0.006246650867254644,3.5118582351635874,1.8739952601763932,False,True,True,True
6,larger_safety_margin,candidate_107,107,29,27350959,0.0033333333333333335,0.007285076474194158,4.776510531137145,2.185522942258247,False,True,True,True
6,larger_safety_margin,candidate_107,107,30,27350960,0.0033333333333333335,0.0036568197578647583,1.203509766735906,1.0970459273594275,True,True,True,True
6,larger_safety_margin,candidate_107,107,31,27350961,0.0033333333333333335,0.007825046507494493,5.510821756000658,2.347513952248348,False,True,True,True
6,larger_safety_margin,candidate_107,107,32,27350962,0.0033333333333333335,0.006104818933333023,3.354193278790321,1.8314456799999068,False,True,True,True
6,larger_safety_margin,candidate_107,107,33,27350963,0.0033333333333333335,0.005108846746613985,2.3490283572349466,1.5326540239841955,True,True,True,True
6,larger_safety_margin,candidate_107,107,34,27350964,0.0033333333333333335,0.0015273670959076652,0.2099565221095273,0.45821012877229955,True,True,True,True
6,larger_safety_margin,candidate_107,107,35,27350965,0.0033333333333333335,0.009720034284693289,8.503115984605166,2.9160102854079866,False,False,False,True
6,larger_safety_margin,candidate_107,107,36,27350966,0.0033333333333333335,0.006293082825352546,3.5642602302072457,1.8879248476057637,False,True,True,True
6,larger_safety_margin,candidate_107,107,37,27350967,0.0033333333333333335,0.008190751283462921,6.037956592879453,2.457225385038876,False,True,True,True
6,larger_safety_margin,candidate_107,107,38,27350968,0.0033333333333333335,0.005186080014132714,2.4205883321688093,1.5558240042398142,False,True,True,True
6,larger_safety_margin,candidate_107,107,39,27350969,0.0033333333333333335,0.008352645976171578,6.279002532292971,2.505793792851473,False,False,True,True
6,larger_safety_margin,candidate_107,107,40,27350970,0.0033333333333333335,0.004724209997083742,2.008634408689137,1.4172629991251224,True,True,True,True
6,larger_safety_margin,candidate_107,107,41,27350971,0.0033333333333333335,0.011236227306911093,11.362752368331705,3.3708681920733277,False,False,False,False
6,larger_safety_margin,candidate_107,107,42,27350972,0.0033333333333333335,0.006285027887785601,3.555141799521846,1.8855083663356804,False,True,True,True
6,larger_safety_margin,candidate_107,107,43,27350973,0.0033333333333333335,0.006830748921242174,4.1993217742546,2.049224676372652,False,True,True,True
6,larger_safety_margin,candidate_107,107,44,27350974,0.0033333333333333335,0.002069358557360598,0.38540203550293817,0.6208075672081794,True,True,True,True
6,larger_safety_margin,candidate_107,107,45,27350975,0.0033333333333333335,0.0039016576114665512,1.3700638905403384,1.1704972834399654,True,True,True,True
6,larger_safety_margin,candidate_107,107,46,27350976,0.0033333333333333335,0.0031991767788388426,0.9211258856035504,0.9597530336516527,True,True,True,True
6,larger_safety_margin,candidate_107,107,47,27350977,0.0033333333333333335,0.002630443970008628,0.6227311931419276,0.7891331910025884,True,True,True,True
6,larger_safety_margin,candidate_107,107,48,27350978,0.0033333333333333335,0.007026173999896837,4.443040896914368,2.107852199969051,False,True,True,True
6,larger_safety_margin,candidate_107,107,49,27350979,0.0033333333333333335,0.009337200840836946,7.846498758791354,2.8011602522510834,False,False,False,True
6,larger_safety_margin,candidate_107,107,50,27350980,0.0033333333333333335,0.0016052275953140401,0.23190800694819255,0.48156827859421203,True,True,True,True
6,larger_safety_margin,candidate_107,107,51,27350981,0.0033333333333333335,0.0040282101891524974,1.4603829595192797,1.208463056745749,True,True,True,True
6,larger_safety_margin,candidate_107,107,52,27350982,0.0033333333333333335,0.005558662446595418,2.7808855375671135,1.6675987339786251,False,True,True,True
6,larger_safety_margin,candidate_107,107,53,27350983,0.0033333333333333335,0.010139932953310378,9.253641626786672,3.041979885993113,False,False,False,True
6,larger_safety_margin,candidate_107,107,54,27350984,0.0033333333333333335,0.00546623560760277,2.6891758546041977,1.6398706822808309,False,True,True,True
6,larger_safety_margin,candidate_107,107,55,27350985,0.0033333333333333335,0.011549704492061994,12.005610646856129,3.464911347618598,False,False,False,False
6,larger_safety_margin,candidate_107,107,56,27350986,0.0033333333333333335,0.007916306146855292,5.640111270966497,2.374891844056587,False,True,True,True
6,larger_safety_margin,candidate_107,107,57,27350987,0.0033333333333333335,0.00789373119882354,5.60798930153521,2.368119359647062,False,True,True,True
6,larger_safety_margin,candidate_107,107,58,27350988,0.0033333333333333335,0.004906345932952458,2.1665007372419205,1.4719037798857373,True,True,True,True
6,larger_safety_margin,candidate_107,107,59,27350989,0.0033333333333333335,0.0034222119883589616,1.0540381403941015,1.0266635965076885,True,True,True,True
6,larger_safety_margin,candidate_107,107,60,27350990,0.0033333333333333335,0.004006522719698349,1.4447001873113146,1.2019568159095047,True,True,True,True
6,larger_safety_margin,candidate_107,107,61,27350991,0.0033333333333333335,0.004654625665530849,1.9498986077596645,1.3963876996592546,True,True,True,True
6,larger_safety_margin,candidate_107,107,62,27350992,0.0033333333333333335,0.002456743416956419,0.543202939508283,0.7370230250869256,True,True,True,True
6,larger_safety_margin,candidate_107,107,63,27350993,0.0033333333333333335,0.006821607132239995,4.188089147996481,2.0464821396719985,False,True,True,True
6,larger_safety_margin,candidate_107,107,64,27350994,0.0033333333333333335,0.005859802340925376,3.0903555127243063,1.7579407022776128,False,True,True,True
6,larger_safety_margin,candidate_107,107,65,27350995,0.0033333333333333335,0.00570807435961229,2.9323901605376927,1.7124223078836869,False,True,True,True
6,larger_safety_margin,candidate_107,107,66,27350996,0.0033333333333333335,0.0035829629545941796,1.1553861180594824,1.0748888863782537,True,True,True,True
6,larger_safety_margin,candidate_107,107,67,27350997,0.0033333333333333335,0.0065954590558017995,3.915007214108216,1.9786377167405398,False,True,True,True
6,larger_safety_margin,candidate_107,107,68,27350998,0.0033333333333333335,0.00411601254454512,1.5247403340167514,1.234803763363536,True,True,True,True
6,larger_safety_margin,candidate_107,107,69,27350999,0.0033333333333333335,0.005352122854425476,2.5780697143977145,1.6056368563276426,False,True,True,True
6,larger_safety_margin,candidate_107,107,70,27351000,0.0033333333333333335,0.0061675262588981195,3.4234542138778044,1.8502578776694358,False,True,True,True
6,larger_safety_margin,candidate_107,107,71,27351001,0.0033333333333333335,0.00863253214204227,6.70685500650536,2.5897596426126808,False,False,True,True
6,larger_safety_margin,candidate_107,107,72,27351002,0.0033333333333333335,0.0017238662146301907,0.267454325334908,0.5171598643890571,True,True,True,True
6,larger_safety_margin,candidate_107,107,73,27351003,0.0033333333333333335,0.0031102927047572887,0.8706528638339769,0.9330878114271866,True,True,True,True
6,larger_safety_margin,candidate_107,107,74,27351004,0.0033333333333333335,0.0033918149889690407,1.0353968027455545,1.0175444966907121,True,True,True,True
6,larger_safety_margin,candidate_107,107,75,27351005,0.0033333333333333335,0.007747323611272179,5.401892082399785,2.3241970833816534,False,True,True,True
6,larger_safety_margin,candidate_107,107,76,27351006,0.0033333333333333335,0.0056077290161021375,2.8301962246230454,1.6823187048306412,False,True,True,True
6,larger_safety_margin,candidate_107,107,77,27351007,0.0033333333333333335,0.004103616888573109,1.5155704411364197,1.2310850665719326,True,True,True,True
6,larger_safety_margin,candidate_107,107,78,27351008,0.0033333333333333335,0.004755239816775636,2.0351075143543547,1.4265719450326908,True,True,True,True
6,larger_safety_margin,candidate_107,107,79,27351009,0.0033333333333333335,0.006879686024926393,4.259707182141075,2.0639058074779175,False,True,True,True
6,larger_safety_margin,candidate_107,107,80,27351010,0.0033333333333333335,0.006606751192230618,3.928424518443661,1.9820253576691853,False,True,True,True
6,larger_safety_margin,candidate_107,107,81,27351011,0.0033333333333333335,0.0036251856816168064,1.1827774103579556,1.087555704485042,True,True,True,True
6,larger_safety_margin,candidate_107,107,82,27351012,0.0033333333333333335,0.0030835776593819996,0.8557606063295793,0.9250732978145998,True,True,True,True
6,larger_safety_margin,candidate_107,107,83,27351013,0.0033333333333333335,0.006620306415987464,3.9445611337408297,1.9860919247962392,False,True,True,True
6,larger_safety_margin,candidate_107,107,84,27351014,0.0033333333333333335,0.007671342604944189,5.296454762618869,2.3014027814832563,False,True,True,True
6,larger_safety_margin,candidate_107,107,85,27351015,0.0033333333333333335,0.0022255359023517253,0.44577090473908565,0.6676607707055175,True,True,True,True
6,larger_safety_margin,candidate_107,107,86,27351016,0.0033333333333333335,0.0059330380763891214,3.168084673429481,1.7799114229167363,False,True,True,True
6,larger_safety_margin,candidate_107,107,87,27351017,0.0033333333333333335,0.007006127013844053,4.417723416070384,2.1018381041532157,False,True,True,True
6,larger_safety_margin,candidate_107,107,88,27351018,0.0033333333333333335,0.004759950045500089,2.0391411992090664,1.4279850136500265,True,True,True,True
6,larger_safety_margin,candidate_107,107,89,27351019,0.0033333333333333335,0.003558166869452451,1.1394496323782148,1.0674500608357353,True,True,True,True
6,larger_safety_margin,candidate_107,107,90,27351020,0.0033333333333333335,0.007993284193215822,5.75033329741625,2.3979852579647463,False,True,True,True
6,larger_safety_margin,candidate_107,107,91,27351021,0.0033333333333333335,0.006133055756457234,3.3852935620631888,1.83991672693717,False,True,True,True
6,larger_safety_margin,candidate_107,107,92,27351022,0.0033333333333333335,0.007114548451226709,4.5555119698367115,2.1343645353680123,False,True,True,True
6,larger_safety_margin,candidate_107,107,93,27351023,0.0033333333333333335,0.008370276852025732,6.305538112160201,2.5110830556077195,False,False,True,True
6,larger_safety_margin,candidate_107,107,94,27351024,0.0033333333333333335,0.0025458989525318208,0.5833441328852359,0.7637696857595462,True,True,True,True
6,larger_safety_margin,candidate_107,107,95,27351025,0.0033333333333333335,0.0037654224974495876,1.2760565925869538,1.1296267492348762,True,True,True,True
6,larger_safety_margin,candidate_107,107,96,27351026,0.0033333333333333335,0.006587993010336005,3.9061486713812443,1.9763979031008014,False,True,True,True
6,larger_safety_margin,candidate_107,107,97,27351027,0.0033333333333333335,0.007216698837572306,4.687266790099572,2.1650096512716916,False,True,True,True
6,larger_safety_margin,candidate_107,107,98,27351028,0.0033333333333333335,0.0016596137351022116,0.2478885974765922,0.49788412053066344,True,True,True,True
6,larger_safety_margin,candidate_107,107,99,27351029,0.0033333333333333335,0.0060621016959472515,3.3074169274805882,1.8186305087841754,False,True,True,True
7,partial_occlusion,initial,-1,0,27270930,0.03,0.04717841839478541,2.473114624703807,1.5726139464928472,False,True,True,True
7,partial_occlusion,initial,-1,1,27270931,0.03,0.0522813551149578,3.037044547395916,1.7427118371652601,False,True,True,True
7,partial_occlusion,initial,-1,2,27270932,0.03,0.044194188164365315,2.170140297230364,1.473139605478844,True,True,True,True
7,partial_occlusion,initial,-1,3,27270933,0.03,0.07942799436929433,7.009784766142947,2.647599812309811,False,False,True,True
7,partial_occlusion,initial,-1,4,27270934,0.03,0.07970322975331863,7.0584498145669965,2.656774325110621,False,False,True,True
7,partial_occlusion,initial,-1,5,27270935,0.03,0.03182761481654546,1.1255522943448715,1.0609204938848487,True,True,True,True
7,partial_occlusion,initial,-1,6,27270936,0.03,0.05606088210184321,3.4920250022630714,1.8686960700614403,False,True,True,True
7,partial_occlusion,initial,-1,7,27270937,0.03,0.10313745547311023,11.819260801630886,3.437915182437008,False,False,False,False
7,partial_occlusion,initial,-1,8,27270938,0.03,0.022698475353662765,0.5724675370898177,0.7566158451220922,True,True,True,True
7,partial_occlusion,initial,-1,9,27270939,0.03,0.041844418917482314,1.9455059939352797,1.3948139639160773,True,True,True,True
7,partial_occlusion,initial,-1,10,27270940,0.03,0.02578362270666389,0.7386613331995486,0.8594540902221297,True,True,True,True
7,partial_occlusion,initial,-1,11,27270941,0.03,0.052522148147097075,3.06508449553957,1.7507382715699025,False,True,True,True
7,partial_occlusion,initial,-1,12,27270942,0.03,0.031140700227835383,1.0774924563110075,1.038023340927846,True,True,True,True
7,partial_occlusion,initial,-1,13,27270943,0.03,0.045112154447149,2.2612294209593613,1.5037384815716335,True,True,True,True
7,partial_occlusion,initial,-1,14,27270944,0.03,0.07656018398930821,6.512735302751917,2.5520061329769406,False,False,True,True
7,partial_occlusion,initial,-1,15,27270945,0.03,0.02813583985164885,0.8795838712862574,0.9378613283882951,True,True,True,True
7,partial_occlusion,initial,-1,16,27270946,0.03,0.03810593888812243,1.6134028650503571,1.2701979629374143,True,True,True,True
7,partial_occlusion,initial,-1,17,27270947,0.03,0.07231828280139507,5.811037808158394,2.4106094267131692,False,True,True,True
7,partial_occlusion,initial,-1,18,27270948,0.03,0.08321150313546903,7.69350472673797,2.773716771182301,False,False,True,True
7,partial_occlusion,initial,-1,19,27270949,0.03,0.05371799831251706,3.2062481585595397,1.7905999437505686,False,True,True,True
7,partial_occlusion,initial,-1,20,27270950,0.03,0.026559687874034652,0.7837966888512704,0.8853229291344884,True,True,True,True
7,partial_occlusion,initial,-1,21,27270951,0.03,0.046925886430507165,2.4467097969876184,1.5641962143502388,False,True,True,True
7,partial_occlusion,initial,-1,22,27270952,0.03,0.06473245111123298,4.65587802985352,2.1577483703744327,False,True,True,True
7,partial_occlusion,initial,-1,23,27270953,0.03,0.046409917140997244,2.393200454482477,1.5469972380332415,False,True,True,True
7,partial_occlusion,initial,-1,24,27270954,0.03,0.06460182792479131,4.637106856915941,2.1533942641597106,False,True,True,True
7,partial_occlusion,initial,-1,25,27270955,0.03,0.03439436698202171,1.3144138667710947,1.1464788994007238,True,True,True,True
7,partial_occlusion,initial,-1,26,27270956,0.03,0.02525840287328934,0.7088743507882124,0.8419467624429781,True,True,True,True
7,partial_occlusion,initial,-1,27,27270957,0.03,0.07480508506936012,6.217556391371338,2.4935028356453377,False,True,True,True
7,partial_occlusion,initial,-1,28,27270958,0.03,0.06273555236347333,4.373055033722339,2.0911850787824444,False,True,True,True
7,partial_occlusion,initial,-1,29,27270959,0.03,0.03589473839509448,1.4315913827247442,1.1964912798364826,True,True,True,True
7,partial_occlusion,initial,-1,30,27270960,0.03,0.0539038052808011,3.228466915278356,1.7967935093600367,False,True,True,True
7,partial_occlusion,initial,-1,31,27270961,0.03,0.03284618190568211,1.1987462953123984,1.0948727301894037,True,True,True,True
7,partial_occlusion,initial,-1,32,27270962,0.03,0.023345527155422763,0.6055707090717574,0.7781842385140921,True,True,True,True
7,partial_occlusion,initial,-1,33,27270963,0.03,0.021390820698825478,0.5084080112992228,0.7130273566275159,True,True,True,True
7,partial_occlusion,initial,-1,34,27270964,0.03,0.04660659035091162,2.4135269601529874,1.5535530116970542,False,True,True,True
7,partial_occlusion,initial,-1,35,27270965,0.03,0.07891957022047451,6.92033173753823,2.6306523406824835,False,False,True,True
7,partial_occlusion,initial,-1,36,27270966,0.03,0.06485267918467394,4.6731888860336,2.1617559728224647,False,True,True,True
7,partial_occlusion,initial,-1,37,27270967,0.03,0.0386218412946455,1.6573851388764271,1.2873947098215166,True,True,True,True
7,partial_occlusion,initial,-1,38,27270968,0.03,0.026492675537818578,0.7798465079468121,0.8830891845939527,True,True,True,True
7,partial_occlusion,initial,-1,39,27270969,0.03,0.032727364997867305,1.1900893552262557,1.0909121665955768,True,True,True,True
7,partial_occlusion,initial,-1,40,27270970,0.03,0.045230097927952136,2.273068620635711,1.5076699309317378,True,True,True,True
7,partial_occlusion,initial,-1,41,27270971,0.03,0.017741680377379616,0.3497413584589966,0.5913893459126539,True,True,True,True
7,partial_occlusion,initial,-1,42,27270972,0.03,0.09307949628567681,9.626436254217026,3.1026498761892274,False,False,False,True
7,partial_occlusion,initial,-1,43,27270973,0.03,0.0866668958609376,8.345723153522894,2.8888965286979205,False,False,False,True
7,partial_occlusion,initial,-1,44,27270974,0.03,0.028276043650666705,0.8883718272604544,0.9425347883555569,True,True,True,True
7,partial_occlusion,initial,-1,45,27270975,0.03,0.06937307722851897,5.347359826837842,2.3124359076172993,False,True,True,True
7,partial_occlusion,initial,-1,46,27270976,0.03,0.0521847212159424,3.0258279204284766,1.73949070719808,False,True,True,True
7,partial_occlusion,initial,-1,47,27270977,0.03,0.03738040457707124,1.5525496070505869,1.2460134859023746,True,True,True,True
7,partial_occlusion,initial,-1,48,27270978,0.03,0.07483325142928768,6.222239466087763,2.4944417143095894,False,True,True,True
7,partial_occlusion,initial,-1,49,27270979,0.03,0.033416465129175364,1.2407334908104366,1.1138821709725122,True,True,True,True
7,partial_occlusion,initial,-1,50,27270980,0.03,0.055634563062009215,3.439116230111867,1.8544854354003073,False,True,True,True
7,partial_occlusion,initial,-1,51,27270981,0.03,0.037608769048626846,1.571577232614392,1.2536256349542283,True,True,True,True
7,partial_occlusion,initial,-1,52,27270982,0.03,0.049610725722269926,2.734693451878105,1.6536908574089977,False,True,True,True
7,partial_occlusion,initial,-1,53,27270983,0.03,0.051664848216360484,2.9658406013550747,1.7221616072120163,False,True,True,True
7,partial_occlusion,initial,-1,54,27270984,0.03,0.055965590336683156,3.4801636685927146,1.8655196778894385,False,True,True,True
7,partial_occlusion,initial,-1,55,27270985,0.03,0.046762966585765946,2.429750048779403,1.5587655528588649,False,True,True,True
7,partial_occlusion,initial,-1,56,27270986,0.03,0.07213889688364994,5.782244937322087,2.404629896121665,False,True,True,True
7,partial_occlusion,initial,-1,57,27270987,0.03,0.035566507472108065,1.4055293930705766,1.185550249070269,True,True,True,True
7,partial_occlusion,initial,-1,58,27270988,0.03,0.04011514070271287,1.788027237331612,1.3371713567570955,True,True,True,True
7,partial_occlusion,initial,-1,59,27270989,0.03,0.04381823296929588,2.133375045057209,1.460607765643196,True,True,True,True
7,partial_occlusion,initial,-1,60,27270990,0.03,0.04619300501041901,2.370881902102884,1.5397668336806336,False,True,True,True
7,partial_occlusion,initial,-1,61,27270991,0.03,0.04279317681099167,2.0347288684186613,1.4264392270330557,True,True,True,True
7,partial_occlusion,initial,-1,62,27270992,0.03,0.057288023349415226,3.646575132536827,1.909600778313841,False,True,True,True
7,partial_occlusion,initial,-1,63,27270993,0.03,0.029917741534390526,0.9945236205762178,0.9972580511463509,True,True,True,True
7,partial_occlusion,initial,-1,64,27270994,0.03,0.051431714738536805,2.9391347566069155,1.7143904912845602,False,True,True,True
7,partial_occlusion,initial,-1,65,27270995,0.03,0.050748283883463224,2.86154257457397,1.6916094627821074,False,True,True,True
7,partial_occlusion,initial,-1,66,27270996,0.03,0.04931958634148101,2.702690663216445,1.6439862113827004,False,True,True,True
7,partial_occlusion,initial,-1,67,27270997,0.03,0.048626028073348065,2.627211784655594,1.6208676024449356,False,True,True,True
7,partial_occlusion,initial,-1,68,27270998,0.03,0.05733484874947297,3.6525387568054914,1.9111616249824324,False,True,True,True
7,partial_occlusion,initial,-1,69,27270999,0.03,0.025277886183185702,0.7099683665445451,0.8425962061061901,True,True,True,True
7,partial_occlusion,initial,-1,70,27271000,0.03,0.039891062601711776,1.7681076394374309,1.329702086723726,True,True,True,True
7,partial_occlusion,initial,-1,71,27271001,0.03,0.050696910895891435,2.8557519715399513,1.6898970298630478,False,True,True,True
7,partial_occlusion,initial,-1,72,27271002,0.03,0.02014682927967731,0.45099414447162556,0.6715609759892437,True,True,True,True
7,partial_occlusion,initial,-1,73,27271003,0.03,0.039858358255455216,1.7652096920224611,1.3286119418485072,True,True,True,True
7,partial_occlusion,initial,-1,74,27271004,0.03,0.04551528990120109,2.301824016433754,1.5171763300400365,True,True,True,True
7,partial_occlusion,initial,-1,75,27271005,0.03,0.03282994664109435,1.1975615516190026,1.0943315547031451,True,True,True,True
7,partial_occlusion,initial,-1,76,27271006,0.03,0.02682527590285382,0.799550474738033,0.8941758634284607,True,True,True,True
7,partial_occlusion,initial,-1,77,27271007,0.03,0.028850849166259095,0.9248572195713701,0.9616949722086365,True,True,True,True
7,partial_occlusion,initial,-1,78,27271008,0.03,0.044674484078672465,2.217566141883955,1.4891494692890823,True,True,True,True
7,partial_occlusion,initial,-1,79,27271009,0.03,0.020584381926245385,0.4707964214283752,0.6861460642081795,True,True,True,True
7,partial_occlusion,initial,-1,80,27271010,0.03,0.07197884467483051,5.756615645248196,2.3992948224943507,False,True,True,True
7,partial_occlusion,initial,-1,81,27271011,0.03,0.012180977864590525,0.1648624685973826,0.40603259548635084,True,True,True,True
7,partial_occlusion,initial,-1,82,27271012,0.03,0.08542860988622207,8.108941541213689,2.8476203295407356,False,False,False,True
7,partial_occlusion,initial,-1,83,27271013,0.03,0.06986611368974159,5.423637602342109,2.3288704563247196,False,True,True,True
7,partial_occlusion,initial,-1,84,27271014,0.03,0.043600972179434684,2.112271972213153,1.4533657393144894,True,True,True,True
7,partial_occlusion,initial,-1,85,27271015,0.03,0.04104650148764119,1.8720169826388116,1.3682167162547063,True,True,True,True
7,partial_occlusion,initial,-1,86,27271016,0.03,0.06460881151482364,4.63810947262001,2.1536270504941215,False,True,True,True
7,partial_occlusion,initial,-1,87,27271017,0.03,0.04062909563153719,1.8341371242628823,1.3543031877179064,True,True,True,True
7,partial_occlusion,initial,-1,88,27271018,0.03,0.045533289639312566,2.303644961530588,1.517776321310419,True,True,True,True
7,partial_occlusion,initial,-1,89,27271019,0.03,0.03967593256302889,1.7490884719400184,1.3225310854342964,True,True,True,True
7,partial_occlusion,initial,-1,90,27271020,0.03,0.037995227282749705,1.604041440297564,1.2665075760916569,True,True,True,True
7,partial_occlusion,initial,-1,91,27271021,0.03,0.03705541833362742,1.5256711420890343,1.235180611120914,True,True,True,True
7,partial_occlusion,initial,-1,92,27271022,0.03,0.03763718852658082,1.5739532890948746,1.2545729508860275,True,True,True,True
7,partial_occlusion,initial,-1,93,27271023,0.03,0.05585368111295235,3.466259659852634,1.8617893704317452,False,True,True,True
7,partial_occlusion,initial,-1,94,27271024,0.03,0.047370214364088545,2.4932635654441118,1.5790071454696182,False,True,True,True
7,partial_occlusion,initial,-1,95,27271025,0.03,0.03853462254538235,1.6499079274612105,1.2844874181794117,True,True,True,True
7,partial_occlusion,initial,-1,96,27271026,0.03,0.030488789203587018,1.0328514078897382,1.0162929734529007,True,True,True,True
7,partial_occlusion,initial,-1,97,27271027,0.03,0.05510231206261092,3.373627549605952,1.836743735420364,False,True,True,True
7,partial_occlusion,initial,-1,98,27271028,0.03,0.04928415846190032,2.6988091947752233,1.642805282063344,False,True,True,True
7,partial_occlusion,initial,-1,99,27271029,0.03,0.024327556045014274,0.6575888701370117,0.8109185348338092,True,True,True,True
7,partial_occlusion,candidate_0,0,0,27280930,0.002,0.0024847449606401227,1.5434893798566212,1.2423724803200613,True,True,True,True
7,partial_occlusion,candidate_0,0,1,27280931,0.002,0.0034963177111697642,3.056059384359845,1.7481588555848822,False,True,True,True
7,partial_occlusion,candidate_0,0,2,27280932,0.002,0.0008748742036097406,0.19135121803544447,0.4374371018048703,True,True,True,True
7,partial_occlusion,candidate_0,0,3,27280933,0.002,0.003833263702051393,3.6734776523661883,1.9166318510256966,False,True,True,True
7,partial_occlusion,candidate_0,0,4,27280934,0.002,0.003615616911383297,3.268171412470223,1.8078084556916483,False,True,True,True
7,partial_occlusion,candidate_0,0,5,27280935,0.002,0.005573235170185441,7.765237565547986,2.7866175850927206,False,False,True,True
7,partial_occlusion,candidate_0,0,6,27280936,0.002,0.0022214386253855798,1.2336973915887435,1.11071931269279,True,True,True,True
7,partial_occlusion,candidate_0,0,7,27280937,0.002,0.002277155416113699,1.2963591972839885,1.1385777080568495,True,True,True,True
7,partial_occlusion,candidate_0,0,8,27280938,0.002,0.002808900824160137,1.9724809599918742,1.4044504120800685,True,True,True,True
7,partial_occlusion,candidate_0,0,9,27280939,0.002,0.0013184741773899812,0.4345935391110469,0.6592370886949906,True,True,True,True
7,partial_occlusion,candidate_0,0,10,27280940,0.002,0.0018095145937842049,0.818585766279504,0.9047572968921024,True,True,True,True
7,partial_occlusion,candidate_0,0,11,27280941,0.002,0.004276147659220746,4.571359700864766,2.1380738296103727,False,True,True,True
7,partial_occlusion,candidate_0,0,12,27280942,0.002,0.002591009098243421,1.6783320367950463,1.2955045491217103,True,True,True,True
7,partial_occlusion,candidate_0,0,13,27280943,0.002,0.006919332226755834,11.969289616055462,3.4596661133779167,False,False,False,False
7,partial_occlusion,candidate_0,0,14,27280944,0.002,0.0019372878839353455,0.9382710863106721,0.9686439419676727,True,True,True,True
7,partial_occlusion,candidate_0,0,15,27280945,0.002,0.0012140048666886504,0.36845195408593195,0.6070024333443251,True,True,True,True
7,partial_occlusion,candidate_0,0,16,27280946,0.002,0.0016363172780453615,0.6693835586074453,0.8181586390226807,True,True,True,True
7,partial_occlusion,candidate_0,0,17,27280947,0.002,0.0012972587342197756,0.42072005587737366,0.6486293671098878,True,True,True,True
7,partial_occlusion,candidate_0,0,18,27280948,0.002,0.004467265264237352,4.989114735265406,2.233632632118676,False,True,True,True
7,partial_occlusion,candidate_0,0,19,27280949,0.002,0.0028098601550642192,1.9738285227543795,1.4049300775321096,True,True,True,True
7,partial_occlusion,candidate_0,0,20,27280950,0.002,0.0018544417490929145,0.8597385501946971,0.9272208745464572,True,True,True,True
7,partial_occlusion,candidate_0,0,21,27280951,0.002,0.0015086220403831545,0.5689851151824581,0.7543110201915773,True,True,True,True
7,partial_occlusion,candidate_0,0,22,27280952,0.002,0.0040969980945336605,4.196348346653111,2.04849904726683,False,True,True,True
7,partial_occlusion,candidate_0,0,23,27280953,0.002,0.002930392155456692,2.14679954619053,1.4651960777283461,True,True,True,True
7,partial_occlusion,candidate_0,0,24,27280954,0.002,0.0023857757294067847,1.4229814577566189,1.1928878647033923,True,True,True,True
7,partial_occlusion,candidate_0,0,25,27280955,0.002,0.005046252571929148,6.366166254925386,2.5231262859645742,False,False,True,True
7,partial_occlusion,candidate_0,0,26,27280956,0.002,0.0015820983667168007,0.6257588104919921,0.7910491833584004,True,True,True,True
7,partial_occlusion,candidate_0,0,27,27280957,0.002,0.002860532508146785,2.045661557541134,1.4302662540733924,True,True,True,True
7,partial_occlusion,candidate_0,0,28,27280958,0.002,0.0025991684361225532,1.6889191398339398,1.2995842180612767,True,True,True,True
7,partial_occlusion,candidate_0,0,29,27280959,0.002,0.0033622704860155825,2.8262157052828654,1.6811352430077913,False,True,True,True
7,partial_occlusion,candidate_0,0,30,27280960,0.002,0.0024628244842576767,1.5163761100647728,1.2314122421288383,True,True,True,True
7,partial_occlusion,candidate_0,0,31,27280961,0.002,0.005268321148127689,6.938801929952364,2.6341605740638445,False,False,True,True
7,partial_occlusion,candidate_0,0,32,27280962,0.002,0.002856847654710403,2.040394630556083,1.4284238273552015,True,True,True,True
7,partial_occlusion,candidate_0,0,33,27280963,0.002,0.0031751895427288936,2.52045715806373,1.5875947713644467,False,True,True,True
7,partial_occlusion,candidate_0,0,34,27280964,0.002,0.0021352840133036398,1.1398594543675247,1.06764200665182,True,True,True,True
7,partial_occlusion,candidate_0,0,35,27280965,0.002,0.0012966872028073787,0.420349425481106,0.6483436014036893,True,True,True,True
7,partial_occlusion,candidate_0,0,36,27280966,0.002,0.0030132523183668083,2.2699223835357363,1.506626159183404,True,True,True,True
7,partial_occlusion,candidate_0,0,37,27280967,0.002,0.0020147147601408313,1.0147688911823318,1.0073573800704156,True,True,True,True
7,partial_occlusion,candidate_0,0,38,27280968,0.002,0.0050644127434922494,6.412069109111673,2.5322063717461245,False,False,True,True
7,partial_occlusion,candidate_0,0,39,27280969,0.002,0.003109030556176028,2.4165177498090555,1.554515278088014,False,True,True,True
7,partial_occlusion,candidate_0,0,40,27280970,0.002,0.003920778748331111,3.8431264983412188,1.9603893741655556,False,True,True,True
7,partial_occlusion,candidate_0,0,41,27280971,0.002,0.003987718135318522,3.975473981687058,1.9938590676592611,False,True,True,True
7,partial_occlusion,candidate_0,0,42,27280972,0.002,0.003511282900701265,3.0822769021892724,1.7556414503506323,False,True,True,True
7,partial_occlusion,candidate_0,0,43,27280973,0.002,0.003173192860191707,2.517288231992907,1.5865964300958535,False,True,True,True
7,partial_occlusion,candidate_0,0,44,27280974,0.002,0.0032729340937002424,2.6780243954263567,1.6364670468501212,False,True,True,True
7,partial_occlusion,candidate_0,0,45,27280975,0.002,0.0038969773545363398,3.796608125442263,1.9484886772681698,False,True,True,True
7,partial_occlusion,candidate_0,0,46,27280976,0.002,0.0033328554394475556,2.77698134506379,1.6664277197237778,False,True,True,True
7,partial_occlusion,candidate_0,0,47,27280977,0.002,0.0010140286459944222,0.2570635237243203,0.507014322997211,True,True,True,True
7,partial_occlusion,candidate_0,0,48,27280978,0.002,0.002739588233449034,1.8763359222130995,1.369794116724517,True,True,True,True
7,partial_occlusion,candidate_0,0,49,27280979,0.002,0.004924585622754765,6.062885888960734,2.4622928113773823,False,True,True,True
7,partial_occlusion,candidate_0,0,50,27280980,0.002,0.004422676683996398,4.890017262791344,2.211338341998199,False,True,True,True
7,partial_occlusion,candidate_0,0,51,27280981,0.002,0.0031902183363869577,2.544373258454892,1.5951091681934788,False,True,True,True
7,partial_occlusion,candidate_0,0,52,27280982,0.002,0.0012804213351474121,0.4098696988751704,0.640210667573706,True,True,True,True
7,partial_occlusion,candidate_0,0,53,27280983,0.002,0.003211042258412201,2.577698096327232,1.6055211292061005,False,True,True,True
7,partial_occlusion,candidate_0,0,54,27280984,0.002,0.002450805413871763,1.5016117941657863,1.2254027069358815,True,True,True,True
7,partial_occlusion,candidate_0,0,55,27280985,0.002,0.0011669667863468758,0.34045287010918873,0.5834833931734379,True,True,True,True
7,partial_occlusion,candidate_0,0,56,27280986,0.002,0.0030236642541164416,2.2856363804053843,1.5118321270582207,True,True,True,True
7,partial_occlusion,candidate_0,0,57,27280987,0.002,0.002664074675626469,1.7743234693285692,1.3320373378132344,True,True,True,True
7,partial_occlusion,candidate_0,0,58,27280988,0.002,0.004657834320422251,5.423855139125853,2.3289171602111254,False,True,True,True
7,partial_occlusion,candidate_0,0,59,27280989,0.002,0.0014196303090303882,0.5038375535794289,0.7098151545151941,True,True,True,True
7,partial_occlusion,candidate_0,0,60,27280990,0.002,0.005805993296440697,8.427389539578579,2.9029966482203484,False,False,False,True
7,partial_occlusion,candidate_0,0,61,27280991,0.002,0.004645550656660545,5.395285225899807,2.322775328330273,False,True,True,True
7,partial_occlusion,candidate_0,0,62,27280992,0.002,0.005170517194329967,6.683562014215459,2.5852585971649837,False,False,True,True
7,partial_occlusion,candidate_0,0,63,27280993,0.002,0.005028406827424184,6.3212188055215375,2.514203413712092,False,False,True,True
7,partial_occlusion,candidate_0,0,64,27280994,0.002,0.002715710261633425,1.8437705562852715,1.3578551308167126,True,True,True,True
7,partial_occlusion,candidate_0,0,65,27280995,0.002,0.00555686608370577,7.719690168059876,2.7784330418528853,False,False,True,True
7,partial_occlusion,candidate_0,0,66,27280996,0.002,0.00198648249246928,0.986528173221741,0.99324124623464,True,True,True,True
7,partial_occlusion,candidate_0,0,67,27280997,0.002,0.005782070695386165,8.358085381610861,2.8910353476930823,False,False,False,True
7,partial_occlusion,candidate_0,0,68,27280998,0.002,0.002197451777319076,1.2071985784106913,1.098725888659538,True,True,True,True
7,partial_occlusion,candidate_0,0,69,27280999,0.002,0.0023163232815847992,1.3413383862029433,1.1581616407923996,True,True,True,True
7,partial_occlusion,candidate_0,0,70,27281000,0.002,0.004187061636134519,4.382871286197369,2.0935308180672596,False,True,True,True
7,partial_occlusion,candidate_0,0,71,27281001,0.002,0.003631886829487659,3.29765048555148,1.8159434147438296,False,True,True,True
7,partial_occlusion,candidate_0,0,72,27281002,0.002,0.001979022921358781,0.9791329308158611,0.9895114606793904,True,True,True,True
7,partial_occlusion,candidate_0,0,73,27281003,0.002,0.0023222174846596172,1.34817351151471,1.1611087423298085,True,True,True,True
7,partial_occlusion,candidate_0,0,74,27281004,0.002,0.0035256836038770295,3.10761121866183,1.7628418019385148,False,True,True,True
7,partial_occlusion,candidate_0,0,75,27281005,0.002,0.0026146525953687438,1.709102048617127,1.3073262976843718,True,True,True,True
7,partial_occlusion,candidate_0,0,76,27281006,0.002,0.004737626818541473,5.61127696794085,2.3688134092707367,False,True,True,True
7,partial_occlusion,candidate_0,0,77,27281007,0.002,0.0036038039111226227,3.246850657455678,1.8019019555613114,False,True,True,True
7,partial_occlusion,candidate_0,0,78,27281008,0.002,0.002439039252110228,1.4872281183336054,1.219519626055114,True,True,True,True
7,partial_occlusion,candidate_0,0,79,27281009,0.002,0.004794562621168013,5.746957682075373,2.3972813105840065,False,True,True,True
7,partial_occlusion,candidate_0,0,80,27281010,0.002,0.003998939718339344,3.997879717727987,1.9994698591696718,False,True,True,True
7,partial_occlusion,candidate_0,0,81,27281011,0.002,0.0025148179935683013,1.5810773851937243,1.2574089967841506,True,True,True,True
7,partial_occlusion,candidate_0,0,82,27281012,0.002,0.0028443721835526457,2.0226132796420115,1.4221860917763227,True,True,True,True
7,partial_occlusion,candidate_0,0,83,27281013,0.002,0.0025672503359653125,1.6476935718785026,1.2836251679826562,True,True,True,True
7,partial_occlusion,candidate_0,0,84,27281014,0.002,0.004092839296018364,4.187833375758026,2.046419648009182,False,True,True,True
7,partial_occlusion,candidate_0,0,85,27281015,0.002,0.0038018805179072914,3.6135738681107537,1.9009402589536457,False,True,True,True
7,partial_occlusion,candidate_0,0,86,27281016,0.002,0.0066871069424678424,11.179349815000405,3.343553471233921,False,False,False,True
7,partial_occlusion,candidate_0,0,87,27281017,0.002,0.0030348039347028576,2.302508730521987,1.5174019673514287,True,True,True,True
7,partial_occlusion,candidate_0,0,88,27281018,0.002,0.0011674240097352747,0.3407197046265967,0.5837120048676373,True,True,True,True
7,partial_occlusion,candidate_0,0,89,27281019,0.002,0.0018935699824677778,0.896401819625755,0.9467849912338889,True,True,True,True
7,partial_occlusion,candidate_0,0,90,27281020,0.002,0.0023282440102196872,1.3551800427809628,1.1641220051098435,True,True,True,True
7,partial_occlusion,candidate_0,0,91,27281021,0.002,0.0024173053635606085,1.4608413051747213,1.2086526817803043,True,True,True,True
7,partial_occlusion,candidate_0,0,92,27281022,0.002,0.004268886480489175,4.555847945825813,2.1344432402445874,False,True,True,True
7,partial_occlusion,candidate_0,0,93,27281023,0.002,0.003084695383667687,2.378836402505185,1.5423476918338435,False,True,True,True
7,partial_occlusion,candidate_0,0,94,27281024,0.002,0.0034778421723696464,3.0238465439782054,1.7389210861848232,False,True,True,True
7,partial_occlusion,candidate_0,0,95,27281025,0.002,0.0037890131673438423,3.589155195576254,1.894506583671921,False,True,True,True
7,partial_occlusion,candidate_0,0,96,27281026,0.002,0.004015395429173668,4.030850113157196,2.007697714586834,False,True,True,True
7,partial_occlusion,candidate_0,0,97,27281027,0.002,0.0026654849175327543,1.7762024613986485,1.3327424587663772,True,True,True,True
7,partial_occlusion,candidate_0,0,98,27281028,0.002,0.0018022489569651473,0.8120253257204904,0.9011244784825736,True,True,True,True
7,partial_occlusion,candidate_0,0,99,27281029,0.002,0.0018772836626169233,0.8810484874821026,0.9386418313084617,True,True,True,True
7,partial_occlusion,candidate_26,26,0,27540930,0.002,0.00207179426843558,1.0730828726806299,1.0358971342177898,True,True,True,True
7,partial_occlusion,candidate_26,26,1,27540931,0.002,0.003979650848304332,3.959405218602347,1.9898254241521658,False,True,True,True
7,partial_occlusion,candidate_26,26,2,27540932,0.002,0.00248321909338297,1.5415942664354347,1.241609546691485,True,True,True,True
7,partial_occlusion,candidate_26,26,3,27540933,0.002,0.0020009009391143023,1.000901142037124,1.0004504695571512,True,True,True,True
7,partial_occlusion,candidate_26,26,4,27540934,0.002,0.0019966119933339022,0.9966148629811946,0.9983059966669511,True,True,True,True
7,partial_occlusion,candidate_26,26,5,27540935,0.002,0.001703035716227852,0.7250826626869283,0.851517858113926,True,True,True,True
7,partial_occlusion,candidate_26,26,6,27540936,0.002,0.004797835405077849,5.7548061435546325,2.3989177025389243,False,True,True,True
7,partial_occlusion,candidate_26,26,7,27540937,0.002,0.003000548604820853,2.250822982473092,1.5002743024104266,True,True,True,True
7,partial_occlusion,candidate_26,26,8,27540938,0.002,0.0015085042067204367,0.5688962354233135,0.7542521033602183,True,True,True,True
7,partial_occlusion,candidate_26,26,9,27540939,0.002,0.0065867491971873145,10.846316246661933,3.2933745985936573,False,False,False,True
7,partial_occlusion,candidate_26,26,10,27540940,0.002,0.00486051995116324,5.906163548913977,2.43025997558162,False,True,True,True
7,partial_occlusion,candidate_26,26,11,27540941,0.002,0.0038688996720218703,3.742096168042734,1.934449836010935,False,True,True,True
7,partial_occlusion,candidate_26,26,12,27540942,0.002,0.001810466039046401,0.8194468196350913,0.9052330195232005,True,True,True,True
7,partial_occlusion,candidate_26,26,13,27540943,0.002,0.003445603954001286,2.9680466519573243,1.722801977000643,False,True,True,True
7,partial_occlusion,candidate_26,26,14,27540944,0.002,0.0025231465538303544,1.5915671330264984,1.261573276915177,True,True,True,True
7,partial_occlusion,candidate_26,26,15,27540945,0.002,0.0010442951878449497,0.2726381098390297,0.5221475939224748,True,True,True,True
7,partial_occlusion,candidate_26,26,16,27540946,0.002,0.004001036286626137,4.002072841724767,2.0005181433130685,False,True,True,True
7,partial_occlusion,candidate_26,26,17,27540947,0.002,0.0011305771437339495,0.31955116948340384,0.5652885718669747,True,True,True,True
7,partial_occlusion,candidate_26,26,18,27540948,0.002,0.0029944713044414368,2.2417145982808,1.4972356522207184,True,True,True,True
7,partial_occlusion,candidate_26,26,19,27540949,0.002,0.003582761915294945,3.209045735421976,1.7913809576474726,False,True,True,True
7,partial_occlusion,candidate_26,26,20,27540950,0.002,0.0023007280697115934,1.3233374126897088,1.1503640348557966,True,True,True,True
7,partial_occlusion,candidate_26,26,21,27540951,0.002,0.004804983972241274,5.771967743373883,2.402491986120637,False,True,True,True
7,partial_occlusion,candidate_26,26,22,27540952,0.002,0.0014986330696917806,0.5614752693934524,0.7493165348458903,True,True,True,True
7,partial_occlusion,candidate_26,26,23,27540953,0.002,0.001390131055386078,0.4831160877872028,0.695065527693039,True,True,True,True
7,partial_occlusion,candidate_26,26,24,27540954,0.002,0.003402865446461336,2.8948733116801266,1.7014327232306679,False,True,True,True
7,partial_occlusion,candidate_26,26,25,27540955,0.002,0.003463798764257586,2.9994754698180954,1.7318993821287931,False,True,True,True
7,partial_occlusion,candidate_26,26,26,27540956,0.002,0.002149183993330905,1.1547479592974441,1.0745919966654527,True,True,True,True
7,partial_occlusion,candidate_26,26,27,27540957,0.002,0.003254183391423199,2.647427386253648,1.6270916957115995,False,True,True,True
7,partial_occlusion,candidate_26,26,28,27540958,0.002,0.005062391755272216,6.4069525709620265,2.5311958776361076,False,False,True,True
7,partial_occlusion,candidate_26,26,29,27540959,0.002,0.0048829811397647985,5.960876202824683,2.441490569882399,False,True,True,True
7,partial_occlusion,candidate_26,26,30,27540960,0.002,0.002403039958286819,1.443650260280779,1.2015199791434095,True,True,True,True
7,partial_occlusion,candidate_26,26,31,27540961,0.002,0.003301029940659282,2.7241996672822557,1.650514970329641,False,True,True,True
7,partial_occlusion,candidate_26,26,32,27540962,0.002,0.004999548258482251,6.248870697223227,2.4997741292411253,False,True,True,True
7,partial_occlusion,candidate_26,26,33,27540963,0.002,0.002221979576282566,1.234298309354213,1.1109897881412831,True,True,True,True
7,partial_occlusion,candidate_26,26,34,27540964,0.002,0.002375074792960392,1.4102450680389622,1.1875373964801959,True,True,True,True
7,partial_occlusion,candidate_26,26,35,27540965,0.002,0.003991833759673004,3.9836841912162786,1.9959168798365021,False,True,True,True
7,partial_occlusion,candidate_26,26,36,27540966,0.002,0.001786362444416205,0.7977726957051597,0.8931812222081025,True,True,True,True
7,partial_occlusion,candidate_26,26,37,27540967,0.002,0.00214019044234205,1.1451037823730648,1.0700952211710248,True,True,True,True
7,partial_occlusion,candidate_26,26,38,27540968,0.002,0.0017676974460983774,0.7811885652356815,0.8838487230491887,True,True,True,True
7,partial_occlusion,candidate_26,26,39,27540969,0.002,0.00046667153861120044,0.054445581237436286,0.2333357693056002,True,True,True,True
7,partial_occlusion,candidate_26,26,40,27540970,0.002,0.0015253226757146062,0.5816523162622914,0.7626613378573031,True,True,True,True
7,partial_occlusion,candidate_26,26,41,27540971,0.002,0.0006743569653438386,0.11368932917693779,0.3371784826719193,True,True,True,True
7,partial_occlusion,candidate_26,26,42,27540972,0.002,0.0024482110403469797,1.4984343245192102,1.2241055201734898,True,True,True,True
7,partial_occlusion,candidate_26,26,43,27540973,0.002,0.0021780196747564445,1.185942425906542,1.0890098373782222,True,True,True,True
7,partial_occlusion,candidate_26,26,44,27540974,0.002,0.002431214727400696,1.47770126268251,1.215607363700348,True,True,True,True
7,partial_occlusion,candidate_26,26,45,27540975,0.002,0.004209899077845486,4.430812561411068,2.104949538922743,False,True,True,True
7,partial_occlusion,candidate_26,26,46,27540976,0.002,0.002939948693672852,2.1608245803571777,1.4699743468364261,True,True,True,True
7,partial_occlusion,candidate_26,26,47,27540977,0.002,0.0014084174216179096,0.4959099083792101,0.7042087108089548,True,True,True,True
7,partial_occlusion,candidate_26,26,48,27540978,0.002,0.00272976941120142,1.862910259582737,1.36488470560071,True,True,True,True
7,partial_occlusion,candidate_26,26,49,27540979,0.002,0.0050196121201578296,6.299126459208845,2.509806060078915,False,False,True,True
7,partial_occlusion,candidate_26,26,50,27540980,0.002,0.0032514114296640136,2.642919071237446,1.6257057148320069,False,True,True,True
7,partial_occlusion,candidate_26,26,51,27540981,0.002,0.0021019571865131975,1.1045560034836193,1.0509785932565987,True,True,True,True
7,partial_occlusion,candidate_26,26,52,27540982,0.002,0.0035854163542666313,3.2138026083606555,1.7927081771333155,False,True,True,True
7,partial_occlusion,candidate_26,26,53,27540983,0.002,0.0026544209272385973,1.7614876147405538,1.3272104636192987,True,True,True,True
7,partial_occlusion,candidate_26,26,54,27540984,0.002,0.00313224997676671,2.4527474792387642,1.566124988383355,False,True,True,True
7,partial_occlusion,candidate_26,26,55,27540985,0.002,0.0020295525505320956,1.0297708888428339,1.0147762752660479,True,True,True,True
7,partial_occlusion,candidate_26,26,56,27540986,0.002,0.0019195006525710612,0.9211206888051825,0.9597503262855306,True,True,True,True
7,partial_occlusion,candidate_26,26,57,27540987,0.002,0.003598229839080713,3.2368144937127035,1.7991149195403564,False,True,True,True
7,partial_occlusion,candidate_26,26,58,27540988,0.002,0.002851689032183451,2.033032584068847,1.4258445160917255,True,True,True,True
7,partial_occlusion,candidate_26,26,59,27540989,0.002,0.0025394106362125863,1.6121515948274032,1.2697053181062932,True,True,True,True
7,partial_occlusion,candidate_26,26,60,27540990,0.002,0.0011245950099670922,0.3161784841107211,0.5622975049835461,True,True,True,True
7,partial_occlusion,candidate_26,26,61,27540991,0.002,0.005543553539996847,7.682746462702894,2.7717767699984237,False,False,True,True
7,partial_occlusion,candidate_26,26,62,27540992,0.002,0.0035658328479589146,3.178790974895696,1.7829164239794573,False,True,True,True
7,partial_occlusion,candidate_26,26,63,27540993,0.002,0.0048719671607736605,5.934016003914241,2.4359835803868304,False,True,True,True
7,partial_occlusion,candidate_26,26,64,27540994,0.002,0.0024962919552379164,1.5578683814463852,1.2481459776189583,True,True,True,True
7,partial_occlusion,candidate_26,26,65,27540995,0.002,0.0025319273492325103,1.6026640254478917,1.265963674616255,True,True,True,True
7,partial_occlusion,candidate_26,26,66,27540996,0.002,0.0057484580533155305,8.261192497682044,2.874229026657765,False,False,False,True
7,partial_occlusion,candidate_26,26,67,27540997,0.002,0.008018126740353647,16.07258910609355,4.009063370176824,False,False,False,False
7,partial_occlusion,candidate_26,26,68,27540998,0.002,0.004012385311523751,4.024808972032886,2.0061926557618754,False,True,True,True
7,partial_occlusion,candidate_26,26,69,27540999,0.002,0.003317567831229629,2.7515640787024163,1.6587839156148145,False,True,True,True
7,partial_occlusion,candidate_26,26,70,27541000,0.002,0.003444663438770776,2.9664265516010273,1.722331719385388,False,True,True,True
7,partial_occlusion,candidate_26,26,71,27541001,0.002,0.004722734619266555,5.576055571004702,2.3613673096332772,False,True,True,True
7,partial_occlusion,candidate_26,26,72,27541002,0.002,0.001588733742463799,0.6310187261107572,0.7943668712318994,True,True,True,True
7,partial_occlusion,candidate_26,26,73,27541003,0.002,0.004100610971285426,4.203752584456602,2.050305485642713,False,True,True,True
7,partial_occlusion,candidate_26,26,74,27541004,0.002,0.0025364772172871294,1.6084291684541647,1.2682386086435646,True,True,True,True
7,partial_occlusion,candidate_26,26,75,27541005,0.002,0.002241446273828478,1.256020349614892,1.120723136914239,True,True,True,True
7,partial_occlusion,candidate_26,26,76,27541006,0.002,0.001890918215359379,0.8938929242944749,0.9454591076796895,True,True,True,True
7,partial_occlusion,candidate_26,26,77,27541007,0.002,0.002796412696624422,1.954980992460568,1.398206348312211,True,True,True,True
7,partial_occlusion,candidate_26,26,78,27541008,0.002,0.0005682009789758026,0.08071308812726512,0.2841004894879013,True,True,True,True
7,partial_occlusion,candidate_26,26,79,27541009,0.002,0.002648014270109687,1.7529948936761346,1.3240071350548435,True,True,True,True
7,partial_occlusion,candidate_26,26,80,27541010,0.002,0.0026202064676871736,1.716370483327424,1.3101032338435867,True,True,True,True
7,partial_occlusion,candidate_26,26,81,27541011,0.002,0.0041197868496216095,4.243160921578786,2.0598934248108045,False,True,True,True
7,partial_occlusion,candidate_26,26,82,27541012,0.002,0.002121140372114789,1.1248091195538166,1.0605701860573946,True,True,True,True
7,partial_occlusion,candidate_26,26,83,27541013,0.002,0.001738381464337483,0.7554925288880329,0.8691907321687414,True,True,True,True
7,partial_occlusion,candidate_26,26,84,27541014,0.002,0.003807181725227101,3.623658172225801,1.9035908626135503,False,True,True,True
7,partial_occlusion,candidate_26,26,85,27541015,0.002,0.0027011740812841506,1.8240853543503188,1.3505870406420752,True,True,True,True
7,partial_occlusion,candidate_26,26,86,27541016,0.002,0.0038198052705177886,3.6477280761688693,1.9099026352588944,False,True,True,True
7,partial_occlusion,candidate_26,26,87,27541017,0.002,0.0024252534659112797,1.4704635934786687,1.2126267329556397,True,True,True,True
7,partial_occlusion,candidate_26,26,88,27541018,0.002,0.00222823761418681,1.2412607163192317,1.114118807093405,True,True,True,True
7,partial_occlusion,candidate_26,26,89,27541019,0.002,0.003927117480900109,3.8555629271978042,1.9635587404500543,False,True,True,True
7,partial_occlusion,candidate_26,26,90,27541020,0.002,0.0017643125588048907,0.7781997012891653,0.8821562794024453,True,True,True,True
7,partial_occlusion,candidate_26,26,91,27541021,0.002,0.0015776502913601588,0.6222451104571984,0.7888251456800793,True,True,True,True
7,partial_occlusion,candidate_26,26,92,27541022,0.002,0.004244723928120569,4.504420306489829,2.122361964060284,False,True,True,True
7,partial_occlusion,candidate_26,26,93,27541023,0.002,0.002876925630291204,2.0691752705566104,1.438462815145602,True,True,True,True
7,partial_occlusion,candidate_26,26,94,27541024,0.002,0.005602867616558969,7.848031382171294,2.8014338082794845,False,False,False,True
7,partial_occlusion,candidate_26,26,95,27541025,0.002,0.005216072526343932,6.801853150019993,2.6080362631719662,False,False,True,True
7,partial_occlusion,candidate_26,26,96,27541026,0.002,0.0058981764157038435,8.69712125769126,2.9490882078519216,False,False,False,True
7,partial_occlusion,candidate_26,26,97,27541027,0.002,0.0015608473679829154,0.6090611265347987,0.7804236839914577,True,True,True,True
7,partial_occlusion,candidate_26,26,98,27541028,0.002,0.003160619621826377,2.4973790984684783,1.5803098109131886,False,True,True,True
7,partial_occlusion,candidate_26,26,99,27541029,0.002,0.0031959360934701465,2.5535018783863053,1.5979680467350732,False,True,True,True
7,partial_occlusion,candidate_53,53,0,27810930,0.0026666666666666666,0.0040461846156216895,2.302257648331918,1.5173192308581336,True,True,True,True
7,partial_occlusion,candidate_53,53,1,27810931,0.0026666666666666666,0.0007174727860026313,0.07238913731077184,0.26905229475098674,True,True,True,True
7,partial_occlusion,candidate_53,53,2,27810932,0.0026666666666666666,0.0035213030561732127,1.7436902643864576,1.3204886460649548,True,True,True,True
7,partial_occlusion,candidate_53,53,3,27810933,0.0026666666666666666,0.008831686133604405,10.968564369726609,3.311882300101652,False,False,False,True
7,partial_occlusion,candidate_53,53,4,27810934,0.0026666666666666666,0.0007596432207154964,0.08114875632829861,0.2848662077683112,True,True,True,True
7,partial_occlusion,candidate_53,53,5,27810935,0.0026666666666666666,0.0050890247852396235,3.641930615360137,1.9083842944648588,False,True,True,True
7,partial_occlusion,candidate_53,53,6,27810936,0.0026666666666666666,0.004288139525619376,2.5858322706345707,1.608052322107266,False,True,True,True
7,partial_occlusion,candidate_53,53,7,27810937,0.0026666666666666666,0.002359069017105782,0.7826071819877496,0.8846508814146683,True,True,True,True
7,partial_occlusion,candidate_53,53,8,27810938,0.0026666666666666666,0.0011562370899818512,0.18799934178511402,0.4335889087431942,True,True,True,True
7,partial_occlusion,candidate_53,53,9,27810939,0.0026666666666666666,0.0010168611437122012,0.1454071760988308,0.3813229288920755,True,True,True,True
7,partial_occlusion,candidate_53,53,10,27810940,0.0026666666666666666,0.002759073205493691,1.0705056965540483,1.0346524520601341,True,True,True,True
7,partial_occlusion,candidate_53,53,11,27810941,0.0026666666666666666,0.0051438680807908855,3.7208501483314653,1.9289505302965821,False,True,True,True
7,partial_occlusion,candidate_53,53,12,27810942,0.0026666666666666666,0.004282177655426405,2.578647019589041,1.6058166207849018,False,True,True,True
7,partial_occlusion,candidate_53,53,13,27810943,0.0026666666666666666,0.006861457232361242,6.620568096307837,2.5730464621354656,False,False,True,True
7,partial_occlusion,candidate_53,53,14,27810944,0.0026666666666666666,0.005925161024510045,4.936996851521193,2.221935384191267,False,True,True,True
7,partial_occlusion,candidate_53,53,15,27810945,0.0026666666666666666,0.004662671993399955,3.057259235348857,1.7485019975249834,False,True,True,True
7,partial_occlusion,candidate_53,53,16,27810946,0.0026666666666666666,0.006306969370012187,5.5937619329444885,2.36511351375457,False,True,True,True
7,partial_occlusion,candidate_53,53,17,27810947,0.0026666666666666666,0.005218930756761799,3.8302366280448212,1.9570990337856748,False,True,True,True
7,partial_occlusion,candidate_53,53,18,27810948,0.0026666666666666666,0.0011514160771287823,0.1864348569380579,0.43178102892329334,True,True,True,True
7,partial_occlusion,candidate_53,53,19,27810949,0.0026666666666666666,0.006235967133630124,5.468524606647436,2.3384876751112964,False,True,True,True
7,partial_occlusion,candidate_53,53,20,27810950,0.0026666666666666666,0.0027055861723465718,1.0294026378740118,1.0145948146299644,True,True,True,True
7,partial_occlusion,candidate_53,53,21,27810951,0.0026666666666666666,0.004482334378242312,2.8253420828961877,1.680875391840867,False,True,True,True
7,partial_occlusion,candidate_53,53,22,27810952,0.0026666666666666666,0.0029292111867787914,1.2066016186054709,1.0984541950420468,True,True,True,True
7,partial_occlusion,candidate_53,53,23,27810953,0.0026666666666666666,0.006298970605843698,5.579582441242911,2.362113977191387,False,True,True,True
7,partial_occlusion,candidate_53,53,24,27810954,0.0026666666666666666,0.002213650122757515,0.6890972155290507,0.8301187960340681,True,True,True,True
7,partial_occlusion,candidate_53,53,25,27810955,0.0026666666666666666,0.0025178808138395063,0.8915236583485915,0.9442053051898149,True,True,True,True
7,partial_occlusion,candidate_53,53,26,27810956,0.0026666666666666666,0.002800131145024609,1.1026032791254914,1.0500491793842284,True,True,True,True
7,partial_occlusion,candidate_53,53,27,27810957,0.0026666666666666666,0.004467387188798049,2.806530228933319,1.6752701957992684,False,True,True,True
7,partial_occlusion,candidate_53,53,28,27810958,0.0026666666666666666,0.0036913408803031923,1.9161558976777802,1.3842528301136972,True,True,True,True
7,partial_occlusion,candidate_53,53,29,27810959,0.0026666666666666666,0.0017878694843834347,0.4495046193547719,0.670451056643788,True,True,True,True
7,partial_occlusion,candidate_53,53,30,27810960,0.0026666666666666666,0.0020634824959575044,0.5987756265641736,0.7738059359840642,True,True,True,True
7,partial_occlusion,candidate_53,53,31,27810961,0.0026666666666666666,0.0014952351241225132,0.3143992607451095,0.5607131715459425,True,True,True,True
7,partial_occlusion,candidate_53,53,32,27810962,0.0026666666666666666,0.0033777614791750655,1.604428960809224,1.2666605546906495,True,True,True,True
7,partial_occlusion,candidate_53,53,33,27810963,0.0026666666666666666,0.006577081416502951,6.083156244277753,2.466405531188607,False,True,True,True
7,partial_occlusion,candidate_53,53,34,27810964,0.0026666666666666666,0.004552629980294153,2.9146555880821605,1.7072362426103074,False,True,True,True
7,partial_occlusion,candidate_53,53,35,27810965,0.0026666666666666666,0.0023621555943368036,0.7846564291673425,0.8858083478763014,True,True,True,True
7,partial_occlusion,candidate_53,53,36,27810966,0.0026666666666666666,0.002825043639238762,1.1223100636317265,1.0593913647145357,True,True,True,True
7,partial_occlusion,candidate_53,53,37,27810967,0.0026666666666666666,0.0032885954133611383,1.5208396583596757,1.233223280010427,True,True,True,True
7,partial_occlusion,candidate_53,53,38,27810968,0.0026666666666666666,0.0023289680490426825,0.7627629618930486,0.8733630183910059,True,True,True,True
7,partial_occlusion,candidate_53,53,39,27810969,0.0026666666666666666,0.0022901163933625682,0.7375265290051843,0.8587936475109631,True,True,True,True
7,partial_occlusion,candidate_53,53,40,27810970,0.0026666666666666666,0.005826815510270401,4.774468920571086,2.1850558163514004,False,True,True,True
7,partial_occlusion,candidate_53,53,41,27810971,0.0026666666666666666,0.0031978955929250316,1.4381066563944385,1.199210847346887,True,True,True,True
7,partial_occlusion,candidate_53,53,42,27810972,0.0026666666666666666,0.004337910439477913,2.6462062941934863,1.6267164148042172,False,True,True,True
7,partial_occlusion,candidate_53,53,43,27810973,0.0026666666666666666,0.001544505984286745,0.33546075967934535,0.5791897441075294,True,True,True,True
7,partial_occlusion,candidate_53,53,44,27810974,0.0026666666666666666,0.0034722868062856058,1.6954840779054037,1.3021075523571022,True,True,True,True
7,partial_occlusion,candidate_53,53,45,27810975,0.0026666666666666666,0.004634177196363929,3.020006009151485,1.7378164486364736,False,True,True,True
7,partial_occlusion,candidate_53,53,46,27810976,0.0026666666666666666,0.005361285207447218,4.042037682505176,2.010481952792707,False,True,True,True
7,partial_occlusion,candidate_53,53,47,27810977,0.0026666666666666666,0.0020922447663947884,0.6155842728524601,0.7845917873980457,True,True,True,True
7,partial_occlusion,candidate_53,53,48,27810978,0.0026666666666666666,0.0025669280424276226,0.9265949402345588,0.9625980159103585,True,True,True,True
7,partial_occlusion,candidate_53,53,49,27810979,0.0026666666666666666,0.0059662164020643175,5.005650678224244,2.237331150774119,False,True,True,True
7,partial_occlusion,candidate_53,53,50,27810980,0.0026666666666666666,0.006173753024709995,5.359953713922536,2.3151573842662483,False,True,True,True
7,partial_occlusion,candidate_53,53,51,27810981,0.0026666666666666666,0.0025824259528012313,0.937817409614252,0.9684097323004618,True,True,True,True
7,partial_occlusion,candidate_53,53,52,27810982,0.0026666666666666666,0.005107132626461392,3.6678942652874675,1.915174734923022,False,True,True,True
7,partial_occlusion,candidate_53,53,53,27810983,0.0026666666666666666,0.004462197287248236,2.8000131511395256,1.6733239827180886,False,True,True,True
7,partial_occlusion,candidate_53,53,54,27810984,0.0026666666666666666,0.0042054493968020175,2.4870662759619075,1.5770435238007565,False,True,True,True
7,partial_occlusion,candidate_53,53,55,27810985,0.0026666666666666666,0.0035299682375098894,1.7522825284446577,1.3237380890662085,True,True,True,True
7,partial_occlusion,candidate_53,53,56,27810986,0.0026666666666666666,0.007135496958139426,7.159966430571141,2.6758113593022848,False,False,True,True
7,partial_occlusion,candidate_53,53,57,27810987,0.0026666666666666666,0.010822361844495186,16.470494422479177,4.058385691685695,False,False,False,False
7,partial_occlusion,candidate_53,53,58,27810988,0.0026666666666666666,0.006151225068015478,5.320908258381848,2.3067094005058046,False,True,True,True
7,partial_occlusion,candidate_53,53,59,27810989,0.0026666666666666666,0.000912754093759316,0.11715750501671111,0.3422827851597435,True,True,True,True
7,partial_occlusion,candidate_53,53,60,27810990,0.0026666666666666666,0.003919815708106845,2.160696822963914,1.469930890540067,True,True,True,True
7,partial_occlusion,candidate_53,53,61,27810991,0.0026666666666666666,0.002932745113049518,1.2095147669225388,1.0997794173935693,True,True,True,True
7,partial_occlusion,candidate_53,53,62,27810992,0.0026666666666666666,0.003836112737407899,2.069403881358252,1.4385422765279623,True,True,True,True
7,partial_occlusion,candidate_53,53,63,27810993,0.0026666666666666666,0.006530317624138371,5.996959913268594,2.448869109051889,False,True,True,True
7,partial_occlusion,candidate_53,53,64,27810994,0.0026666666666666666,0.006084086174671522,5.2053897066790995,2.2815323155018206,False,True,True,True
7,partial_occlusion,candidate_53,53,65,27810995,0.0026666666666666666,0.0013798179747962255,0.26773560612713776,0.5174317405485845,True,True,True,True
7,partial_occlusion,candidate_53,53,66,27810996,0.0026666666666666666,0.0035659528109382582,1.7881902351335341,1.3372323041018468,True,True,True,True
7,partial_occlusion,candidate_53,53,67,27810997,0.0026666666666666666,0.005563900182440892,4.353326049398316,2.086462568415335,False,True,True,True
7,partial_occlusion,candidate_53,53,68,27810998,0.0026666666666666666,0.003409446576420922,1.634670837768986,1.2785424661578457,True,True,True,True
7,partial_occlusion,candidate_53,53,69,27810999,0.0026666666666666666,0.0053487278370666705,4.023125082423549,2.0057729389000016,False,True,True,True
7,partial_occlusion,candidate_53,53,70,27811000,0.0026666666666666666,0.0037233975323552283,1.9495812914928288,1.3962740746332107,True,True,True,True
7,partial_occlusion,candidate_53,53,71,27811001,0.0026666666666666666,0.0024340985526324775,0.8331800293023078,0.9127869572371791,True,True,True,True
7,partial_occlusion,candidate_53,53,72,27811002,0.0026666666666666666,0.006135956226116459,5.294525457489938,2.300983584793672,False,True,True,True
7,partial_occlusion,candidate_53,53,73,27811003,0.0026666666666666666,0.0035659672208509566,1.7882046872133042,1.337237707819109,True,True,True,True
7,partial_occlusion,candidate_53,53,74,27811004,0.0026666666666666666,0.0046372397098834875,3.0239988928481663,1.7389648912063078,False,True,True,True
7,partial_occlusion,candidate_53,53,75,27811005,0.0026666666666666666,0.0060282957646072746,5.110361694222469,2.260610911727728,False,True,True,True
7,partial_occlusion,candidate_53,53,76,27811006,0.0026666666666666666,0.003442220076924063,1.6662486175283115,1.2908325288465237,True,True,True,True
7,partial_occlusion,candidate_53,53,77,27811007,0.0026666666666666666,0.00697704238103302,6.845501304384036,2.6163908928873827,False,False,True,True
7,partial_occlusion,candidate_53,53,78,27811008,0.0026666666666666666,0.0013306166804828515,0.2489822930220754,0.4989812551810693,True,True,True,True
7,partial_occlusion,candidate_53,53,79,27811009,0.0026666666666666666,0.0038519417587314937,2.0865171533427382,1.4444781595243101,True,True,True,True
7,partial_occlusion,candidate_53,53,80,27811010,0.0026666666666666666,0.0014959791632837554,0.314712233012695,0.5609921862314082,True,True,True,True
7,partial_occlusion,candidate_53,53,81,27811011,0.0026666666666666666,0.0058973343373202635,4.890733915237964,2.2115003764950987,False,True,True,True
7,partial_occlusion,candidate_53,53,82,27811012,0.0026666666666666666,0.002904227976947453,1.1861072074806043,1.089085491355295,True,True,True,True
7,partial_occlusion,candidate_53,53,83,27811013,0.0026666666666666666,0.003595433194199694,1.8178790419621427,1.3482874478248852,True,True,True,True
7,partial_occlusion,candidate_53,53,84,27811014,0.0026666666666666666,0.0046500714713533075,3.040757534347582,1.7437768017574904,False,True,True,True
7,partial_occlusion,candidate_53,53,85,27811015,0.0026666666666666666,0.004777552593307871,3.209766859943826,1.7915822224904516,False,True,True,True
7,partial_occlusion,candidate_53,53,86,27811016,0.0026666666666666666,0.004011329745493149,2.2627640147453625,1.504248654559931,True,True,True,True
7,partial_occlusion,candidate_53,53,87,27811017,0.0026666666666666666,0.005933993070564792,4.95172599771248,2.225247401461797,False,True,True,True
7,partial_occlusion,candidate_53,53,88,27811018,0.0026666666666666666,0.003215517992686415,1.4540000570564164,1.2058192472574056,True,True,True,True
7,partial_occlusion,candidate_53,53,89,27811019,0.0026666666666666666,0.0037228617400703362,1.9490202472049343,1.396073152526376,True,True,True,True
7,partial_occlusion,candidate_53,53,90,27811020,0.0026666666666666666,0.0064549202276886816,5.85928056738157,2.4205950853832556,False,True,True,True
7,partial_occlusion,candidate_53,53,91,27811021,0.0026666666666666666,0.0020650901823881266,0.5997090180087881,0.7744088183955475,True,True,True,True
7,partial_occlusion,candidate_53,53,92,27811022,0.0026666666666666666,0.0036906711209461662,1.9154606235449108,1.3840016703548124,True,True,True,True
7,partial_occlusion,candidate_53,53,93,27811023,0.0026666666666666666,0.0029437451778894213,1.218605016423828,1.103904441708533,True,True,True,True
7,partial_occlusion,candidate_53,53,94,27811024,0.0026666666666666666,0.0032001500489560364,1.4401350472265608,1.2000562683585136,True,True,True,True
7,partial_occlusion,candidate_53,53,95,27811025,0.0026666666666666666,0.004978938507167283,3.4860696550527894,1.8671019401877311,False,True,True,True
7,partial_occlusion,candidate_53,53,96,27811026,0.0026666666666666666,0.005304031410068558,3.956167856108511,1.9890117787757093,False,True,True,True
7,partial_occlusion,candidate_53,53,97,27811027,0.0026666666666666666,0.005191922224936286,3.790695429813846,1.9469708343511072,False,True,True,True
7,partial_occlusion,candidate_53,53,98,27811028,0.0026666666666666666,0.001849725241837946,0.4811461130098755,0.6936469656892298,True,True,True,True
7,partial_occlusion,candidate_53,53,99,27811029,0.0026666666666666666,0.00526192121737939,3.8935989700182283,1.9732204565172713,False,True,True,True
7,partial_occlusion,candidate_80,80,0,28080930,0.0033333333333333344,0.006597127036840784,3.9169876626194076,1.9791381110522346,False,True,True,True
7,partial_occlusion,candidate_80,80,1,28080931,0.0033333333333333344,0.007812437332976855,5.493075937352143,2.3437311998930555,False,True,True,True
7,partial_occlusion,candidate_80,80,2,28080932,0.0033333333333333344,0.006938601464551223,4.332977125548511,2.081580439365366,False,True,True,True
7,partial_occlusion,candidate_80,80,3,28080933,0.0033333333333333344,0.004591920731022673,1.8977162399996208,1.3775762193068015,True,True,True,True
7,partial_occlusion,candidate_80,80,4,28080934,0.0033333333333333344,0.005985450500926791,3.224305592914028,1.7956351502780368,False,True,True,True
7,partial_occlusion,candidate_80,80,5,28080935,0.0033333333333333344,0.003693709246144155,1.227913919554573,1.1081127738432461,True,True,True,True
7,partial_occlusion,candidate_80,80,6,28080936,0.0033333333333333344,0.006733074007131692,4.080085702696115,2.019922202139507,False,True,True,True
7,partial_occlusion,candidate_80,80,7,28080937,0.0033333333333333344,0.003978429019932321,1.4245107719975671,1.193528705979696,True,True,True,True
7,partial_occlusion,candidate_80,80,8,28080938,0.0033333333333333344,0.004518710317074477,1.8376868636671777,1.3556130951223428,True,True,True,True
7,partial_occlusion,candidate_80,80,9,28080939,0.0033333333333333344,0.0020679160105175932,0.38486489638994964,0.6203748031552778,True,True,True,True
7,partial_occlusion,candidate_80,80,10,28080940,0.0033333333333333344,0.007422343368844633,4.958206297652868,2.2267030106533894,False,True,True,True
7,partial_occlusion,candidate_80,80,11,28080941,0.0033333333333333344,0.0046059031554568025,1.9092909489702226,1.3817709466370403,True,True,True,True
7,partial_occlusion,candidate_80,80,12,28080942,0.0033333333333333344,0.008913408598767058,7.150396756371704,2.6740225796301167,False,False,True,True
7,partial_occlusion,candidate_80,80,13,28080943,0.0033333333333333344,0.0057954482146517034,3.0228498007838636,1.7386344643955105,False,True,True,True
7,partial_occlusion,candidate_80,80,14,28080944,0.0033333333333333344,0.006008822347781529,3.249535140647883,1.802646704334458,False,True,True,True
7,partial_occlusion,candidate_80,80,15,28080945,0.0033333333333333344,0.0047851576753499495,2.0607960580164466,1.4355473026049843,True,True,True,True
7,partial_occlusion,candidate_80,80,16,28080946,0.0033333333333333344,0.009956441365502791,8.921765219822552,2.9869324096508363,False,False,False,True
7,partial_occlusion,candidate_80,80,17,28080947,0.0033333333333333344,0.008543044597571645,6.568524989648822,2.5629133792714924,False,False,True,True
7,partial_occlusion,candidate_80,80,18,28080948,0.0033333333333333344,0.004460977361322013,1.7910287116404744,1.3382932083966035,True,True,True,True
7,partial_occlusion,candidate_80,80,19,28080949,0.0033333333333333344,0.004880126931110602,2.143407497737587,1.4640380793331802,True,True,True,True
7,partial_occlusion,candidate_80,80,20,28080950,0.0033333333333333344,0.007268588591254426,4.754914209802257,2.180576577376327,False,True,True,True
7,partial_occlusion,candidate_80,80,21,28080951,0.0033333333333333344,0.007026288669187777,4.443185921648086,2.1078866007563324,False,True,True,True
7,partial_occlusion,candidate_80,80,22,28080952,0.0033333333333333344,0.006910679682133201,4.298174430214375,2.0732039046399597,False,True,True,True
7,partial_occlusion,candidate_80,80,23,28080953,0.0033333333333333344,0.0035715506991518963,1.148037695695115,1.0714652097455686,True,True,True,True
7,partial_occlusion,candidate_80,80,24,28080954,0.0033333333333333344,0.00759922751552835,5.197343294948683,2.2797682546585043,False,True,True,True
7,partial_occlusion,candidate_80,80,25,28080955,0.0033333333333333344,0.0022844874211090907,0.46969944994850943,0.685346226332727,True,True,True,True
7,partial_occlusion,candidate_80,80,26,28080956,0.0033333333333333344,0.005318401771879628,2.5456857666419115,1.595520531563888,False,True,True,True
7,partial_occlusion,candidate_80,80,27,28080957,0.0033333333333333344,0.006446054167438289,3.7396452896593653,1.933816250231486,False,True,True,True
7,partial_occlusion,candidate_80,80,28,28080958,0.0033333333333333344,0.00690598665167617,4.292338646981647,2.07179599550285,False,True,True,True
7,partial_occlusion,candidate_80,80,29,28080959,0.0033333333333333344,0.006780378054923469,4.137617391091895,2.03411341647704,False,True,True,True
7,partial_occlusion,candidate_80,80,30,28080960,0.0033333333333333344,0.007946679513720616,5.68347437644082,2.3840038541161843,False,True,True,True
7,partial_occlusion,candidate_80,80,31,28080961,0.0033333333333333344,0.006786754952037086,4.1454038501099895,2.036026485611125,False,True,True,True
7,partial_occlusion,candidate_80,80,32,28080962,0.0033333333333333344,0.0017176542780487033,0.26553025970091093,0.5152962834146109,True,True,True,True
7,partial_occlusion,candidate_80,80,33,28080963,0.0033333333333333344,0.005478090158663696,2.7008524607803213,1.6434270475991082,False,True,True,True
7,partial_occlusion,candidate_80,80,34,28080964,0.0033333333333333344,0.005256360846153045,2.486639641047366,1.576908253845913,False,True,True,True
7,partial_occlusion,candidate_80,80,35,28080965,0.0033333333333333344,0.0058746385533999836,3.1060240319784085,1.7623915660199945,False,True,True,True
7,partial_occlusion,candidate_80,80,36,28080966,0.0033333333333333344,0.003392283412985338,1.03568280786139,1.017685023895601,True,True,True,True
7,partial_occlusion,candidate_80,80,37,28080967,0.0033333333333333344,0.0050634129472062,2.3074335606541827,1.5190238841618595,True,True,True,True
7,partial_occlusion,candidate_80,80,38,28080968,0.0033333333333333344,0.007974598142622056,5.723479398267999,2.392379442786616,False,True,True,True
7,partial_occlusion,candidate_80,80,39,28080969,0.0033333333333333344,0.004806022262867122,2.078806499205696,1.4418066788601362,True,True,True,True
7,partial_occlusion,candidate_80,80,40,28080970,0.0033333333333333344,0.0016264408803797136,0.23807789436333027,0.48793226411391394,True,True,True,True
7,partial_occlusion,candidate_80,80,41,28080971,0.0033333333333333344,0.0039314693603578,1.391080619828894,1.1794408081073395,True,True,True,True
7,partial_occlusion,candidate_80,80,42,28080972,0.0033333333333333344,0.007567396766648829,5.153894444149841,2.270219029994648,False,True,True,True
7,partial_occlusion,candidate_80,80,43,28080973,0.0033333333333333344,0.006236050099258765,3.499948875641871,1.870815029777629,False,True,True,True
7,partial_occlusion,candidate_80,80,44,28080974,0.0033333333333333344,0.007781420404510257,5.449545316055568,2.334426121353076,False,True,True,True
7,partial_occlusion,candidate_80,80,45,28080975,0.0033333333333333344,0.0014573952289692422,0.19116007680800776,0.4372185686907725,True,True,True,True
7,partial_occlusion,candidate_80,80,46,28080976,0.0033333333333333344,0.006078441482073612,3.3252705765893906,1.823532444622083,False,True,True,True
7,partial_occlusion,candidate_80,80,47,28080977,0.0033333333333333344,0.0049273308440911465,2.185073032241876,1.4781992532273436,True,True,True,True
7,partial_occlusion,candidate_80,80,48,28080978,0.0033333333333333344,0.006311356661432091,3.584990061702288,1.8934069984296267,False,True,True,True
7,partial_occlusion,candidate_80,80,49,28080979,0.0033333333333333344,0.0035048105524141935,1.105532730748249,1.0514431657242578,True,True,True,True
7,partial_occlusion,candidate_80,80,50,28080980,0.0033333333333333344,0.002157300968258379,0.41885527208836826,0.6471902904775134,True,True,True,True
7,partial_occlusion,candidate_80,80,51,28080981,0.0033333333333333344,0.003374390426301739,1.024785967420514,1.0123171278905214,True,True,True,True
7,partial_occlusion,candidate_80,80,52,28080982,0.0033333333333333344,0.003035356631153952,0.8292050890461236,0.9106069893461853,True,True,True,True
7,partial_occlusion,candidate_80,80,53,28080983,0.0033333333333333344,0.0024937447192689595,0.5596886452393636,0.7481234157806876,True,True,True,True
7,partial_occlusion,candidate_80,80,54,28080984,0.0033333333333333344,0.004270985397772202,1.6417184641185025,1.2812956193316603,True,True,True,True
7,partial_occlusion,candidate_80,80,55,28080985,0.0033333333333333344,0.003104129361134067,0.8672057181589126,0.9312388083402198,True,True,True,True
7,partial_occlusion,candidate_80,80,56,28080986,0.0033333333333333344,0.005432214103462155,2.6558055059267813,1.629664231038646,False,True,True,True
7,partial_occlusion,candidate_80,80,57,28080987,0.0033333333333333344,0.0052503849306977605,2.48098877284483,1.5751154792093276,False,True,True,True
7,partial_occlusion,candidate_80,80,58,28080988,0.0033333333333333344,0.007842530138627296,5.535475107774968,2.352759041588188,False,True,True,True
7,partial_occlusion,candidate_80,80,59,28080989,0.0033333333333333344,0.006129126350626654,3.380957083975138,1.8387379051879955,False,True,True,True
7,partial_occlusion,candidate_80,80,60,28080990,0.0033333333333333344,0.0037722500433940258,1.2806883350897598,1.1316750130182074,True,True,True,True
7,partial_occlusion,candidate_80,80,61,28080991,0.0033333333333333344,0.005737318077044671,2.9625136845465185,1.7211954231134008,False,True,True,True
7,partial_occlusion,candidate_80,80,62,28080992,0.0033333333333333344,0.006150571665369579,3.4046578629762387,1.8451714996108732,False,True,True,True
7,partial_occlusion,candidate_80,80,63,28080993,0.0033333333333333344,0.0033356990882893287,1.0014199566852826,1.0007097264867983,True,True,True,True
7,partial_occlusion,candidate_80,80,64,28080994,0.0033333333333333344,0.004811618958545848,2.083650930201403,1.4434856875637538,True,True,True,True
7,partial_occlusion,candidate_80,80,65,28080995,0.0033333333333333344,0.0011535217355277665,0.11975511549014907,0.34605652065832987,True,True,True,True
7,partial_occlusion,candidate_80,80,66,28080996,0.0033333333333333344,0.009313152069017025,7.806132131457242,2.7939456207051063,False,False,True,True
7,partial_occlusion,candidate_80,80,67,28080997,0.0033333333333333344,0.006833201485581449,4.202337828829724,2.049960445674434,False,True,True,True
7,partial_occlusion,candidate_80,80,68,28080998,0.0033333333333333344,0.005815909357323844,3.044232148734632,1.7447728071971527,False,True,True,True
7,partial_occlusion,candidate_80,80,69,28080999,0.0033333333333333344,0.008737102810122048,6.870326896317828,2.6211308430366134,False,False,True,True
7,partial_occlusion,candidate_80,80,70,28081000,0.0033333333333333344,0.005498290180676475,2.720807541983099,1.6494870542029418,False,True,True,True
7,partial_occlusion,candidate_80,80,71,28081001,0.0033333333333333344,0.007838119202693561,5.529250137207015,2.3514357608080676,False,True,True,True
7,partial_occlusion,candidate_80,80,72,28081002,0.0033333333333333344,0.0071229329529463445,4.5662556466952005,2.1368798858839027,False,True,True,True
7,partial_occlusion,candidate_80,80,73,28081003,0.0033333333333333344,0.002948263196808867,0.7823030289891871,0.8844789590426598,True,True,True,True
7,partial_occlusion,candidate_80,80,74,28081004,0.0033333333333333344,0.006420648354780944,3.71022527661761,1.9261945064342827,False,True,True,True
7,partial_occlusion,candidate_80,80,75,28081005,0.0033333333333333344,0.005969114038701467,3.206729016632062,1.7907342116104394,False,True,True,True
7,partial_occlusion,candidate_80,80,76,28081006,0.0033333333333333344,0.0016026756988698633,0.23117124561732025,0.48080270966095884,True,True,True,True
7,partial_occlusion,candidate_80,80,77,28081007,0.0033333333333333344,0.005584783380364485,2.807082486503581,1.675435014109345,False,True,True,True
7,partial_occlusion,candidate_80,80,78,28081008,0.0033333333333333344,0.0056904284964879705,2.9142878826278094,1.7071285489463905,False,True,True,True
7,partial_occlusion,candidate_80,80,79,28081009,0.0033333333333333344,0.00864065323447935,6.719479948666658,2.5921959703438042,False,False,True,True
7,partial_occlusion,candidate_80,80,80,28081010,0.0033333333333333344,0.007406328047626778,4.936832563415674,2.2218984142880327,False,True,True,True
7,partial_occlusion,candidate_80,80,81,28081011,0.0033333333333333344,0.002585706403444574,0.6017289844332843,0.7757119210333719,True,True,True,True
7,partial_occlusion,candidate_80,80,82,28081012,0.0033333333333333344,0.007740965331567842,5.393028983808167,2.3222895994703516,False,True,True,True
7,partial_occlusion,candidate_80,80,83,28081013,0.0033333333333333344,0.005211456024469479,2.444334650548129,1.5634368073408433,False,True,True,True
7,partial_occlusion,candidate_80,80,84,28081014,0.0033333333333333344,0.002721251240912545,0.6664687484551256,0.8163753722737633,True,True,True,True
7,partial_occlusion,candidate_80,80,85,28081015,0.0033333333333333344,0.0053382294506280825,2.5647024300797683,1.6014688351884243,False,True,True,True
7,partial_occlusion,candidate_80,80,86,28081016,0.0033333333333333344,0.006081567605445986,3.3286918085649,1.8244702816337952,False,True,True,True
7,partial_occlusion,candidate_80,80,87,28081017,0.0033333333333333344,0.004555981577696986,1.8681271322682875,1.3667944733090955,True,True,True,True
7,partial_occlusion,candidate_80,80,88,28081018,0.0033333333333333344,0.007300545537553174,4.7968168631298775,2.1901636612659514,False,True,True,True
7,partial_occlusion,candidate_80,80,89,28081019,0.0033333333333333344,0.005240038388856337,2.4712202085019284,1.5720115166569004,False,True,True,True
7,partial_occlusion,candidate_80,80,90,28081020,0.0033333333333333344,0.0017165730276152125,0.26519606632224496,0.5149719082845636,True,True,True,True
7,partial_occlusion,candidate_80,80,91,28081021,0.0033333333333333344,0.003373940645389543,1.024512793075044,1.0121821936168627,True,True,True,True
7,partial_occlusion,candidate_80,80,92,28081022,0.0033333333333333344,0.0007659546184220507,0.052801782973386197,0.22978638552661512,True,True,True,True
7,partial_occlusion,candidate_80,80,93,28081023,0.0033333333333333344,0.004330797958274883,1.6880229859858096,1.2992393874824644,True,True,True,True
7,partial_occlusion,candidate_80,80,94,28081024,0.0033333333333333344,0.008751250833738393,6.892595203950618,2.625375250121517,False,False,True,True
7,partial_occlusion,candidate_80,80,95,28081025,0.0033333333333333344,0.008044657193378098,5.824485842307294,2.413397158013429,False,True,True,True
7,partial_occlusion,candidate_80,80,96,28081026,0.0033333333333333344,0.0028329504529027937,0.7223047441741924,0.8498851358708378,True,True,True,True
7,partial_occlusion,candidate_80,80,97,28081027,0.0033333333333333344,0.004179627995705846,1.572236116423925,1.2538883987117533,True,True,True,True
7,partial_occlusion,candidate_80,80,98,28081028,0.0033333333333333344,0.004788878115578529,2.0640018245280256,1.4366634346735583,True,True,True,True
7,partial_occlusion,candidate_80,80,99,28081029,0.0033333333333333344,0.00656978468585901,3.8845863736692783,1.9709354057577022,False,True,True,True
7,partial_occlusion,candidate_107,107,0,28350930,0.0033333333333333335,0.002204427851693927,0.43735519379915105,0.661328355508178,True,True,True,True
7,partial_occlusion,candidate_107,107,1,28350931,0.0033333333333333335,0.007137551062464492,4.585017165235919,2.1412653187393476,False,True,True,True
7,partial_occlusion,candidate_107,107,2,28350932,0.0033333333333333335,0.007334878196013141,4.842039433531408,2.200463458803942,False,True,True,True
7,partial_occlusion,candidate_107,107,3,28350933,0.0033333333333333335,0.008047136812080998,5.82807697851142,2.414141043624299,False,True,True,True
7,partial_occlusion,candidate_107,107,4,28350934,0.0033333333333333335,0.0058679576239144245,3.0989634008449873,1.7603872871743271,False,True,True,True
7,partial_occlusion,candidate_107,107,5,28350935,0.0033333333333333335,0.0032228559519344017,0.9348120438227098,0.9668567855803204,True,True,True,True
7,partial_occlusion,candidate_107,107,6,28350936,0.0033333333333333335,0.004627258956869675,1.9270372908537565,1.3881776870609024,True,True,True,True
7,partial_occlusion,candidate_107,107,7,28350937,0.0033333333333333335,0.004576627538486596,1.8850967663430491,1.3729882615459787,True,True,True,True
7,partial_occlusion,candidate_107,107,8,28350938,0.0033333333333333335,0.0072958584782096105,4.790659584065674,2.188757543462883,False,True,True,True
7,partial_occlusion,candidate_107,107,9,28350939,0.0033333333333333335,0.009562265779939653,8.229323416158438,2.868679733981896,False,False,False,True
7,partial_occlusion,candidate_107,107,10,28350940,0.0033333333333333335,0.003559593251649819,1.1403633705471834,1.0678779754949457,True,True,True,True
7,partial_occlusion,candidate_107,107,11,28350941,0.0033333333333333335,0.002973978996598693,0.7960095964989149,0.8921936989796078,True,True,True,True
7,partial_occlusion,candidate_107,107,12,28350942,0.0033333333333333335,0.009677691849820648,8.429194758607649,2.903307554946194,False,False,False,True
7,partial_occlusion,candidate_107,107,13,28350943,0.0033333333333333335,0.0084600700688858,6.441550701341163,2.53802102066574,False,False,True,True
7,partial_occlusion,candidate_107,107,14,28350944,0.0033333333333333335,0.0030196892948501134,0.8206671093689136,0.9059067884550339,True,True,True,True
7,partial_occlusion,candidate_107,107,15,28350945,0.0033333333333333335,0.002653053614498236,0.6334824133261938,0.7959160843494707,True,True,True,True
7,partial_occlusion,candidate_107,107,16,28350946,0.0033333333333333335,0.004939723842435092,2.1960784475569537,1.4819171527305275,True,True,True,True
7,partial_occlusion,candidate_107,107,17,28350947,0.0033333333333333335,0.007303194841067177,4.800298939793119,2.190958452320153,False,True,True,True
7,partial_occlusion,candidate_107,107,18,28350948,0.0033333333333333335,0.003076165128691773,0.8516512709081344,0.9228495386075318,True,True,True,True
7,partial_occlusion,candidate_107,107,19,28350949,0.0033333333333333335,0.006418148254868873,3.707336431932871,1.9254444764606617,False,True,True,True
7,partial_occlusion,candidate_107,107,20,28350950,0.0033333333333333335,0.0033426931332279923,1.0056237644636614,1.0028079399683976,True,True,True,True
7,partial_occlusion,candidate_107,107,21,28350951,0.0033333333333333335,0.003240191509858364,0.9448956918502401,0.9720574529575092,True,True,True,True
7,partial_occlusion,candidate_107,107,22,28350952,0.0033333333333333335,0.006952961304493236,4.350930381160224,2.0858883913479707,False,True,True,True
7,partial_occlusion,candidate_107,107,23,28350953,0.0033333333333333335,0.003773082844716964,1.2812538737787709,1.1319248534150892,True,True,True,True
7,partial_occlusion,candidate_107,107,24,28350954,0.0033333333333333335,0.007856185584094488,5.554768673856064,2.356855675228346,False,True,True,True
7,partial_occlusion,candidate_107,107,25,28350955,0.0033333333333333335,0.004976729952269627,2.2291056916035874,1.493018985680888,True,True,True,True
7,partial_occlusion,candidate_107,107,26,28350956,0.0033333333333333335,0.008750104207189583,6.8907891273009145,2.6250312621568748,False,False,True,True
7,partial_occlusion,candidate_107,107,27,28350957,0.0033333333333333335,0.0034942481389667137,1.0988793051005106,1.048274441690014,True,True,True,True
7,partial_occlusion,candidate_107,107,28,28350958,0.0033333333333333335,0.0042272782519797505,1.6082893277694874,1.2681834755939252,True,True,True,True
7,partial_occlusion,candidate_107,107,29,28350959,0.0033333333333333335,0.010458277433724912,9.843801019268374,3.1374832301174735,False,False,False,True
7,partial_occlusion,candidate_107,107,30,28350960,0.0033333333333333335,0.009135361172226627,7.510934137232325,2.740608351667988,False,False,True,True
7,partial_occlusion,candidate_107,107,31,28350961,0.0033333333333333335,0.002655358577664701,0.6345836258379751,0.7966075732994102,True,True,True,True
7,partial_occlusion,candidate_107,107,32,28350962,0.0033333333333333335,0.006474716083460591,3.7729753525280922,1.9424148250381772,False,True,True,True
7,partial_occlusion,candidate_107,107,33,28350963,0.0033333333333333335,0.005641084893492209,2.86396548980274,1.6923254680476627,False,True,True,True
7,partial_occlusion,candidate_107,107,34,28350964,0.0033333333333333335,0.00846800085011569,6.453633455780403,2.5404002550347067,False,False,True,True
7,partial_occlusion,candidate_107,107,35,28350965,0.0033333333333333335,0.003108750977718613,0.8697899377319788,0.9326252933155839,True,True,True,True
7,partial_occlusion,candidate_107,107,36,28350966,0.0033333333333333335,0.004274987915040386,1.644796950636721,1.2824963745121158,True,True,True,True
7,partial_occlusion,candidate_107,107,37,28350967,0.0033333333333333335,0.002226352431164065,0.4460980632975128,0.6679057293492194,True,True,True,True
7,partial_occlusion,candidate_107,107,38,28350968,0.0033333333333333335,0.0018586140653769113,0.31090016196152004,0.5575842196130734,True,True,True,True
7,partial_occlusion,candidate_107,107,39,28350969,0.0033333333333333335,0.006958980399441902,4.358466737983491,2.0876941198325705,False,True,True,True
7,partial_occlusion,candidate_107,107,40,28350970,0.0033333333333333335,0.006630621442364376,3.9568626640748006,1.9891864327093125,False,True,True,True
7,partial_occlusion,candidate_107,107,41,28350971,0.0033333333333333335,0.002299479071872662,0.4758843601782322,0.6898437215617985,True,True,True,True
7,partial_occlusion,candidate_107,107,42,28350972,0.0033333333333333335,0.003897471777453277,1.3671257630440323,1.1692415332359831,True,True,True,True
7,partial_occlusion,candidate_107,107,43,28350973,0.0033333333333333335,0.0071413940722396055,4.589955836551707,2.1424182216718815,False,True,True,True
7,partial_occlusion,candidate_107,107,44,28350974,0.0033333333333333335,0.0037878672038453784,1.2913144158570662,1.1363601611536134,True,True,True,True
7,partial_occlusion,candidate_107,107,45,28350975,0.0033333333333333335,0.005016594203992999,2.264959566678253,1.5049782611978995,True,True,True,True
7,partial_occlusion,candidate_107,107,46,28350976,0.0033333333333333335,0.008830581883436628,7.018125876007126,2.649174565030988,False,False,True,True
7,partial_occlusion,candidate_107,107,47,28350977,0.0033333333333333335,0.0035291891782430833,1.1209658630245278,1.058756753472925,True,True,True,True
7,partial_occlusion,candidate_107,107,48,28350978,0.0033333333333333335,0.0022248553461597155,0.44549831802019196,0.6674566038479146,True,True,True,True
7,partial_occlusion,candidate_107,107,49,28350979,0.0033333333333333335,0.005049634929239153,2.2948931626732896,1.5148904787717459,True,True,True,True
7,partial_occlusion,candidate_107,107,50,28350980,0.0033333333333333335,0.00570180792325068,2.92595522342798,1.7105423769752037,False,True,True,True
7,partial_occlusion,candidate_107,107,51,28350981,0.0033333333333333335,0.006992994241917879,4.401177162074694,2.0978982725753634,False,True,True,True
7,partial_occlusion,candidate_107,107,52,28350982,0.0033333333333333335,0.008577139908569455,6.621059611005735,2.5731419725708364,False,False,True,True
7,partial_occlusion,candidate_107,107,53,28350983,0.0033333333333333335,0.006731649826674167,4.07835984500661,2.01949494800225,False,True,True,True
7,partial_occlusion,candidate_107,107,54,28350984,0.0033333333333333335,0.006945587637068441,4.341706886177817,2.083676291120532,False,True,True,True
7,partial_occlusion,candidate_107,107,55,28350985,0.0033333333333333335,0.007249992408440136,4.730615093019564,2.1749977225320407,False,True,True,True
7,partial_occlusion,candidate_107,107,56,28350986,0.0033333333333333335,0.006143484239076423,3.3968158736202367,1.8430452717229269,False,True,True,True
7,partial_occlusion,candidate_107,107,57,28350987,0.0033333333333333335,0.005665008145701125,2.888308556177408,1.6995024437103374,False,True,True,True
7,partial_occlusion,candidate_107,107,58,28350988,0.0033333333333333335,0.005088286092618327,2.330158982429977,1.526485827785498,True,True,True,True
7,partial_occlusion,candidate_107,107,59,28350989,0.0033333333333333335,0.002801275297440591,0.7062428962845784,0.8403825892321772,True,True,True,True
7,partial_occlusion,candidate_107,107,60,28350990,0.0033333333333333335,0.003590915957058847,1.1605209669593868,1.077274787117654,True,True,True,True
7,partial_occlusion,candidate_107,107,61,28350991,0.0033333333333333335,0.004926177670455682,2.1840503796806545,1.4778533011367043,True,True,True,True
7,partial_occlusion,candidate_107,107,62,28350992,0.0033333333333333335,0.0032465949900867598,0.94863411266908,0.9739784970260279,True,True,True,True
7,partial_occlusion,candidate_107,107,63,28350993,0.0033333333333333335,0.007442968364436097,4.985800026659688,2.232890509330829,False,True,True,True
7,partial_occlusion,candidate_107,107,64,28350994,0.0033333333333333335,0.006738144313990272,4.086232991654348,2.0214432941970815,False,True,True,True
7,partial_occlusion,candidate_107,107,65,28350995,0.0033333333333333335,0.0021507189648823197,0.4163032859314028,0.6452156894646959,True,True,True,True
7,partial_occlusion,candidate_107,107,66,28350996,0.0033333333333333335,0.009050210633239708,7.371568125540456,2.715063189971912,False,False,True,True
7,partial_occlusion,candidate_107,107,67,28350997,0.0033333333333333335,0.002604837056414249,0.6106658481421965,0.7814511169242747,True,True,True,True
7,partial_occlusion,candidate_107,107,68,28350998,0.0033333333333333335,0.007015857897699227,4.430003583663774,2.104757369309768,False,True,True,True
7,partial_occlusion,candidate_107,107,69,28350999,0.0033333333333333335,0.004481615964693161,1.8076393489493345,1.3444847894079481,True,True,True,True
7,partial_occlusion,candidate_107,107,70,28351000,0.0033333333333333335,0.007200022317517371,4.665628923547338,2.1600066952552113,False,True,True,True
7,partial_occlusion,candidate_107,107,71,28351001,0.0033333333333333335,0.0030325713049467306,0.8276839847627683,0.9097713914840191,True,True,True,True
7,partial_occlusion,candidate_107,107,72,28351002,0.0033333333333333335,0.004331800887907735,1.6888049039230415,1.2995402663723206,True,True,True,True
7,partial_occlusion,candidate_107,107,73,28351003,0.0033333333333333335,0.003934819328859686,1.3934522835691008,1.1804457986579058,True,True,True,True
7,partial_occlusion,candidate_107,107,74,28351004,0.0033333333333333335,0.007145209976292484,4.594862304477866,2.143562992887745,False,True,True,True
7,partial_occlusion,candidate_107,107,75,28351005,0.0033333333333333335,0.005737394366634926,2.962592470646476,1.7212183099904779,False,True,True,True
7,partial_occlusion,candidate_107,107,76,28351006,0.0033333333333333335,0.006284405775474152,3.554438035573158,1.8853217326422453,False,True,True,True
7,partial_occlusion,candidate_107,107,77,28351007,0.0033333333333333335,0.007244656022402587,4.723653679464065,2.173396806720776,False,True,True,True
7,partial_occlusion,candidate_107,107,78,28351008,0.0033333333333333335,0.001733081343584327,0.270321384913205,0.5199244030752981,True,True,True,True
7,partial_occlusion,candidate_107,107,79,28351009,0.0033333333333333335,0.005670725038657695,2.894141021765338,1.7012175115973083,False,True,True,True
7,partial_occlusion,candidate_107,107,80,28351010,0.0033333333333333335,0.005864988718527326,3.0958283401607516,1.7594966155581977,False,True,True,True
7,partial_occlusion,candidate_107,107,81,28351011,0.0033333333333333335,0.011115991049644353,11.120873131419602,3.3347973148933057,False,False,False,True
7,partial_occlusion,candidate_107,107,82,28351012,0.0033333333333333335,0.0032101914078144335,0.9274795987325052,0.96305742234433,True,True,True,True
7,partial_occlusion,candidate_107,107,83,28351013,0.0033333333333333335,0.004100603483255446,1.513345403419802,1.2301810449766335,True,True,True,True
7,partial_occlusion,candidate_107,107,84,28351014,0.0033333333333333335,0.004132257883388912,1.5367999693346825,1.2396773650166735,True,True,True,True
7,partial_occlusion,candidate_107,107,85,28351015,0.0033333333333333335,0.004023149149068202,1.4567156168083377,1.2069447447204606,True,True,True,True
7,partial_occlusion,candidate_107,107,86,28351016,0.0033333333333333335,0.004967459290496734,2.220808662246808,1.49023778714902,True,True,True,True
7,partial_occlusion,candidate_107,107,87,28351017,0.0033333333333333335,0.004208154822321924,1.5937710307768131,1.262446446696577,True,True,True,True
7,partial_occlusion,candidate_107,107,88,28351018,0.0033333333333333335,0.006777975712556767,4.134685928400847,2.03339271376703,False,True,True,True
7,partial_occlusion,candidate_107,107,89,28351019,0.0033333333333333335,0.005648672797606428,2.8716753936976946,1.6946018392819284,False,True,True,True
7,partial_occlusion,candidate_107,107,90,28351020,0.0033333333333333335,0.008321267153830952,6.231913834088327,2.4963801461492854,False,True,True,True
7,partial_occlusion,candidate_107,107,91,28351021,0.0033333333333333335,0.007539425993412847,5.115864987913437,2.261827798023854,False,True,True,True
7,partial_occlusion,candidate_107,107,92,28351022,0.0033333333333333335,0.004508754243266758,1.829597834355839,1.3526262729800271,True,True,True,True
7,partial_occlusion,candidate_107,107,93,28351023,0.0033333333333333335,0.004633066199559144,1.9318772168547667,1.3899198598677431,True,True,True,True
7,partial_occlusion,candidate_107,107,94,28351024,0.0033333333333333335,0.005182101858388056,2.416876170363804,1.5546305575164165,False,True,True,True
7,partial_occlusion,candidate_107,107,95,28351025,0.0033333333333333335,0.004035908094649347,1.465969873361051,1.210772428394804,True,True,True,True
7,partial_occlusion,candidate_107,107,96,28351026,0.0033333333333333335,0.007493393855585367,5.053585632743208,2.24801815667561,False,True,True,True
7,partial_occlusion,candidate_107,107,97,28351027,0.0033333333333333335,0.007051136105196054,4.474666833659943,2.115340831558816,False,True,True,True
7,partial_occlusion,candidate_107,107,98,28351028,0.0033333333333333335,0.00666391676688668,3.996700800839407,1.9991750300660038,False,True,True,True
7,partial_occlusion,candidate_107,107,99,28351029,0.0033333333333333335,0.0070563242434609095,4.481254064596875,2.1168972730382727,False,True,True,True
8,strong_occlusion,initial,-1,0,28270930,0.03,0.04990271584677408,2.766978943204308,1.6634238615591361,False,True,True,True
8,strong_occlusion,initial,-1,1,28270931,0.03,0.0814931012017303,7.379028381639396,2.7164367067243433,False,False,True,True
8,strong_occlusion,initial,-1,2,28270932,0.03,0.05065943725625026,2.851531759022174,1.6886479085416755,False,True,True,True
8,strong_occlusion,initial,-1,3,28270933,0.03,0.027146720109169145,0.8188271252061872,0.9048906703056382,True,True,True,True
8,strong_occlusion,initial,-1,4,28270934,0.03,0.039457131324147535,1.7298502359233607,1.3152377108049178,True,True,True,True
8,strong_occlusion,initial,-1,5,28270935,0.03,0.04166425131132134,1.9287887081477137,1.388808377044045,True,True,True,True
8,strong_occlusion,initial,-1,6,28270936,0.03,0.05241894418891054,3.0530507887556873,1.7472981396303515,False,True,True,True
8,strong_occlusion,initial,-1,7,28270937,0.03,0.025036083590682955,0.6964505350662937,0.8345361196894319,True,True,True,True
8,strong_occlusion,initial,-1,8,28270938,0.03,0.013775339688440217,0.2108444261465736,0.45917798961467393,True,True,True,True
8,strong_occlusion,initial,-1,9,28270939,0.03,0.05353691960350101,3.184668622924145,1.784563986783367,False,True,True,True
8,strong_occlusion,initial,-1,10,28270940,0.03,0.008002220564057637,0.07115059328425213,0.26674068546858787,True,True,True,True
8,strong_occlusion,initial,-1,11,28270941,0.03,0.08381214396472363,7.804972751070621,2.793738132157454,False,False,True,True
8,strong_occlusion,initial,-1,12,28270942,0.03,0.04684507791757359,2.4382903612261564,1.5615025972524532,False,True,True,True
8,strong_occlusion,initial,-1,13,28270943,0.03,0.05611170072901783,3.4983588430031785,1.8703900243005944,False,True,True,True
8,strong_occlusion,initial,-1,14,28270944,0.03,0.022975675069231156,0.5865351609854335,0.7658558356410385,True,True,True,True
8,strong_occlusion,initial,-1,15,28270945,0.03,0.05971826006709678,3.9625228727126736,1.990608668903226,False,True,True,True
8,strong_occlusion,initial,-1,16,28270946,0.03,0.021025210832296286,0.491177211713899,0.7008403610765429,True,True,True,True
8,strong_occlusion,initial,-1,17,28270947,0.03,0.016016815879901326,0.2850426565896214,0.5338938626633776,True,True,True,True
8,strong_occlusion,initial,-1,18,28270948,0.03,0.04692137890967033,2.4462397764276176,1.5640459636556778,False,True,True,True
8,strong_occlusion,initial,-1,19,28270949,0.03,0.07242561304154548,5.82829936049298,2.414187101384849,False,True,True,True
8,strong_occlusion,initial,-1,20,28270950,0.03,0.016680651105547065,0.3091601347833206,0.5560217035182355,True,True,True,True
8,strong_occlusion,initial,-1,21,28270951,0.03,0.008631360984769885,0.08277821383267528,0.2877120328256628,True,True,True,True
8,strong_occlusion,initial,-1,22,28270952,0.03,0.076085502166428,6.432226266575022,2.5361834055476,False,False,True,True
8,strong_occlusion,initial,-1,23,28270953,0.03,0.05004247186192975,2.7824988778355895,1.6680823953976582,False,True,True,True
8,strong_occlusion,initial,-1,24,28270954,0.03,0.05761456467789125,3.6882645144699047,1.9204854892630416,False,True,True,True
8,strong_occlusion,initial,-1,25,28270955,0.03,0.04280320899360103,2.0356830001665425,1.4267736331200345,True,True,True,True
8,strong_occlusion,initial,-1,26,28270956,0.03,0.07681436802323727,6.556052372010374,2.560478934107909,False,False,True,True
8,strong_occlusion,initial,-1,27,28270957,0.03,0.04294800788180098,2.049479312239155,1.4316002627266995,True,True,True,True
8,strong_occlusion,initial,-1,28,28270958,0.03,0.013128742017616804,0.19151540773904108,0.43762473392056017,True,True,True,True
8,strong_occlusion,initial,-1,29,28270959,0.03,0.02653775572893955,0.7825027545876266,0.8845918576313184,True,True,True,True
8,strong_occlusion,initial,-1,30,28270960,0.03,0.04841315128969619,2.604259130887791,1.6137717096565398,False,True,True,True
8,strong_occlusion,initial,-1,31,28270961,0.03,0.011616089925307198,0.14992616128091488,0.38720299751023995,True,True,True,True
8,strong_occlusion,initial,-1,32,28270962,0.03,0.043445580025096665,2.097242693018976,1.4481860008365555,True,True,True,True
8,strong_occlusion,initial,-1,33,28270963,0.03,0.048745992088288566,2.640190827412768,1.6248664029429523,False,True,True,True
8,strong_occlusion,initial,-1,34,28270964,0.03,0.026297405658776724,0.7683928270914023,0.8765801886258908,True,True,True,True
8,strong_occlusion,initial,-1,35,28270965,0.03,0.032879496445872444,1.2011792072601541,1.095983214862415,True,True,True,True
8,strong_occlusion,initial,-1,36,28270966,0.03,0.08659960529371755,8.332768485586303,2.8866535097905848,False,False,False,True
8,strong_occlusion,initial,-1,37,28270967,0.03,0.017263763756145117,0.33115282114221084,0.575458791871504,True,True,True,True
8,strong_occlusion,initial,-1,38,28270968,0.03,0.047860659081547983,2.5451585419112908,1.595355302718266,False,True,True,True
8,strong_occlusion,initial,-1,39,28270969,0.03,0.0394915015538309,1.732865216640254,1.316383385127697,True,True,True,True
8,strong_occlusion,initial,-1,40,28270970,0.03,0.023643231116041958,0.6211137528961941,0.7881077038680653,True,True,True,True
8,strong_occlusion,initial,-1,41,28270971,0.03,0.028955419826106044,0.9315737081178389,0.9651806608702015,True,True,True,True
8,strong_occlusion,initial,-1,42,28270972,0.03,0.05647836922367431,3.5442291001840904,1.8826123074558103,False,True,True,True
8,strong_occlusion,initial,-1,43,28270973,0.03,0.02402266629465357,0.6412094398936496,0.8007555431551191,True,True,True,True
8,strong_occlusion,initial,-1,44,28270974,0.03,0.06843286243168573,5.203396289548915,2.281095414389524,False,True,True,True
8,strong_occlusion,initial,-1,45,28270975,0.03,0.03130665038683958,1.0890070649375587,1.0435550128946527,True,True,True,True
8,strong_occlusion,initial,-1,46,28270976,0.03,0.0980462764683765,10.681191477014801,3.26820921561255,False,False,False,True
8,strong_occlusion,initial,-1,47,28270977,0.03,0.015170679668853656,0.25572169068329964,0.5056893222951219,True,True,True,True
8,strong_occlusion,initial,-1,48,28270978,0.03,0.05848134247458064,3.800074908476877,1.9493780824860214,False,True,True,True
8,strong_occlusion,initial,-1,49,28270979,0.03,0.043580479138994384,2.1102868466492497,1.4526826379664795,True,True,True,True
8,strong_occlusion,initial,-1,50,28270980,0.03,0.04901141857158291,2.669021278221002,1.633713952386097,False,True,True,True
8,strong_occlusion,initial,-1,51,28270981,0.03,0.05552869325439121,3.426039749489192,1.8509564418130404,False,True,True,True
8,strong_occlusion,initial,-1,52,28270982,0.03,0.06606726030704231,4.849869871642765,2.2022420102347438,False,True,True,True
8,strong_occlusion,initial,-1,53,28270983,0.03,0.031486931537447714,1.1015853973821328,1.0495643845815905,True,True,True,True
8,strong_occlusion,initial,-1,54,28270984,0.03,0.051223152875385515,2.915345989439017,1.7074384291795173,False,True,True,True
8,strong_occlusion,initial,-1,55,28270985,0.03,0.0836447662070599,7.773829904259679,2.7881588735686638,False,False,True,True
8,strong_occlusion,initial,-1,56,28270986,0.03,0.03767344950352203,1.5769875527715824,1.255781650117401,True,True,True,True
8,strong_occlusion,initial,-1,57,28270987,0.03,0.055568268718326354,3.4309249870579195,1.852275623944212,False,True,True,True
8,strong_occlusion,initial,-1,58,28270988,0.03,0.049026035727628835,2.6706135324074878,1.6342011909209613,False,True,True,True
8,strong_occlusion,initial,-1,59,28270989,0.03,0.0801635152974408,7.140210205381139,2.6721171765813603,False,False,True,True
8,strong_occlusion,initial,-1,60,28270990,0.03,0.08685885389956645,8.382733889718033,2.8952951299855485,False,False,False,True
8,strong_occlusion,initial,-1,61,28270991,0.03,0.053674586656344475,3.2010680585882585,1.7891528885448158,False,True,True,True
8,strong_occlusion,initial,-1,62,28270992,0.03,0.0569212017207476,3.600025783704488,1.8973733906915866,False,True,True,True
8,strong_occlusion,initial,-1,63,28270993,0.03,0.12057443204339241,16.15354851398517,4.0191477347797475,False,False,False,False
8,strong_occlusion,initial,-1,64,28270994,0.03,0.03305709925632295,1.2141909013804304,1.1019033085440983,True,True,True,True
8,strong_occlusion,initial,-1,65,28270995,0.03,0.0316890968895389,1.11577651297176,1.0563032296512966,True,True,True,True
8,strong_occlusion,initial,-1,66,28270996,0.03,0.07985062500474167,7.08458034849764,2.661687500158056,False,False,True,True
8,strong_occlusion,initial,-1,67,28270997,0.03,0.017576081856644492,0.3432429482571863,0.5858693952214831,True,True,True,True
8,strong_occlusion,initial,-1,68,28270998,0.03,0.014625770590340124,0.23768129484584233,0.4875256863446708,True,True,True,True
8,strong_occlusion,initial,-1,69,28270999,0.03,0.03207941739269297,1.1434322447273466,1.0693139130897655,True,True,True,True
8,strong_occlusion,initial,-1,70,28271000,0.03,0.021993662588691103,0.5374679934057675,0.7331220862897034,True,True,True,True
8,strong_occlusion,initial,-1,71,28271001,0.03,0.04552683672365007,2.302992068957659,1.5175612241216692,True,True,True,True
8,strong_occlusion,initial,-1,72,28271002,0.03,0.08576389332933895,8.172717110006923,2.8587964443112983,False,False,False,True
8,strong_occlusion,initial,-1,73,28271003,0.03,0.08566806612696624,8.154463948815845,2.8556022042322082,False,False,False,True
8,strong_occlusion,initial,-1,74,28271004,0.03,0.03610946030438006,1.448770137192888,1.2036486768126686,True,True,True,True
8,strong_occlusion,initial,-1,75,28271005,0.03,0.04156782459661475,1.919871157438811,1.3855941532204916,True,True,True,True
8,strong_occlusion,initial,-1,76,28271006,0.03,0.034442987519463016,1.3181326547398724,1.1480995839821007,True,True,True,True
8,strong_occlusion,initial,-1,77,28271007,0.03,0.029707908883907827,0.9806220558384107,0.9902636294635943,True,True,True,True
8,strong_occlusion,initial,-1,78,28271008,0.03,0.06946603793023626,5.3617004730278035,2.315534597674542,False,True,True,True
8,strong_occlusion,initial,-1,79,28271009,0.03,0.06683046817937822,4.962568307860984,2.227682272645941,False,True,True,True
8,strong_occlusion,initial,-1,80,28271010,0.03,0.08599231587791704,8.21630932227496,2.8664105292639017,False,False,False,True
8,strong_occlusion,initial,-1,81,28271011,0.03,0.03716781774324228,1.5349407508831951,1.238927258108076,True,True,True,True
8,strong_occlusion,initial,-1,82,28271012,0.03,0.03107091061950637,1.0726683185837265,1.0356970206502123,True,True,True,True
8,strong_occlusion,initial,-1,83,28271013,0.03,0.0459512235712638,2.346127719662522,1.5317074523754601,True,True,True,True
8,strong_occlusion,initial,-1,84,28271014,0.03,0.029946834577108318,0.9964587790985449,0.9982278192369439,True,True,True,True
8,strong_occlusion,initial,-1,85,28271015,0.03,0.03773650752268129,1.582271111121535,1.2578835840893763,True,True,True,True
8,strong_occlusion,initial,-1,86,28271016,0.03,0.040749369116336503,1.8450123148660436,1.3583123038778835,True,True,True,True
8,strong_occlusion,initial,-1,87,28271017,0.03,0.040117242887481995,1.788214640992472,1.3372414295827333,True,True,True,True
8,strong_occlusion,initial,-1,88,28271018,0.03,0.04692682994468312,2.4468081873968983,1.5642276648227706,False,True,True,True
8,strong_occlusion,initial,-1,89,28271019,0.03,0.028820233868796022,0.9228954225023304,0.9606744622932007,True,True,True,True
8,strong_occlusion,initial,-1,90,28271020,0.03,0.05362292357471291,3.1949088141105575,1.787430785823764,False,True,True,True
8,strong_occlusion,initial,-1,91,28271021,0.03,0.06580450487241792,4.811369846115636,2.1934834957472638,False,True,True,True
8,strong_occlusion,initial,-1,92,28271022,0.03,0.06713463872698264,5.007844130002753,2.2378212908994213,False,True,True,True
8,strong_occlusion,initial,-1,93,28271023,0.03,0.036815305410234166,1.5059630138320188,1.2271768470078055,True,True,True,True
8,strong_occlusion,initial,-1,94,28271024,0.03,0.06188088011418092,4.254714804117369,2.062696003806031,False,True,True,True
8,strong_occlusion,initial,-1,95,28271025,0.03,0.027725631106414312,0.8541229113877432,0.9241877035471437,True,True,True,True
8,strong_occlusion,initial,-1,96,28271026,0.03,0.06948053157030691,5.363938074769351,2.3160177190102305,False,True,True,True
8,strong_occlusion,initial,-1,97,28271027,0.03,0.037235337424673526,1.5405226145881032,1.2411779141557842,True,True,True,True
8,strong_occlusion,initial,-1,98,28271028,0.03,0.0533984004349515,3.168210187790476,1.77994668116505,False,True,True,True
8,strong_occlusion,initial,-1,99,28271029,0.03,0.05231486055773691,3.0409384835282856,1.743828685257897,False,True,True,True
8,strong_occlusion,candidate_0,0,0,28280930,0.002,0.0015152194326017508,0.573972482233493,0.7576097163008754,True,True,True,True
8,strong_occlusion,candidate_0,0,1,28280931,0.002,0.0017236643492457597,0.742754697215202,0.8618321746228799,True,True,True,True
8,strong_occlusion,candidate_0,0,2,28280932,0.002,0.0027246593828389276,1.8559421881230516,1.3623296914194638,True,True,True,True
8,strong_occlusion,candidate_0,0,3,28280933,0.002,0.001370785463785189,0.469763196931194,0.6853927318925945,True,True,True,True
8,strong_occlusion,candidate_0,0,4,28280934,0.002,0.0014255775533655417,0.508067840164921,0.7127887766827709,True,True,True,True
8,strong_occlusion,candidate_0,0,5,28280935,0.002,0.003229006514700028,2.6066207679938054,1.6145032573500138,False,True,True,True
8,strong_occlusion,candidate_0,0,6,28280936,0.002,0.0038000947785906776,3.610180081568033,1.9000473892953387,False,True,True,True
8,strong_occlusion,candidate_0,0,7,28280937,0.002,0.0026838663882849815,1.8007846975414679,1.3419331941424908,True,True,True,True
8,strong_occlusion,candidate_0,0,8,28280938,0.002,0.003731141802867691,3.480354788276691,1.8655709014338455,False,True,True,True
8,strong_occlusion,candidate_0,0,9,28280939,0.002,0.0033266496897974922,2.766649539657438,1.663324844898746,False,True,True,True
8,strong_occlusion,candidate_0,0,10,28280940,0.002,0.004971958433984339,6.180092667317001,2.4859792169921695,False,True,True,True
8,strong_occlusion,candidate_0,0,11,28280941,0.002,0.003724832972252291,3.468595167794459,1.8624164861261454,False,True,True,True
8,strong_occlusion,candidate_0,0,12,28280942,0.002,0.0006954404573442514,0.1209093574277954,0.3477202286721257,True,True,True,True
8,strong_occlusion,candidate_0,0,13,28280943,0.002,0.004029685945621819,4.0595922050855044,2.01484297281091,False,True,True,True
8,strong_occlusion,candidate_0,0,14,28280944,0.002,0.0020193352482852393,1.0194287112418023,1.0096676241426197,True,True,True,True
8,strong_occlusion,candidate_0,0,15,28280945,0.002,0.0025239128184433076,1.59253397877561,1.2619564092216538,True,True,True,True
8,strong_occlusion,candidate_0,0,16,28280946,0.002,0.0020726189332463452,1.0739373106128045,1.0363094666231727,True,True,True,True
8,strong_occlusion,candidate_0,0,17,28280947,0.002,0.0033220769321885744,2.7590487858448625,1.6610384660942872,False,True,True,True
8,strong_occlusion,candidate_0,0,18,28280948,0.002,0.002881940271116438,2.0763949315706722,1.440970135558219,True,True,True,True
8,strong_occlusion,candidate_0,0,19,28280949,0.002,0.0024319878041613075,1.4786411698973345,1.2159939020806536,True,True,True,True
8,strong_occlusion,candidate_0,0,20,28280950,0.002,0.005085346846633003,6.465188137640058,2.5426734233165016,False,False,True,True
8,strong_occlusion,candidate_0,0,21,28280951,0.002,0.005084471740893434,6.462963220985978,2.542235870446717,False,False,True,True
8,strong_occlusion,candidate_0,0,22,28280952,0.002,0.002861871682018968,2.047577381085519,1.430935841009484,True,True,True,True
8,strong_occlusion,candidate_0,0,23,28280953,0.002,0.0006779825811690882,0.11491509509217482,0.3389912905845441,True,True,True,True
8,strong_occlusion,candidate_0,0,24,28280954,0.002,0.0029160039686827923,2.125769786343449,1.458001984341396,True,True,True,True
8,strong_occlusion,candidate_0,0,25,28280955,0.002,0.0019790493367438065,0.9791590693165252,0.9895246683719032,True,True,True,True
8,strong_occlusion,candidate_0,0,26,28280956,0.002,0.0032068525390667284,2.570975801829681,1.603426269533364,False,True,True,True
8,strong_occlusion,candidate_0,0,27,28280957,0.002,0.0026005420080907208,1.6907046839611297,1.3002710040453604,True,True,True,True
8,strong_occlusion,candidate_0,0,28,28280958,0.002,0.0028332195980987278,2.0067833227626792,1.4166097990493638,True,True,True,True
8,strong_occlusion,candidate_0,0,29,28280959,0.002,0.005004325300524885,6.26081792836837,2.5021626502624423,False,False,True,True
8,strong_occlusion,candidate_0,0,30,28280960,0.002,0.000839960517009478,0.17638341753370743,0.419980258504739,True,True,True,True
8,strong_occlusion,candidate_0,0,31,28280961,0.002,0.0017549708501635613,0.7699806712309534,0.8774854250817806,True,True,True,True
8,strong_occlusion,candidate_0,0,32,28280962,0.002,0.004721432906873579,5.5729821735271745,2.3607164534367895,False,True,True,True
8,strong_occlusion,candidate_0,0,33,28280963,0.002,0.0036945964220783055,3.412510680508454,1.8472982110391527,False,True,True,True
8,strong_occlusion,candidate_0,0,34,28280964,0.002,0.0034785475984370293,3.025073348648006,1.7392737992185145,False,True,True,True
8,strong_occlusion,candidate_0,0,35,28280965,0.002,0.003351718844019139,2.8085048023382484,1.6758594220095695,False,True,True,True
8,strong_occlusion,candidate_0,0,36,28280966,0.002,0.005134959459907911,6.591952163724436,2.5674797299539556,False,False,True,True
8,strong_occlusion,candidate_0,0,37,28280967,0.002,0.004751946478477613,5.645248833578949,2.3759732392388067,False,True,True,True
8,strong_occlusion,candidate_0,0,38,28280968,0.002,0.005990599356859534,8.971820163601468,2.995299678429767,False,False,False,True
8,strong_occlusion,candidate_0,0,39,28280969,0.002,0.005467255849549033,7.4727216311070315,2.7336279247745168,False,False,True,True
8,strong_occlusion,candidate_0,0,40,28280970,0.002,0.004067585803220271,4.136313566639775,2.0337929016101355,False,True,True,True
8,strong_occlusion,candidate_0,0,41,28280971,0.002,0.0030833264218638754,2.376725455940972,1.5416632109319377,False,True,True,True
8,strong_occlusion,candidate_0,0,42,28280972,0.002,0.005925582491075612,8.778131964635465,2.962791245537806,False,False,False,True
8,strong_occlusion,candidate_0,0,43,28280973,0.002,0.005482883978468383,7.51550418033632,2.7414419892341915,False,False,True,True
8,strong_occlusion,candidate_0,0,44,28280974,0.002,0.0043653519678287225,4.764074450756525,2.1826759839143612,False,True,True,True
8,strong_occlusion,candidate_0,0,45,28280975,0.002,0.0013199901931684192,0.4355935275152002,0.6599950965842096,True,True,True,True
8,strong_occlusion,candidate_0,0,46,28280976,0.002,0.004024469646392038,4.049088983682714,2.012234823196019,False,True,True,True
8,strong_occlusion,candidate_0,0,47,28280977,0.002,0.005055669722692546,6.389949086237532,2.527834861346273,False,False,True,True
8,strong_occlusion,candidate_0,0,48,28280978,0.002,0.0011815368072149504,0.3490073067009247,0.5907684036074752,True,True,True,True
8,strong_occlusion,candidate_0,0,49,28280979,0.002,0.002688504510750341,1.8070141260812325,1.3442522553751703,True,True,True,True
8,strong_occlusion,candidate_0,0,50,28280980,0.002,0.0027210504088045367,1.8510288318138342,1.3605252044022684,True,True,True,True
8,strong_occlusion,candidate_0,0,51,28280981,0.002,0.0031808420797384013,2.52943908405863,1.5904210398692007,False,True,True,True
8,strong_occlusion,candidate_0,0,52,28280982,0.002,0.002044874955625191,1.0453783960357816,1.0224374778125953,True,True,True,True
8,strong_occlusion,candidate_0,0,53,28280983,0.002,0.0012783023301664396,0.4085142118272373,0.6391511650832198,True,True,True,True
8,strong_occlusion,candidate_0,0,54,28280984,0.002,0.003291555636884646,2.708584627676772,1.6457778184423228,False,True,True,True
8,strong_occlusion,candidate_0,0,55,28280985,0.002,0.0017055248805578698,0.7272037795504841,0.8527624402789349,True,True,True,True
8,strong_occlusion,candidate_0,0,56,28280986,0.002,0.0006114091413842702,0.09345528454206264,0.3057045706921351,True,True,True,True
8,strong_occlusion,candidate_0,0,57,28280987,0.002,0.004577956987255592,5.239422544290574,2.2889784936277957,False,True,True,True
8,strong_occlusion,candidate_0,0,58,28280988,0.002,0.0024763770045272866,1.5331107671378843,1.2381885022636432,True,True,True,True
8,strong_occlusion,candidate_0,0,59,28280989,0.002,0.0010764379460588686,0.28967966292885894,0.5382189730294343,True,True,True,True
8,strong_occlusion,candidate_0,0,60,28280990,0.002,0.005504606318935281,7.575172681615557,2.752303159467641,False,False,True,True
8,strong_occlusion,candidate_0,0,61,28280991,0.002,0.0027320600901039782,1.8660380839847395,1.366030045051989,True,True,True,True
8,strong_occlusion,candidate_0,0,62,28280992,0.002,0.0032301753024246804,2.6085081210985943,1.6150876512123402,False,True,True,True
8,strong_occlusion,candidate_0,0,63,28280993,0.002,0.0025571691115014723,1.6347784662043074,1.278584555750736,True,True,True,True
8,strong_occlusion,candidate_0,0,64,28280994,0.002,0.0025296711217570405,1.599808996062881,1.2648355608785202,True,True,True,True
8,strong_occlusion,candidate_0,0,65,28280995,0.002,0.00490909731140771,6.024809103217601,2.4545486557038547,False,True,True,True
8,strong_occlusion,candidate_0,0,66,28280996,0.002,0.004037566183032169,4.0754851705912385,2.0187830915160845,False,True,True,True
8,strong_occlusion,candidate_0,0,67,28280997,0.002,0.0026320337836806054,1.731900459609011,1.3160168918403028,True,True,True,True
8,strong_occlusion,candidate_0,0,68,28280998,0.002,0.004483220951393114,5.024817524752545,2.241610475696557,False,True,True,True
8,strong_occlusion,candidate_0,0,69,28280999,0.002,0.005661483233574041,8.013098101009996,2.8307416167870207,False,False,False,True
8,strong_occlusion,candidate_0,0,70,28281000,0.002,0.0031503959085886035,2.4812485952129535,1.5751979542943018,False,True,True,True
8,strong_occlusion,candidate_0,0,71,28281001,0.002,0.0033056820316484993,2.7318834235909373,1.6528410158242497,False,True,True,True
8,strong_occlusion,candidate_0,0,72,28281002,0.002,0.0021759082085800723,1.1836441330415348,1.087954104290036,True,True,True,True
8,strong_occlusion,candidate_0,0,73,28281003,0.002,0.003396921716947197,2.884769287766874,1.6984608584735985,False,True,True,True
8,strong_occlusion,candidate_0,0,74,28281004,0.002,0.0034824841429152726,3.0319239514140803,1.7412420714576362,False,True,True,True
8,strong_occlusion,candidate_0,0,75,28281005,0.002,0.002713205656439322,1.8403712335335831,1.356602828219661,True,True,True,True
8,strong_occlusion,candidate_0,0,76,28281006,0.002,0.002282566627980004,1.3025276027920016,1.141283313990002,True,True,True,True
8,strong_occlusion,candidate_0,0,77,28281007,0.002,0.004165191134231947,4.3372042961711035,2.0825955671159737,False,True,True,True
8,strong_occlusion,candidate_0,0,78,28281008,0.002,0.0028552617587100184,2.038129927687957,1.4276308793550092,True,True,True,True
8,strong_occlusion,candidate_0,0,79,28281009,0.002,0.0026963448065342377,1.817568828931039,1.3481724032671187,True,True,True,True
8,strong_occlusion,candidate_0,0,80,28281010,0.002,0.003940258333648687,3.8814089339719824,1.9701291668243435,False,True,True,True
8,strong_occlusion,candidate_0,0,81,28281011,0.002,0.00316156610226153,2.4988750547422915,1.580783051130765,False,True,True,True
8,strong_occlusion,candidate_0,0,82,28281012,0.002,0.0033416591504313304,2.7916714694153604,1.6708295752156652,False,True,True,True
8,strong_occlusion,candidate_0,0,83,28281013,0.002,0.0053927170019231994,7.270349165707885,2.6963585009616,False,False,True,True
8,strong_occlusion,candidate_0,0,84,28281014,0.002,0.00248481722007834,1.5435791542994624,1.24240861003917,True,True,True,True
8,strong_occlusion,candidate_0,0,85,28281015,0.002,0.0030624699730419035,2.344680583945819,1.5312349865209518,True,True,True,True
8,strong_occlusion,candidate_0,0,86,28281016,0.002,0.007071444010636397,12.501330098891343,3.535722005318198,False,False,False,False
8,strong_occlusion,candidate_0,0,87,28281017,0.002,0.006093111993040711,9.281503439934138,3.0465559965203557,False,False,False,True
8,strong_occlusion,candidate_0,0,88,28281018,0.002,0.0042328627548355955,4.479281775318596,2.116431377417798,False,True,True,True
8,strong_occlusion,candidate_0,0,89,28281019,0.002,0.005262970658472561,6.924715037985775,2.6314853292362805,False,False,True,True
8,strong_occlusion,candidate_0,0,90,28281020,0.002,0.006297648694828923,9.915094770870109,3.1488243474144615,False,False,False,True
8,strong_occlusion,candidate_0,0,91,28281021,0.002,0.0015301890947564563,0.5853696664278959,0.7650945473782281,True,True,True,True
8,strong_occlusion,candidate_0,0,92,28281022,0.002,0.003998107055013061,3.996215005836303,1.9990535275065304,False,True,True,True
8,strong_occlusion,candidate_0,0,93,28281023,0.002,0.0018685059175334142,0.8728285909643465,0.9342529587667071,True,True,True,True
8,strong_occlusion,candidate_0,0,94,28281024,0.002,0.0044145771099768924,4.872122764982983,2.207288554988446,False,True,True,True
8,strong_occlusion,candidate_0,0,95,28281025,0.002,0.003666366565126688,3.3605609474697173,1.8331832825633438,False,True,True,True
8,strong_occlusion,candidate_0,0,96,28281026,0.002,0.0023158352343722417,1.340773208189984,1.1579176171861207,True,True,True,True
8,strong_occlusion,candidate_0,0,97,28281027,0.002,0.004131806495024229,4.267956228081101,2.0659032475121144,False,True,True,True
8,strong_occlusion,candidate_0,0,98,28281028,0.002,0.003064010081458146,2.347039444819289,1.532005040729073,True,True,True,True
8,strong_occlusion,candidate_0,0,99,28281029,0.002,0.001961360466116099,0.9617337195107902,0.9806802330580494,True,True,True,True
8,strong_occlusion,candidate_26,26,0,28540930,0.002,0.003057129337303082,2.336509946249796,1.528564668651541,True,True,True,True
8,strong_occlusion,candidate_26,26,1,28540931,0.002,0.0018437572849298455,0.849860231432969,0.9218786424649227,True,True,True,True
8,strong_occlusion,candidate_26,26,2,28540932,0.002,0.002957900041770845,2.1872931642769915,1.4789500208854225,True,True,True,True
8,strong_occlusion,candidate_26,26,3,28540933,0.002,0.003271845576345552,2.676243368862989,1.6359227881727758,False,True,True,True
8,strong_occlusion,candidate_26,26,4,28540934,0.002,0.003392954609049715,2.878035244767926,1.6964773045248573,False,True,True,True
8,strong_occlusion,candidate_26,26,5,28540935,0.002,0.0033229733102177732,2.7605379051049166,1.6614866551088865,False,True,True,True
8,strong_occlusion,candidate_26,26,6,28540936,0.002,0.005110138391435464,6.528378594905658,2.555069195717732,False,False,True,True
8,strong_occlusion,candidate_26,26,7,28540937,0.002,0.0032113724887553622,2.5782283153837025,1.6056862443776811,False,True,True,True
8,strong_occlusion,candidate_26,26,8,28540938,0.002,0.0026896367198671433,1.8085364212144217,1.3448183599335717,True,True,True,True
8,strong_occlusion,candidate_26,26,9,28540939,0.002,0.003322488054711356,2.7597317184249124,1.6612440273556779,False,True,True,True
8,strong_occlusion,candidate_26,26,10,28540940,0.002,0.0024816583746048214,1.5396570720615612,1.2408291873024107,True,True,True,True
8,strong_occlusion,candidate_26,26,11,28540941,0.002,0.001228636136411928,0.37738668892430743,0.6143180682059639,True,True,True,True
8,strong_occlusion,candidate_26,26,12,28540942,0.002,0.002525280717950497,1.5942606761131448,1.2626403589752486,True,True,True,True
8,strong_occlusion,candidate_26,26,13,28540943,0.002,0.0018049845343813154,0.8144922923389335,0.9024922671906577,True,True,True,True
8,strong_occlusion,candidate_26,26,14,28540944,0.002,0.0038539139842209582,3.713163249443465,1.926956992110479,False,True,True,True
8,strong_occlusion,candidate_26,26,15,28540945,0.002,0.0034865403439349294,3.038990892471474,1.7432701719674646,False,True,True,True
8,strong_occlusion,candidate_26,26,16,28540946,0.002,0.00312260059192292,2.437658614169343,1.56130029596146,False,True,True,True
8,strong_occlusion,candidate_26,26,17,28540947,0.002,0.0016654883797325853,0.6934628857560682,0.8327441898662926,True,True,True,True
8,strong_occlusion,candidate_26,26,18,28540948,0.002,0.0019754247998035462,0.9755757849197201,0.9877123999017731,True,True,True,True
8,strong_occlusion,candidate_26,26,19,28540949,0.002,0.002097557485561896,1.099936851309186,1.048778742780948,True,True,True,True
8,strong_occlusion,candidate_26,26,20,28540950,0.002,0.0028093771089774213,1.9731499351115838,1.4046885544887107,True,True,True,True
8,strong_occlusion,candidate_26,26,21,28540951,0.002,0.00208605810752409,1.087909606991747,1.043029053762045,True,True,True,True
8,strong_occlusion,candidate_26,26,22,28540952,0.002,0.0017401145639145959,0.756999673886921,0.8700572819572979,True,True,True,True
8,strong_occlusion,candidate_26,26,23,28540953,0.002,0.0026710636317666195,1.783645231236571,1.3355318158833096,True,True,True,True
8,strong_occlusion,candidate_26,26,24,28540954,0.002,0.0043564073796365285,4.744571314337901,2.178203689818264,False,True,True,True
8,strong_occlusion,candidate_26,26,25,28540955,0.002,0.002324730188326967,1.351092612129684,1.1623650941634835,True,True,True,True
8,strong_occlusion,candidate_26,26,26,28540956,0.002,0.001899127295197628,0.9016711208411647,0.9495636475988141,True,True,True,True
8,strong_occlusion,candidate_26,26,27,28540957,0.002,0.003860533127951571,3.7259290080028853,1.9302665639757854,False,True,True,True
8,strong_occlusion,candidate_26,26,28,28540958,0.002,0.0044390115038991365,4.926205782937219,2.2195057519495682,False,True,True,True
8,strong_occlusion,candidate_26,26,29,28540959,0.002,0.0048508416313365575,5.882666133076979,2.4254208156682786,False,True,True,True
8,strong_occlusion,candidate_26,26,30,28540960,0.002,0.002217161208911942,1.2289509565759662,1.108580604455971,True,True,True,True
8,strong_occlusion,candidate_26,26,31,28540961,0.002,0.003866746076571924,3.737931305171092,1.933373038285962,False,True,True,True
8,strong_occlusion,candidate_26,26,32,28540962,0.002,0.002987091308957329,2.230678622012103,1.4935456544786645,True,True,True,True
8,strong_occlusion,candidate_26,26,33,28540963,0.002,0.0037994060893799778,3.6088716580044142,1.8997030446899887,False,True,True,True
8,strong_occlusion,candidate_26,26,34,28540964,0.002,0.0024927730118666203,1.5534793221726455,1.2463865059333101,True,True,True,True
8,strong_occlusion,candidate_26,26,35,28540965,0.002,0.0037022089448336378,3.4265877678015495,1.8511044724168189,False,True,True,True
8,strong_occlusion,candidate_26,26,36,28540966,0.002,0.001726943001665442,0.7455830327503118,0.863471500832721,True,True,True,True
8,strong_occlusion,candidate_26,26,37,28540967,0.002,0.0028514878072215966,2.0327456786833573,1.4257439036107984,True,True,True,True
8,strong_occlusion,candidate_26,26,38,28540968,0.002,0.0028390834839187888,2.015098757165112,1.4195417419593943,True,True,True,True
8,strong_occlusion,candidate_26,26,39,28540969,0.002,0.004272329382649584,4.563199588462744,2.136164691324792,False,True,True,True
8,strong_occlusion,candidate_26,26,40,28540970,0.002,0.003102855670331743,2.4069283277274627,1.5514278351658715,False,True,True,True
8,strong_occlusion,candidate_26,26,41,28540971,0.002,0.0014384739208912986,0.5173018052710965,0.7192369604456492,True,True,True,True
8,strong_occlusion,candidate_26,26,42,28540972,0.002,0.0035922487259566994,3.2260627272843823,1.7961243629783497,False,True,True,True
8,strong_occlusion,candidate_26,26,43,28540973,0.002,0.002809123981625979,1.9727943860365484,1.4045619908129894,True,True,True,True
8,strong_occlusion,candidate_26,26,44,28540974,0.002,0.002271072232072507,1.2894422708226998,1.1355361160362534,True,True,True,True
8,strong_occlusion,candidate_26,26,45,28540975,0.002,0.0030219289610293877,2.283013661377039,1.5109644805146938,True,True,True,True
8,strong_occlusion,candidate_26,26,46,28540976,0.002,0.0025855913355764,1.671320638651938,1.2927956677882,True,True,True,True
8,strong_occlusion,candidate_26,26,47,28540977,0.002,0.00310668839735452,2.4128781995642994,1.55334419867726,False,True,True,True
8,strong_occlusion,candidate_26,26,48,28540978,0.002,0.004611394983029536,5.316240922377493,2.305697491514768,False,True,True,True
8,strong_occlusion,candidate_26,26,49,28540979,0.002,0.004047920801918719,4.096415704651571,2.0239604009593593,False,True,True,True
8,strong_occlusion,candidate_26,26,50,28540980,0.002,0.0009030392179720591,0.20386995729889704,0.45151960898602955,True,True,True,True
8,strong_occlusion,candidate_26,26,51,28540981,0.002,0.005050924040169937,6.3779584148916495,2.5254620200849685,False,False,True,True
8,strong_occlusion,candidate_26,26,52,28540982,0.002,0.004414682948564371,4.8723563840862525,2.2073414742821855,False,True,True,True
8,strong_occlusion,candidate_26,26,53,28540983,0.002,0.002863733448160459,2.0502423155282483,1.4318667240802294,True,True,True,True
8,strong_occlusion,candidate_26,26,54,28540984,0.002,0.00529174124570878,7.000631352883877,2.64587062285439,False,False,True,True
8,strong_occlusion,candidate_26,26,55,28540985,0.002,0.0026691547348908174,1.7810967496975174,1.3345773674454087,True,True,True,True
8,strong_occlusion,candidate_26,26,56,28540986,0.002,0.004061818444155189,4.124592268319821,2.0309092220775944,False,True,True,True
8,strong_occlusion,candidate_26,26,57,28540987,0.002,0.0030018533593080374,2.2527808976972374,1.5009266796540186,True,True,True,True
8,strong_occlusion,candidate_26,26,58,28540988,0.002,0.004407654470133434,4.856854482021812,2.203827235066717,False,True,True,True
8,strong_occlusion,candidate_26,26,59,28540989,0.002,0.002430230772093742,1.4765054014078365,1.215115386046871,True,True,True,True
8,strong_occlusion,candidate_26,26,60,28540990,0.002,0.002322351401061416,1.3483290075029806,1.161175700530708,True,True,True,True
8,strong_occlusion,candidate_26,26,61,28540991,0.002,0.003362026533573226,2.8258056031126007,1.6810132667866131,False,True,True,True
8,strong_occlusion,candidate_26,26,62,28540992,0.002,0.003452184646437901,2.9793947082753944,1.7260923232189505,False,True,True,True
8,strong_occlusion,candidate_26,26,63,28540993,0.002,0.0023903780852223785,1.428476847577851,1.1951890426111893,True,True,True,True
8,strong_occlusion,candidate_26,26,64,28540994,0.002,0.002464273679727351,1.5181611921492448,1.2321368398636756,True,True,True,True
8,strong_occlusion,candidate_26,26,65,28540995,0.002,0.0032699688021071978,2.6731739916885955,1.6349844010535988,False,True,True,True
8,strong_occlusion,candidate_26,26,66,28540996,0.002,0.004004216892192164,4.008438229929268,2.0021084460960816,False,True,True,True
8,strong_occlusion,candidate_26,26,67,28540997,0.002,0.002904277745324637,2.108707305496989,1.4521388726623183,True,True,True,True
8,strong_occlusion,candidate_26,26,68,28540998,0.002,0.002219427721655481,1.2314648529132097,1.1097138608277404,True,True,True,True
8,strong_occlusion,candidate_26,26,69,28540999,0.002,0.004722906207552481,5.576460761334441,2.3614531037762405,False,True,True,True
8,strong_occlusion,candidate_26,26,70,28541000,0.002,0.0027843754355336443,1.9381866415007927,1.392187717766822,True,True,True,True
8,strong_occlusion,candidate_26,26,71,28541001,0.002,0.0017576505774680455,0.7723338881184385,0.8788252887340228,True,True,True,True
8,strong_occlusion,candidate_26,26,72,28541002,0.002,0.0031008610117707587,2.4038347535799938,1.5504305058853793,False,True,True,True
8,strong_occlusion,candidate_26,26,73,28541003,0.002,0.002844641588240394,2.022996441386708,1.422320794120197,True,True,True,True
8,strong_occlusion,candidate_26,26,74,28541004,0.002,0.002698822835199705,1.8209111739488437,1.3494114175998524,True,True,True,True
8,strong_occlusion,candidate_26,26,75,28541005,0.002,0.0031067014869536396,2.4128985322599887,1.55335074347682,False,True,True,True
8,strong_occlusion,candidate_26,26,76,28541006,0.002,0.0007770079625065506,0.1509353434496453,0.3885039812532753,True,True,True,True
8,strong_occlusion,candidate_26,26,77,28541007,0.002,0.0037218302605356367,3.463005122059691,1.8609151302678182,False,True,True,True
8,strong_occlusion,candidate_26,26,78,28541008,0.002,0.0021977666473948104,1.2075445591002563,1.0988833236974052,True,True,True,True
8,strong_occlusion,candidate_26,26,79,28541009,0.002,0.0031547157206042605,2.4880578194569147,1.5773578603021303,False,True,True,True
8,strong_occlusion,candidate_26,26,80,28541010,0.002,0.002182554616379543,1.1908861633699137,1.0912773081897715,True,True,True,True
8,strong_occlusion,candidate_26,26,81,28541011,0.002,0.002441122166137301,1.4897693575017172,1.2205610830686504,True,True,True,True
8,strong_occlusion,candidate_26,26,82,28541012,0.002,0.003320643208107457,2.756667828887546,1.6603216040537285,False,True,True,True
8,strong_occlusion,candidate_26,26,83,28541013,0.002,0.0021172962645011535,1.1207358679176345,1.0586481322505767,True,True,True,True
8,strong_occlusion,candidate_26,26,84,28541014,0.002,0.0023073915499120193,1.3310139411513477,1.1536957749560097,True,True,True,True
8,strong_occlusion,candidate_26,26,85,28541015,0.002,0.003467395325965414,3.0057075866317,1.7336976629827068,False,True,True,True
8,strong_occlusion,candidate_26,26,86,28541016,0.002,0.004310703247892832,4.645540622848452,2.155351623946416,False,True,True,True
8,strong_occlusion,candidate_26,26,87,28541017,0.002,0.003973335227976769,3.946848208470301,1.9866676139883845,False,True,True,True
8,strong_occlusion,candidate_26,26,88,28541018,0.002,0.00419032928504939,4.389714879285633,2.095164642524695,False,True,True,True
8,strong_occlusion,candidate_26,26,89,28541019,0.002,0.0031108357920589026,2.419324831288685,1.5554178960294514,False,True,True,True
8,strong_occlusion,candidate_26,26,90,28541020,0.002,0.0015145276272815313,0.5734484834497563,0.7572638136407657,True,True,True,True
8,strong_occlusion,candidate_26,26,91,28541021,0.002,0.003475646342636944,3.0200293747713918,1.737823171318472,False,True,True,True
8,strong_occlusion,candidate_26,26,92,28541022,0.002,0.005350874418973558,7.157964261906404,2.675437209486779,False,False,True,True
8,strong_occlusion,candidate_26,26,93,28541023,0.002,0.001806318390829259,0.815696532262001,0.9031591954146295,True,True,True,True
8,strong_occlusion,candidate_26,26,94,28541024,0.002,0.004971315221601475,6.17849375813163,2.4856576108007373,False,True,True,True
8,strong_occlusion,candidate_26,26,95,28541025,0.002,0.003178063319977799,2.5250216164470776,1.5890316599888996,False,True,True,True
8,strong_occlusion,candidate_26,26,96,28541026,0.002,0.002210514455101131,1.2215935390527626,1.1052572275505654,True,True,True,True
8,strong_occlusion,candidate_26,26,97,28541027,0.002,0.004023908251952809,4.0479594050334775,2.011954125976404,False,True,True,True
8,strong_occlusion,candidate_26,26,98,28541028,0.002,0.004135982082408658,4.276586946501364,2.067991041204329,False,True,True,True
8,strong_occlusion,candidate_26,26,99,28541029,0.002,0.0041907844132408655,4.390668499565646,2.0953922066204327,False,True,True,True
8,strong_occlusion,candidate_53,53,0,28810930,0.0026666666666666666,0.0038040894780565974,2.034997981461691,1.426533554271224,True,True,True,True
8,strong_occlusion,candidate_53,53,1,28810931,0.0026666666666666666,0.004065582787853866,2.324385478813165,1.5245935454452,True,True,True,True
8,strong_occlusion,candidate_53,53,2,28810932,0.0026666666666666666,0.0060841746160427345,5.205541044163887,2.2815654810160257,False,True,True,True
8,strong_occlusion,candidate_53,53,3,28810933,0.0026666666666666666,0.0029289752663843732,1.2064072656222296,1.09836572489414,True,True,True,True
8,strong_occlusion,candidate_53,53,4,28810934,0.0026666666666666666,0.0021865614251028176,0.6723352779957654,0.8199605344135567,True,True,True,True
8,strong_occlusion,candidate_53,53,5,28810935,0.0026666666666666666,0.0037937396125499526,2.0239397223511872,1.4226523547062322,True,True,True,True
8,strong_occlusion,candidate_53,53,6,28810936,0.0026666666666666666,0.004324902288618191,2.630359660232091,1.6218383582318219,False,True,True,True
8,strong_occlusion,candidate_53,53,7,28810937,0.0026666666666666666,0.0022391995973971416,0.7050958364508076,0.8396998490239281,True,True,True,True
8,strong_occlusion,candidate_53,53,8,28810938,0.0026666666666666666,0.006060528676719726,5.16515735268874,2.272698253769897,False,True,True,True
8,strong_occlusion,candidate_53,53,9,28810939,0.0026666666666666666,0.006943489864114748,6.77981974121216,2.6038086990430305,False,False,True,True
8,strong_occlusion,candidate_53,53,10,28810940,0.0026666666666666666,0.004898562725346581,3.374425796365536,1.836961022004968,False,True,True,True
8,strong_occlusion,candidate_53,53,11,28810941,0.0026666666666666666,0.003984596754231485,2.232704713195137,1.494223782836807,True,True,True,True
8,strong_occlusion,candidate_53,53,12,28810942,0.0026666666666666666,0.004277600633379188,2.5731375720027234,1.6041002375171955,False,True,True,True
8,strong_occlusion,candidate_53,53,13,28810943,0.0026666666666666666,0.006167091360741381,5.348392854149668,2.312659260278018,False,True,True,True
8,strong_occlusion,candidate_53,53,14,28810944,0.0026666666666666666,0.0015801465506938618,0.3511213764848028,0.5925549565101982,True,True,True,True
8,strong_occlusion,candidate_53,53,15,28810945,0.0026666666666666666,0.002372874456268508,0.7917937291703766,0.8898279211006905,True,True,True,True
8,strong_occlusion,candidate_53,53,16,28810946,0.0026666666666666666,0.002017883362611636,0.5726043654053685,0.7567062609793634,True,True,True,True
8,strong_occlusion,candidate_53,53,17,28810947,0.0026666666666666666,0.002529232367271531,0.8995804267013372,0.9484621377268242,True,True,True,True
8,strong_occlusion,candidate_53,53,18,28810948,0.0026666666666666666,0.005799168785705881,4.729269178842951,2.1746882946397053,False,True,True,True
8,strong_occlusion,candidate_53,53,19,28810949,0.0026666666666666666,0.0032815146843998807,1.5142976189904445,1.2305680066499554,True,True,True,True
8,strong_occlusion,candidate_53,53,20,28810950,0.0026666666666666666,0.007720871274193392,8.382916860843471,2.895326727822522,False,False,False,True
8,strong_occlusion,candidate_53,53,21,28810951,0.0026666666666666666,0.005202909687055099,3.806756607888533,1.9510911326456621,False,True,True,True
8,strong_occlusion,candidate_53,53,22,28810952,0.0026666666666666666,0.001417263956951214,0.28246459551651737,0.5314739838567053,True,True,True,True
8,strong_occlusion,candidate_53,53,23,28810953,0.0026666666666666666,0.0056667964879555536,4.515831905049196,2.1250486829833326,False,True,True,True
8,strong_occlusion,candidate_53,53,24,28810954,0.0026666666666666666,0.006548122322825074,6.0297055248768805,2.4555458710594027,False,True,True,True
8,strong_occlusion,candidate_53,53,25,28810955,0.0026666666666666666,0.001481970299712607,0.3088456831730073,0.5557388623922276,True,True,True,True
8,strong_occlusion,candidate_53,53,26,28810956,0.0026666666666666666,0.006021260005083805,5.09843981936557,2.257972501906427,False,True,True,True
8,strong_occlusion,candidate_53,53,27,28810957,0.0026666666666666666,0.0021231305226553135,0.6338929522824317,0.7961739459957426,True,True,True,True
8,strong_occlusion,candidate_53,53,28,28810958,0.0026666666666666666,0.0025043694498443686,0.881981204247251,0.9391385436916383,True,True,True,True
8,strong_occlusion,candidate_53,53,29,28810959,0.0026666666666666666,0.004190752367431964,2.469713260097336,1.5715321377869866,False,True,True,True
8,strong_occlusion,candidate_53,53,30,28810960,0.0026666666666666666,0.003493253117801592,1.71602118914492,1.309969919175597,True,True,True,True
8,strong_occlusion,candidate_53,53,31,28810961,0.0026666666666666666,0.001951566710459884,0.5355861504433893,0.7318375164224565,True,True,True,True
8,strong_occlusion,candidate_53,53,32,28810962,0.0026666666666666666,0.009775526255140502,13.438253470069869,3.6658223456776886,False,False,False,False
8,strong_occlusion,candidate_53,53,33,28810963,0.0026666666666666666,0.007349674395554157,7.5962409919684255,2.756127898332809,False,False,True,True
8,strong_occlusion,candidate_53,53,34,28810964,0.0026666666666666666,0.006212353900905918,5.42718857673295,2.3296327128397194,False,True,True,True
8,strong_occlusion,candidate_53,53,35,28810965,0.0026666666666666666,0.005389259893844331,4.084329684852986,2.0209724601916244,False,True,True,True
8,strong_occlusion,candidate_53,53,36,28810966,0.0026666666666666666,0.0029880929967249846,1.255598403338939,1.1205348737718692,True,True,True,True
8,strong_occlusion,candidate_53,53,37,28810967,0.0026666666666666666,0.001905557218393943,0.5106302314556148,0.7145839568977286,True,True,True,True
8,strong_occlusion,candidate_53,53,38,28810968,0.0026666666666666666,0.003013023193021027,1.2766371696116192,1.1298836973828852,True,True,True,True
8,strong_occlusion,candidate_53,53,39,28810969,0.0026666666666666666,0.0012525663703038677,0.22062972825227897,0.4697123888639504,True,True,True,True
8,strong_occlusion,candidate_53,53,40,28810970,0.0026666666666666666,0.001667822741697579,0.39116709811738537,0.6254335281365921,True,True,True,True
8,strong_occlusion,candidate_53,53,41,28810971,0.0026666666666666666,0.003223810794884624,1.4615094432958076,1.208929048081734,True,True,True,True
8,strong_occlusion,candidate_53,53,42,28810972,0.0026666666666666666,0.004582997519111383,2.9536686928379665,1.7186240696667687,False,True,True,True
8,strong_occlusion,candidate_53,53,43,28810973,0.0026666666666666666,0.004723624600870116,3.1377135051485667,1.7713592253262935,False,True,True,True
8,strong_occlusion,candidate_53,53,44,28810974,0.0026666666666666666,0.004000384952901367,2.250433092853079,1.5001443573380127,True,True,True,True
8,strong_occlusion,candidate_53,53,45,28810975,0.0026666666666666666,0.004389687725502373,2.709753514794309,1.64613289706339,False,True,True,True
8,strong_occlusion,candidate_53,53,46,28810976,0.0026666666666666666,0.004777808644899614,3.2101109222733966,1.7916782418373554,False,True,True,True
8,strong_occlusion,candidate_53,53,47,28810977,0.0026666666666666666,0.0035664467254115416,1.7886856282310684,1.337417522029328,True,True,True,True
8,strong_occlusion,candidate_53,53,48,28810978,0.0026666666666666666,0.005678957378751539,4.535234565423265,2.1296090170318274,False,True,True,True
8,strong_occlusion,candidate_53,53,49,28810979,0.0026666666666666666,0.004735751119592989,3.1538445000083786,1.7759066698473709,False,True,True,True
8,strong_occlusion,candidate_53,53,50,28810980,0.0026666666666666666,0.0055878244399659854,4.390844339795791,2.0954341649872448,False,True,True,True
8,strong_occlusion,candidate_53,53,51,28810981,0.0026666666666666666,0.00371197770338354,1.9376407224023262,1.3919916387688276,True,True,True,True
8,strong_occlusion,candidate_53,53,52,28810982,0.0026666666666666666,0.007798955267318937,8.553333271168377,2.9246082252446013,False,False,False,True
8,strong_occlusion,candidate_53,53,53,28810983,0.0026666666666666666,0.005407688165848673,4.112309713930283,2.0278830621932524,False,True,True,True
8,strong_occlusion,candidate_53,53,54,28810984,0.0026666666666666666,0.007803224570418958,8.562700363554862,2.9262092139071094,False,False,False,True
8,strong_occlusion,candidate_53,53,55,28810985,0.0026666666666666666,0.0025969321440711306,0.9483829538779519,0.9738495540266741,True,True,True,True
8,strong_occlusion,candidate_53,53,56,28810986,0.0026666666666666666,0.007997886955655372,8.99524627810908,2.9992076083707646,False,False,False,True
8,strong_occlusion,candidate_53,53,57,28810987,0.0026666666666666666,0.004348480062683881,2.6591173390630134,1.6306800235064554,False,True,True,True
8,strong_occlusion,candidate_53,53,58,28810988,0.0026666666666666666,0.004731849276112611,3.1486496585410464,1.7744434785422292,False,True,True,True
8,strong_occlusion,candidate_53,53,59,28810989,0.0026666666666666666,0.004737838151624116,3.156624893107269,1.7766893068590437,False,True,True,True
8,strong_occlusion,candidate_53,53,60,28810990,0.0026666666666666666,0.001372329679590703,0.2648374803964015,0.5146236298465137,True,True,True,True
8,strong_occlusion,candidate_53,53,61,28810991,0.0026666666666666666,0.006069793405095451,5.18096137226347,2.276172526910794,False,True,True,True
8,strong_occlusion,candidate_53,53,62,28810992,0.0026666666666666666,0.0010887339843838341,0.166688674980792,0.40827524414393784,True,True,True,True
8,strong_occlusion,candidate_53,53,63,28810993,0.0026666666666666666,0.005419141454370884,4.129747608161389,2.032178045389082,False,True,True,True
8,strong_occlusion,candidate_53,53,64,28810994,0.0026666666666666666,0.006674182587746835,6.264100295800741,2.5028184704050633,False,False,True,True
8,strong_occlusion,candidate_53,53,65,28810995,0.0026666666666666666,0.003753399431535525,1.9811260255290752,1.4075247868258218,True,True,True,True
8,strong_occlusion,candidate_53,53,66,28810996,0.0026666666666666666,0.00510762863589934,3.6686067584426647,1.9153607384622524,False,True,True,True
8,strong_occlusion,candidate_53,53,67,28810997,0.0026666666666666666,0.0031438806729831457,1.389935487087697,1.1789552523686797,True,True,True,True
8,strong_occlusion,candidate_53,53,68,28810998,0.0026666666666666666,0.0020206208357445594,0.574159016509459,0.7577328134042098,True,True,True,True
8,strong_occlusion,candidate_53,53,69,28810999,0.0026666666666666666,0.002416539517181974,0.8212026428581061,0.9062023189432403,True,True,True,True
8,strong_occlusion,candidate_53,53,70,28811000,0.0026666666666666666,0.004941401967383145,3.4337043848331583,1.8530257377686794,False,True,True,True
8,strong_occlusion,candidate_53,53,71,28811001,0.0026666666666666666,0.006035517587852701,5.122613327804901,2.263319095444763,False,True,True,True
8,strong_occlusion,candidate_53,53,72,28811002,0.0026666666666666666,0.0037270696264892675,1.9534286250982758,1.3976511099334754,True,True,True,True
8,strong_occlusion,candidate_53,53,73,28811003,0.0026666666666666666,0.005277525754440073,3.916726606234443,1.9790721579150274,False,True,True,True
8,strong_occlusion,candidate_53,53,74,28811004,0.0026666666666666666,0.0039489132670959,2.192894436240846,1.4808424751609626,True,True,True,True
8,strong_occlusion,candidate_53,53,75,28811005,0.0026666666666666666,0.0035741158522677677,1.7963865176388403,1.3402934446004129,True,True,True,True
8,strong_occlusion,candidate_53,53,76,28811006,0.0026666666666666666,0.0011187303371616416,0.17600028289956568,0.4195238764356156,True,True,True,True
8,strong_occlusion,candidate_53,53,77,28811007,0.0026666666666666666,0.0064704685578765185,5.887541722284652,2.4264257092036945,False,True,True,True
8,strong_occlusion,candidate_53,53,78,28811008,0.0026666666666666666,0.006245464146582377,5.4851937758783365,2.3420490549683914,False,True,True,True
8,strong_occlusion,candidate_53,53,79,28811009,0.0026666666666666666,0.002545255256611308,0.9110143576838665,0.9544707212292405,True,True,True,True
8,strong_occlusion,candidate_53,53,80,28811010,0.0026666666666666666,0.0061037012114633004,5.23900806733386,2.2888879542987377,False,True,True,True
8,strong_occlusion,candidate_53,53,81,28811011,0.0026666666666666666,0.0029018966734367514,1.1842037301520243,1.0882112525387817,True,True,True,True
8,strong_occlusion,candidate_53,53,82,28811012,0.0026666666666666666,0.004568627551122402,2.935175301685501,1.7132353316709006,False,True,True,True
8,strong_occlusion,candidate_53,53,83,28811013,0.0026666666666666666,0.009291091698021026,12.139366632333079,3.484159386757885,False,False,False,False
8,strong_occlusion,candidate_53,53,84,28811014,0.0026666666666666666,0.002983926471109464,1.2520992916389064,1.118972426666049,True,True,True,True
8,strong_occlusion,candidate_53,53,85,28811015,0.0026666666666666666,0.004301223728674487,2.6016364074533143,1.6129588982529326,False,True,True,True
8,strong_occlusion,candidate_53,53,86,28811016,0.0026666666666666666,0.003400035606336254,1.6256590487373286,1.2750133523760951,True,True,True,True
8,strong_occlusion,candidate_53,53,87,28811017,0.0026666666666666666,0.008106493984533432,9.241206288929536,3.039935244200037,False,False,False,True
8,strong_occlusion,candidate_53,53,88,28811018,0.0026666666666666666,0.0029812451557695084,1.2498500642061319,1.1179669334135658,True,True,True,True
8,strong_occlusion,candidate_53,53,89,28811019,0.0026666666666666666,0.00453037138314946,2.8862247472396247,1.6988892686810475,False,True,True,True
8,strong_occlusion,candidate_53,53,90,28811020,0.0026666666666666666,0.0038360999774745374,2.069390114603458,1.4385374915529516,True,True,True,True
8,strong_occlusion,candidate_53,53,91,28811021,0.0026666666666666666,0.0031152682333376223,1.364751023293478,1.1682255875016083,True,True,True,True
8,strong_occlusion,candidate_53,53,92,28811022,0.0026666666666666666,0.006897092843707193,6.689515738319575,2.5864098163901974,False,False,True,True
8,strong_occlusion,candidate_53,53,93,28811023,0.0026666666666666666,0.005575603877274175,4.371659802601146,2.090851453977816,False,True,True,True
8,strong_occlusion,candidate_53,53,94,28811024,0.0026666666666666666,0.0071876547839531645,7.265022369368176,2.695370543982437,False,False,True,True
8,strong_occlusion,candidate_53,53,95,28811025,0.0026666666666666666,0.0035765805062787336,1.798864891578709,1.3412176898545252,True,True,True,True
8,strong_occlusion,candidate_53,53,96,28811026,0.0026666666666666666,0.00757587139796721,8.071006983544358,2.8409517742377037,False,False,False,True
8,strong_occlusion,candidate_53,53,97,28811027,0.0026666666666666666,0.0012865112437270212,0.2327500097206941,0.48244171639763295,True,True,True,True
8,strong_occlusion,candidate_53,53,98,28811028,0.0026666666666666666,0.006521258279499196,5.980332592678614,2.4454718548121983,False,True,True,True
8,strong_occlusion,candidate_53,53,99,28811029,0.0026666666666666666,0.004732389200777581,3.1493682488863515,1.774645950291593,False,True,True,True
8,strong_occlusion,candidate_80,80,0,29080930,0.03,0.047582904576327315,2.515703119910968,1.5860968192109106,False,True,True,True
8,strong_occlusion,candidate_80,80,1,29080931,0.03,0.020134989178068215,0.45046421022324906,0.6711663059356072,True,True,True,True
8,strong_occlusion,candidate_80,80,2,29080932,0.03,0.054065432901186726,3.247856705325249,1.8021810967062242,False,True,True,True
8,strong_occlusion,candidate_80,80,3,29080933,0.03,0.0605272735016136,4.070612041710151,2.01757578338712,False,True,True,True
8,strong_occlusion,candidate_80,80,4,29080934,0.03,0.03121958622073752,1.0829584042156266,1.040652874024584,True,True,True,True
8,strong_occlusion,candidate_80,80,5,29080935,0.03,0.05074104335506157,2.8607260897335975,1.6913681118353858,False,True,True,True
8,strong_occlusion,candidate_80,80,6,29080936,0.03,0.05975072112973726,3.9668318616929232,1.9916907043245755,False,True,True,True
8,strong_occlusion,candidate_80,80,7,29080937,0.03,0.030894933407066446,1.0605521224745227,1.0298311135688816,True,True,True,True
8,strong_occlusion,candidate_80,80,8,29080938,0.03,0.08431383434217354,7.898691846088314,2.810461144739118,False,False,False,True
8,strong_occlusion,candidate_80,80,9,29080939,0.03,0.06113566126822729,4.152854531892696,2.0378553756075766,False,True,True,True
8,strong_occlusion,candidate_80,80,10,29080940,0.03,0.024554589159049685,0.6699198319663558,0.8184863053016562,True,True,True,True
8,strong_occlusion,candidate_80,80,11,29080941,0.03,0.054767348823290485,3.3327361079244198,1.825578294109683,False,True,True,True
8,strong_occlusion,candidate_80,80,12,29080942,0.03,0.013436166953985274,0.20058953601707324,0.44787223179950914,True,True,True,True
8,strong_occlusion,candidate_80,80,13,29080943,0.03,0.05561092292432325,3.436194164994468,1.853697430810775,False,True,True,True
8,strong_occlusion,candidate_80,80,14,29080944,0.03,0.042371727073379016,1.9948480613121338,1.4123909024459673,True,True,True,True
8,strong_occlusion,candidate_80,80,15,29080945,0.03,0.0322132536309107,1.1529930105437574,1.0737751210303568,True,True,True,True
8,strong_occlusion,candidate_80,80,16,29080946,0.03,0.04266971459312935,2.0230050482879065,1.4223238197709784,True,True,True,True
8,strong_occlusion,candidate_80,80,17,29080947,0.03,0.023956752952782896,0.63769556893408,0.7985584317594299,True,True,True,True
8,strong_occlusion,candidate_80,80,18,29080948,0.03,0.06269797068980867,4.367817254022342,2.089932356326956,False,True,True,True
8,strong_occlusion,candidate_80,80,19,29080949,0.03,0.010160783539550945,0.11471280237512159,0.33869278465169816,True,True,True,True
8,strong_occlusion,candidate_80,80,20,29080950,0.03,0.026089608683619835,0.7562974236271238,0.8696536227873278,True,True,True,True
8,strong_occlusion,candidate_80,80,21,29080951,0.03,0.05400000268082318,3.2400003216987896,1.8000000893607728,False,True,True,True
8,strong_occlusion,candidate_80,80,22,29080952,0.03,0.038897981788927505,1.681169985835262,1.2965993929642503,True,True,True,True
8,strong_occlusion,candidate_80,80,23,29080953,0.03,0.047956360322649765,2.555347217106463,1.5985453440883255,False,True,True,True
8,strong_occlusion,candidate_80,80,24,29080954,0.03,0.04648670567625691,2.4011264495899294,1.5495568558752304,False,True,True,True
8,strong_occlusion,candidate_80,80,25,29080955,0.03,0.031200220235781596,1.0816152697347505,1.04000734119272,True,True,True,True
8,strong_occlusion,candidate_80,80,26,29080956,0.03,0.07154663818520583,5.687690484005281,2.384887939506861,False,True,True,True
8,strong_occlusion,candidate_80,80,27,29080957,0.03,0.09481720491814777,9.989224831655584,3.160573497271592,False,False,False,True
8,strong_occlusion,candidate_80,80,28,29080958,0.03,0.03958854534865086,1.7413921364690954,1.319618178288362,True,True,True,True
8,strong_occlusion,candidate_80,80,29,29080959,0.03,0.025022305022446966,0.6956841651515274,0.8340768340815655,True,True,True,True
8,strong_occlusion,candidate_80,80,30,29080960,0.03,0.021855003274841498,0.5307124090481473,0.7285001091613833,True,True,True,True
8,strong_occlusion,candidate_80,80,31,29080961,0.03,0.08447523207295209,7.928960926421237,2.815841069098403,False,False,False,True
8,strong_occlusion,candidate_80,80,32,29080962,0.03,0.08361988492860453,7.769205728303404,2.787329497620151,False,False,True,True
8,strong_occlusion,candidate_80,80,33,29080963,0.03,0.04860830377124251,2.6252968839082103,1.6202767923747505,False,True,True,True
8,strong_occlusion,candidate_80,80,34,29080964,0.03,0.04956556785893357,2.7297172413094986,1.6521855952977857,False,True,True,True
8,strong_occlusion,candidate_80,80,35,29080965,0.03,0.10414096869507647,12.050379289720997,3.471365623169216,False,False,False,False
8,strong_occlusion,candidate_80,80,36,29080966,0.03,0.044241904311018494,2.1748289967392407,1.4747301437006166,True,True,True,True
8,strong_occlusion,candidate_80,80,37,29080967,0.03,0.047965514881318276,2.5563229086999613,1.5988504960439427,False,True,True,True
8,strong_occlusion,candidate_80,80,38,29080968,0.03,0.017673797867965003,0.3470701456418715,0.5891265955988335,True,True,True,True
8,strong_occlusion,candidate_80,80,39,29080969,0.03,0.027828469808350083,0.8604708131936134,0.9276156602783361,True,True,True,True
8,strong_occlusion,candidate_80,80,40,29080970,0.03,0.05640585094501991,3.5351333564797818,1.8801950315006637,False,True,True,True
8,strong_occlusion,candidate_80,80,41,29080971,0.03,0.10136983248158768,11.417603263716831,3.378994416052923,False,False,False,False
8,strong_occlusion,candidate_80,80,42,29080972,0.03,0.03455276321098237,1.3265482727935742,1.1517587736994124,True,True,True,True
8,strong_occlusion,candidate_80,80,43,29080973,0.03,0.013685373682702033,0.2080993920391038,0.45617912275673445,True,True,True,True
8,strong_occlusion,candidate_80,80,44,29080974,0.03,0.02341078475781912,0.6089609366410401,0.780359491927304,True,True,True,True
8,strong_occlusion,candidate_80,80,45,29080975,0.03,0.051208766782627396,2.913708661552804,1.7069588927542465,False,True,True,True
8,strong_occlusion,candidate_80,80,46,29080976,0.03,0.03653614265586701,1.4832108001887385,1.2178714218622335,True,True,True,True
8,strong_occlusion,candidate_80,80,47,29080977,0.03,0.1100157524225562,13.448295312334645,3.6671917474185403,False,False,False,False
8,strong_occlusion,candidate_80,80,48,29080978,0.03,0.053424624703514265,3.17132280523483,1.7808208234504757,False,True,True,True
8,strong_occlusion,candidate_80,80,49,29080979,0.03,0.04235669230712646,1.9934326480006508,1.411889743570882,True,True,True,True
8,strong_occlusion,candidate_80,80,50,29080980,0.03,0.05722424901302963,3.638460750116914,1.9074749671009879,False,True,True,True
8,strong_occlusion,candidate_80,80,51,29080981,0.03,0.034117283268239144,1.293321130672523,1.1372427756079715,True,True,True,True
8,strong_occlusion,candidate_80,80,52,29080982,0.03,0.0596478263963187,3.953181326450416,1.98826087987729,False,True,True,True
8,strong_occlusion,candidate_80,80,53,29080983,0.03,0.055723165473823125,3.45007907824786,1.8574388491274376,False,True,True,True
8,strong_occlusion,candidate_80,80,54,29080984,0.03,0.067983668917876,5.135310266150421,2.2661222972625334,False,True,True,True
8,strong_occlusion,candidate_80,80,55,29080985,0.03,0.05869205862014527,3.8275086056339647,1.9564019540048423,False,True,True,True
8,strong_occlusion,candidate_80,80,56,29080986,0.03,0.01772242404201895,0.34898257102792374,0.5907474680672984,True,True,True,True
8,strong_occlusion,candidate_80,80,57,29080987,0.03,0.07211221481773039,5.777968362131661,2.4037404939243463,False,True,True,True
8,strong_occlusion,candidate_80,80,58,29080988,0.03,0.02311050768348754,0.5934395170983741,0.7703502561162514,True,True,True,True
8,strong_occlusion,candidate_80,80,59,29080989,0.03,0.054454971358415455,3.2948265618287196,1.8151657119471818,False,True,True,True
8,strong_occlusion,candidate_80,80,60,29080990,0.03,0.03682005975756961,1.5063520006122193,1.2273353252523205,True,True,True,True
8,strong_occlusion,candidate_80,80,61,29080991,0.03,0.05553627392368319,3.426975245918193,1.8512091307894398,False,True,True,True
8,strong_occlusion,candidate_80,80,62,29080992,0.03,0.07524255018363632,6.290490397930034,2.5080850061212105,False,False,True,True
8,strong_occlusion,candidate_80,80,63,29080993,0.03,0.07589869109719141,6.40067923362987,2.5299563699063805,False,False,True,True
8,strong_occlusion,candidate_80,80,64,29080994,0.03,0.08780000064074828,8.565377902794888,2.926666688024943,False,False,False,True
8,strong_occlusion,candidate_80,80,65,29080995,0.03,0.0699227324324889,5.432431678694927,2.33075774774963,False,True,True,True
8,strong_occlusion,candidate_80,80,66,29080996,0.03,0.05886421565557803,3.849995427495997,1.962140521852601,False,True,True,True
8,strong_occlusion,candidate_80,80,67,29080997,0.03,0.09509824632806722,10.048529394081946,3.1699415442689074,False,False,False,True
8,strong_occlusion,candidate_80,80,68,29080998,0.03,0.023827924346119366,0.6308555318270979,0.7942641448706456,True,True,True,True
8,strong_occlusion,candidate_80,80,69,29080999,0.03,0.02646838223352695,0.7784169534000945,0.8822794077842318,True,True,True,True
8,strong_occlusion,candidate_80,80,70,29081000,0.03,0.04592374919576346,2.343323044661539,1.5307916398587822,True,True,True,True
8,strong_occlusion,candidate_80,80,71,29081001,0.03,0.05889180428125301,3.8536051238904565,1.9630601427084338,False,True,True,True
8,strong_occlusion,candidate_80,80,72,29081002,0.03,0.06270227890871499,4.368417533718095,2.0900759636238333,False,True,True,True
8,strong_occlusion,candidate_80,80,73,29081003,0.03,0.052091470507256016,3.0150236662314707,1.7363823502418672,False,True,True,True
8,strong_occlusion,candidate_80,80,74,29081004,0.03,0.013977877413819539,0.21709006332862935,0.465929247127318,True,True,True,True
8,strong_occlusion,candidate_80,80,75,29081005,0.03,0.033234945569893426,1.2272906744819765,1.1078315189964476,True,True,True,True
8,strong_occlusion,candidate_80,80,76,29081006,0.03,0.06886298943945526,5.269012571709475,2.2954329813151757,False,True,True,True
8,strong_occlusion,candidate_80,80,77,29081007,0.03,0.05359790975161639,3.1919288108249066,1.7865969917205464,False,True,True,True
8,strong_occlusion,candidate_80,80,78,29081008,0.03,0.04127005431141194,1.8924637587409903,1.3756684770470646,True,True,True,True
8,strong_occlusion,candidate_80,80,79,29081009,0.03,0.06298313138316954,4.407638709810662,2.099437712772318,False,True,True,True
8,strong_occlusion,candidate_80,80,80,29081010,0.03,0.07430784103981587,6.135172488887271,2.476928034660529,False,True,True,True
8,strong_occlusion,candidate_80,80,81,29081011,0.03,0.055272196687575374,3.394461918522243,1.8424065562525125,False,True,True,True
8,strong_occlusion,candidate_80,80,82,29081012,0.03,0.022990406036401036,0.5872875219095391,0.7663468678800346,True,True,True,True
8,strong_occlusion,candidate_80,80,83,29081013,0.03,0.0845644551368517,7.945718969547337,2.81881517122839,False,False,False,True
8,strong_occlusion,candidate_80,80,84,29081014,0.03,0.07658751475008123,6.517386017326567,2.552917158336041,False,False,True,True
8,strong_occlusion,candidate_80,80,85,29081015,0.03,0.03371081040924744,1.2626874871646951,1.123693680308248,True,True,True,True
8,strong_occlusion,candidate_80,80,86,29081016,0.03,0.07174340484463296,5.719017931889892,2.391446828154432,False,True,True,True
8,strong_occlusion,candidate_80,80,87,29081017,0.03,0.0856200091243881,8.145317736067,2.85400030414627,False,False,False,True
8,strong_occlusion,candidate_80,80,88,29081018,0.03,0.07276156415808052,5.882494687478298,2.4253854719360173,False,True,True,True
8,strong_occlusion,candidate_80,80,89,29081019,0.03,0.09063607451051779,9.127664447417926,3.0212024836839264,False,False,False,True
8,strong_occlusion,candidate_80,80,90,29081020,0.03,0.04415378473906909,2.166174118648945,1.4717928246356364,True,True,True,True
8,strong_occlusion,candidate_80,80,91,29081021,0.03,0.018974344950672854,0.4000286292301382,0.6324781650224285,True,True,True,True
8,strong_occlusion,candidate_80,80,92,29081022,0.03,0.03085275534188029,1.0576583468732474,1.0284251780626763,True,True,True,True
8,strong_occlusion,candidate_80,80,93,29081023,0.03,0.09790620420669378,10.650694246847582,3.2635401402231263,False,False,False,True
8,strong_occlusion,candidate_80,80,94,29081024,0.03,0.05764174665792124,3.6917455086399715,1.9213915552640413,False,True,True,True
8,strong_occlusion,candidate_80,80,95,29081025,0.03,0.05228499859635071,3.037467864689329,1.7428332865450238,False,True,True,True
8,strong_occlusion,candidate_80,80,96,29081026,0.03,0.0361998932845387,1.4560358597911003,1.2066631094846234,True,True,True,True
8,strong_occlusion,candidate_80,80,97,29081027,0.03,0.09722986947595436,10.504052798123467,3.240995649198479,False,False,False,True
8,strong_occlusion,candidate_80,80,98,29081028,0.03,0.0780639718659565,6.771093003876498,2.6021323955318834,False,False,True,True
8,strong_occlusion,candidate_80,80,99,29081029,0.03,0.054134919597577,3.256210577595696,1.8044973199192333,False,True,True,True
8,strong_occlusion,candidate_107,107,0,29350930,0.0033333333333333335,0.006812743482462783,4.17721263820552,2.0438230447388346,False,True,True,True
8,strong_occlusion,candidate_107,107,1,29350931,0.0033333333333333335,0.0039053622469893304,1.3726668852188593,1.171608674096799,True,True,True,True
8,strong_occlusion,candidate_107,107,2,29350932,0.0033333333333333335,0.00436211194952997,1.712521859420894,1.308633584858991,True,True,True,True
8,strong_occlusion,candidate_107,107,3,29350933,0.0033333333333333335,0.005146845589444789,2.384101756942854,1.5440536768334365,False,True,True,True
8,strong_occlusion,candidate_107,107,4,29350934,0.0033333333333333335,0.003725264888744761,1.2489838642183062,1.1175794666234282,True,True,True,True
8,strong_occlusion,candidate_107,107,5,29350935,0.0033333333333333335,0.004906463267672119,2.166604361731418,1.4719389803016354,True,True,True,True
8,strong_occlusion,candidate_107,107,6,29350936,0.0033333333333333335,0.007187606074264724,4.649551297092643,2.156281822279417,False,True,True,True
8,strong_occlusion,candidate_107,107,7,29350937,0.0033333333333333335,0.007605132191795129,5.205423208921071,2.2815396575385387,False,True,True,True
8,strong_occlusion,candidate_107,107,8,29350938,0.0033333333333333335,0.001083912847433353,0.10573803547479708,0.32517385423000583,True,True,True,True
8,strong_occlusion,candidate_107,107,9,29350939,0.0033333333333333335,0.009307828499871421,7.797210424471678,2.7923485499614262,False,False,True,True
8,strong_occlusion,candidate_107,107,10,29350940,0.0033333333333333335,0.0048281218070276325,2.097968416514619,1.4484365421082896,True,True,True,True
8,strong_occlusion,candidate_107,107,11,29350941,0.0033333333333333335,0.004318508350387192,1.6784562935127512,1.2955525051161574,True,True,True,True
8,strong_occlusion,candidate_107,107,12,29350942,0.0033333333333333335,0.003800002134369281,1.299601459908998,1.1400006403107843,True,True,True,True
8,strong_occlusion,candidate_107,107,13,29350943,0.0033333333333333335,0.002831269066505073,0.7214476074253655,0.8493807199515219,True,True,True,True
8,strong_occlusion,candidate_107,107,14,29350944,0.0033333333333333335,0.00737565393993491,4.896024393750961,2.2126961819804727,False,True,True,True
8,strong_occlusion,candidate_107,107,15,29350945,0.0033333333333333335,0.004275655339589361,1.6453105724663106,1.2826966018768082,True,True,True,True
8,strong_occlusion,candidate_107,107,16,29350946,0.0033333333333333335,0.009027374732682643,7.334414510784931,2.7082124198047928,False,False,True,True
8,strong_occlusion,candidate_107,107,17,29350947,0.0033333333333333335,0.009286178652270206,7.760980256569099,2.7858535956810617,False,False,True,True
8,strong_occlusion,candidate_107,107,18,29350948,0.0033333333333333335,0.006624007549013064,3.9489728408443843,1.987202264703919,False,True,True,True
8,strong_occlusion,candidate_107,107,19,29350949,0.0033333333333333335,0.007221906365378029,4.694033839525892,2.166571909613409,False,True,True,True
8,strong_occlusion,candidate_107,107,20,29350950,0.0033333333333333335,0.005927276338034586,3.1619344308682216,1.7781829014103756,False,True,True,True
8,strong_occlusion,candidate_107,107,21,29350951,0.0033333333333333335,0.005772469217567312,2.998926078098595,1.7317407652701935,False,True,True,True
8,strong_occlusion,candidate_107,107,22,29350952,0.0033333333333333335,0.004289007089184896,1.6556023629970458,1.2867021267554686,True,True,True,True
8,strong_occlusion,candidate_107,107,23,29350953,0.0033333333333333335,0.00420355990035442,1.5902924252280894,1.261067970106326,True,True,True,True
8,strong_occlusion,candidate_107,107,24,29350954,0.0033333333333333335,0.003294675577960707,0.9769398447609644,0.9884026733882121,True,True,True,True
8,strong_occlusion,candidate_107,107,25,29350955,0.0033333333333333335,0.0024122079036413466,0.5236872273350801,0.7236623710924039,True,True,True,True
8,strong_occlusion,candidate_107,107,26,29350956,0.0033333333333333335,0.003969829379080232,1.4183590769107683,1.1909488137240696,True,True,True,True
8,strong_occlusion,candidate_107,107,27,29350957,0.0033333333333333335,0.004895675179240595,2.1570871914569185,1.4687025537721783,True,True,True,True
8,strong_occlusion,candidate_107,107,28,29350958,0.0033333333333333335,0.0040889416116906205,1.5047499153433577,1.2266824835071861,True,True,True,True
8,strong_occlusion,candidate_107,107,29,29350959,0.0033333333333333335,0.009369933788365696,7.90160932785214,2.8109801365097087,False,False,False,True
8,strong_occlusion,candidate_107,107,30,29350960,0.0033333333333333335,0.006293468135888263,3.5646967059696792,1.8880404407664788,False,True,True,True
8,strong_occlusion,candidate_107,107,31,29350961,0.0033333333333333335,0.003909992721054362,1.3759238770828284,1.1729978163163086,True,True,True,True
8,strong_occlusion,candidate_107,107,32,29350962,0.0033333333333333335,0.007013505417841625,4.427033242148443,2.1040516253524872,False,True,True,True
8,strong_occlusion,candidate_107,107,33,29350963,0.0033333333333333335,0.006458292923078332,3.7538592732255287,1.9374878769234993,False,True,True,True
8,strong_occlusion,candidate_107,107,34,29350964,0.0033333333333333335,0.004897088833647283,2.158333114016961,1.4691266500941849,True,True,True,True
8,strong_occlusion,candidate_107,107,35,29350965,0.0033333333333333335,0.0020759394784924143,0.38785722465270206,0.6227818435477243,True,True,True,True
8,strong_occlusion,candidate_107,107,36,29350966,0.0033333333333333335,0.006476000056904853,3.774471906332849,1.9428000170714559,False,True,True,True
8,strong_occlusion,candidate_107,107,37,29350967,0.0033333333333333335,0.006677794300393081,4.013364304652607,2.003338290117924,False,True,True,True
8,strong_occlusion,candidate_107,107,38,29350968,0.0033333333333333335,0.006664042039102155,3.996851066902872,1.9992126117306463,False,True,True,True
8,strong_occlusion,candidate_107,107,39,29350969,0.0033333333333333335,0.0024383089740633883,0.5350815587698247,0.7314926922190165,True,True,True,True
8,strong_occlusion,candidate_107,107,40,29350970,0.0033333333333333335,0.003390329342821049,1.0344899747514062,1.0170988028463146,True,True,True,True
8,strong_occlusion,candidate_107,107,41,29350971,0.0033333333333333335,0.002599103050763047,0.6079803001637201,0.7797309152289141,True,True,True,True
8,strong_occlusion,candidate_107,107,42,29350972,0.0033333333333333335,0.005056938286603213,2.301536235106209,1.5170814859809638,True,True,True,True
8,strong_occlusion,candidate_107,107,43,29350973,0.0033333333333333335,0.0029816968729222226,0.8001464617794743,0.8945090618766667,True,True,True,True
8,strong_occlusion,candidate_107,107,44,29350974,0.0033333333333333335,0.008853403578507025,7.054447943152888,2.656021073552107,False,False,True,True
8,strong_occlusion,candidate_107,107,45,29350975,0.0033333333333333335,0.006448121273516235,3.742044116217536,1.9344363820548705,False,True,True,True
8,strong_occlusion,candidate_107,107,46,29350976,0.0033333333333333335,0.0058007275936835904,3.028359655450999,1.740218278105077,False,True,True,True
8,strong_occlusion,candidate_107,107,47,29350977,0.0033333333333333335,0.007678592397639939,5.306470308818446,2.3035777192919817,False,True,True,True
8,strong_occlusion,candidate_107,107,48,29350978,0.0033333333333333335,0.005942036686173686,3.1777019981850554,1.7826110058521056,False,True,True,True
8,strong_occlusion,candidate_107,107,49,29350979,0.0033333333333333335,0.0022984171073225884,0.47544490793098204,0.6895251321967765,True,True,True,True
8,strong_occlusion,candidate_107,107,50,29350980,0.0033333333333333335,0.002872335430302454,0.7425279741753703,0.8617006290907362,True,True,True,True
8,strong_occlusion,candidate_107,107,51,29350981,0.0033333333333333335,0.007326053816187748,4.830395806591115,2.1978161448563243,False,True,True,True
8,strong_occlusion,candidate_107,107,52,29350982,0.0033333333333333335,0.004361764666108346,1.7122491902260124,1.3085293998325038,True,True,True,True
8,strong_occlusion,candidate_107,107,53,29350983,0.0033333333333333335,0.00843478882119692,6.403109621236966,2.530436646359076,False,False,True,True
8,strong_occlusion,candidate_107,107,54,29350984,0.0033333333333333335,0.0018858602962454176,0.3200822151259368,0.5657580888736252,True,True,True,True
8,strong_occlusion,candidate_107,107,55,29350985,0.0033333333333333335,0.0006492820545588736,0.037941046773497286,0.1947846163676621,True,True,True,True
8,strong_occlusion,candidate_107,107,56,29350986,0.0033333333333333335,0.007751619762254602,5.4078848044718475,2.3254859286763803,False,True,True,True
8,strong_occlusion,candidate_107,107,57,29350987,0.0033333333333333335,0.004352134948248259,1.7046970746987486,1.3056404844744776,True,True,True,True
8,strong_occlusion,candidate_107,107,58,29350988,0.0033333333333333335,0.0061311311768387396,3.3831692556843582,1.8393393530516218,False,True,True,True
8,strong_occlusion,candidate_107,107,59,29350989,0.0033333333333333335,0.0029240264542480564,0.7694937634628214,0.8772079362744168,True,True,True,True
8,strong_occlusion,candidate_107,107,60,29350990,0.0033333333333333335,0.006315316178216464,3.589489658775834,1.894594853464939,False,True,True,True
8,strong_occlusion,candidate_107,107,61,29350991,0.0033333333333333335,0.004126692560534808,1.5326632340255995,1.2380077681604424,True,True,True,True
8,strong_occlusion,candidate_107,107,62,29350992,0.0033333333333333335,0.005074864628362598,2.3178825896585264,1.5224593885087794,True,True,True,True
8,strong_occlusion,candidate_107,107,63,29350993,0.0033333333333333335,0.009153059089104828,7.5400641619780036,2.7459177267314483,False,False,True,True
8,strong_occlusion,candidate_107,107,64,29350994,0.0033333333333333335,0.006009938742199966,3.2507427316496487,1.8029816226599897,False,True,True,True
8,strong_occlusion,candidate_107,107,65,29350995,0.0033333333333333335,0.0048207200264537495,2.091540741610701,1.4462160079361248,True,True,True,True
8,strong_occlusion,candidate_107,107,66,29350996,0.0033333333333333335,0.003636578476012492,1.1902232710977603,1.0909735428037475,True,True,True,True
8,strong_occlusion,candidate_107,107,67,29350997,0.0033333333333333335,0.005459999341891666,2.683043353211168,1.6379998025674998,False,True,True,True
8,strong_occlusion,candidate_107,107,68,29350998,0.0033333333333333335,0.004587510087772132,1.8940723924869962,1.3762530263316395,True,True,True,True
8,strong_occlusion,candidate_107,107,69,29350999,0.0033333333333333335,0.0061773711818178855,3.434392324615868,1.8532113545453655,False,True,True,True
8,strong_occlusion,candidate_107,107,70,29351000,0.0033333333333333335,0.0044032268520709,1.7449566039718378,1.3209680556212697,True,True,True,True
8,strong_occlusion,candidate_107,107,71,29351001,0.0033333333333333335,0.003645227035152906,1.195891212402868,1.0935681105458719,True,True,True,True
8,strong_occlusion,candidate_107,107,72,29351002,0.0033333333333333335,0.008657846724187908,6.7462478909578145,2.597354017256372,False,False,True,True
8,strong_occlusion,candidate_107,107,73,29351003,0.0033333333333333335,0.003906834574361531,1.373702075228398,1.1720503723084592,True,True,True,True
8,strong_occlusion,candidate_107,107,74,29351004,0.0033333333333333335,0.003465364317551095,1.0807874868020728,1.0396092952653284,True,True,True,True
8,strong_occlusion,candidate_107,107,75,29351005,0.0033333333333333335,0.005744851588140308,2.9702987792782385,1.7234554764420922,False,True,True,True
8,strong_occlusion,candidate_107,107,76,29351006,0.0033333333333333335,0.0071744618913268466,4.632561308709106,2.1523385673980537,False,True,True,True
8,strong_occlusion,candidate_107,107,77,29351007,0.0033333333333333335,0.00811255638470881,5.923221398557169,2.433766915412643,False,True,True,True
8,strong_occlusion,candidate_107,107,78,29351008,0.0033333333333333335,0.01335815161843852,16.059619319507245,4.007445485531556,False,False,False,False
8,strong_occlusion,candidate_107,107,79,29351009,0.0033333333333333335,0.003399242187095953,1.0399362701879589,1.0197726561287859,True,True,True,True
8,strong_occlusion,candidate_107,107,80,29351010,0.0033333333333333335,0.009793034332205878,8.631316928858672,2.9379102996617634,False,False,False,True
8,strong_occlusion,candidate_107,107,81,29351011,0.0033333333333333335,0.008492620448351251,6.4912141871778415,2.547786134505375,False,False,True,True
8,strong_occlusion,candidate_107,107,82,29351012,0.0033333333333333335,0.008908229051253963,7.1420890346644565,2.672468715376189,False,False,True,True
8,strong_occlusion,candidate_107,107,83,29351013,0.0033333333333333335,0.007730631621101277,5.378639873505385,2.319189486330383,False,True,True,True
8,strong_occlusion,candidate_107,107,84,29351014,0.0033333333333333335,0.004620794516334972,1.9216567765972212,1.3862383549004915,True,True,True,True
8,strong_occlusion,candidate_107,107,85,29351015,0.0033333333333333335,0.007381967722022078,4.904410270407824,2.2145903166066234,False,True,True,True
8,strong_occlusion,candidate_107,107,86,29351016,0.0033333333333333335,0.0032961042350395098,0.977787281542085,0.9888312705118528,True,True,True,True
8,strong_occlusion,candidate_107,107,87,29351017,0.0033333333333333335,0.008959745687204201,7.224933850143684,2.68792370616126,False,False,True,True
8,strong_occlusion,candidate_107,107,88,29351018,0.0033333333333333335,0.010092672829925316,9.16758403667214,3.0278018489775946,False,False,False,True
8,strong_occlusion,candidate_107,107,89,29351019,0.0033333333333333335,0.00928035508484721,7.75124914507645,2.784106525454163,False,False,True,True
8,strong_occlusion,candidate_107,107,90,29351020,0.0033333333333333335,0.005798129170880675,3.0256471693995675,1.7394387512642024,False,True,True,True
8,strong_occlusion,candidate_107,107,91,29351021,0.0033333333333333335,0.006282181827451259,3.5519227661842945,1.8846545482353776,False,True,True,True
8,strong_occlusion,candidate_107,107,92,29351022,0.0033333333333333335,0.004762193112653604,2.0410634917984876,1.4286579337960812,True,True,True,True
8,strong_occlusion,candidate_107,107,93,29351023,0.0033333333333333335,0.0027712134118426704,0.6911661396579023,0.831364023552801,True,True,True,True
8,strong_occlusion,candidate_107,107,94,29351024,0.0033333333333333335,0.004028879871526215,1.4608685717270178,1.2086639614578645,True,True,True,True
8,strong_occlusion,candidate_107,107,95,29351025,0.0033333333333333335,0.006130651572545588,3.382639983356012,1.8391954717636763,False,True,True,True
8,strong_occlusion,candidate_107,107,96,29351026,0.0033333333333333335,0.0066743318151365055,4.009203466068902,2.0022995445409517,False,True,True,True
8,strong_occlusion,candidate_107,107,97,29351027,0.0033333333333333335,0.00882733662713826,7.0129684735934985,2.6482009881414776,False,False,True,True
8,strong_occlusion,candidate_107,107,98,29351028,0.0033333333333333335,0.0022136603687845807,0.4410263005494736,0.6640981106353742,True,True,True,True
8,strong_occlusion,candidate_107,107,99,29351029,0.0033333333333333335,0.003755864165043212,1.2695864063630167,1.1267592495129635,True,True,True,True
9,combined_variation,initial,-1,0,29270930,0.03,0.018488402679556863,0.3798011484904949,0.6162800893185622,True,True,True,True
9,combined_variation,initial,-1,1,29270931,0.03,0.07065441085126313,5.546717525265655,2.3551470283754377,False,True,True,True
9,combined_variation,initial,-1,2,29270932,0.03,0.06391227168018977,4.538642745913764,2.130409056006326,False,True,True,True
9,combined_variation,initial,-1,3,29270933,0.03,0.048171385644336845,2.5783137721060245,1.6057128548112283,False,True,True,True
9,combined_variation,initial,-1,4,29270934,0.03,0.06427261463706047,4.58996554698231,2.1424204879020157,False,True,True,True
9,combined_variation,initial,-1,5,29270935,0.03,0.0494557449275561,2.7176341181549897,1.6485248309185367,False,True,True,True
9,combined_variation,initial,-1,6,29270936,0.03,0.08960675965960556,8.921523751882571,2.9868919886535186,False,False,False,True
9,combined_variation,initial,-1,7,29270937,0.03,0.038666849139401785,1.661250247076952,1.2888949713133928,True,True,True,True
9,combined_variation,initial,-1,8,29270938,0.03,0.014378150013624282,0.22970133090475991,0.4792716671208094,True,True,True,True
9,combined_variation,initial,-1,9,29270939,0.03,0.025426334932427543,0.7183316756622057,0.8475444977475848,True,True,True,True
9,combined_variation,initial,-1,10,29270940,0.03,0.040736202453416755,1.8438202114730635,1.3578734151138918,True,True,True,True
9,combined_variation,initial,-1,11,29270941,0.03,0.043582293681641314,2.1104625806142585,1.4527431227213772,True,True,True,True
9,combined_variation,initial,-1,12,29270942,0.03,0.032260800464053656,1.1563991628683163,1.0753600154684553,True,True,True,True
9,combined_variation,initial,-1,13,29270943,0.03,0.06721608668305866,5.020002565538284,2.240536222768622,False,True,True,True
9,combined_variation,initial,-1,14,29270944,0.03,0.06950933065117706,5.368385608416292,2.316977688372569,False,True,True,True
9,combined_variation,initial,-1,15,29270945,0.03,0.06905704693025663,5.29875081191963,2.301901564341888,False,True,True,True
9,combined_variation,initial,-1,16,29270946,0.03,0.027866382222853384,0.8628169535446213,0.9288794074284461,True,True,True,True
9,combined_variation,initial,-1,17,29270947,0.03,0.07459591112732575,6.18283328546209,2.486530370910858,False,True,True,True
9,combined_variation,initial,-1,18,29270948,0.03,0.05474981087772474,3.330601990162919,1.8249936959241582,False,True,True,True
9,combined_variation,initial,-1,19,29270949,0.03,0.02667528429961527,0.7906342138503344,0.8891761433205091,True,True,True,True
9,combined_variation,initial,-1,20,29270950,0.03,0.04378110033286207,2.1297608292845944,1.4593700110954022,True,True,True,True
9,combined_variation,initial,-1,21,29270951,0.03,0.12005097227963765,16.013595494762587,4.001699075987922,False,False,False,False
9,combined_variation,initial,-1,22,29270952,0.03,0.030811234382324918,1.054813515736179,1.0270411460774973,True,True,True,True
9,combined_variation,initial,-1,23,29270953,0.03,0.09279456378649348,9.567590075917341,3.093152126216449,False,False,False,True
9,combined_variation,initial,-1,24,29270954,0.03,0.0683525139487923,5.1911846256887175,2.27841713162641,False,True,True,True
9,combined_variation,initial,-1,25,29270955,0.03,0.049107141227953593,2.6794570217579774,1.636904707598453,False,True,True,True
9,combined_variation,initial,-1,26,29270956,0.03,0.07053791876834203,5.528442204632466,2.3512639589447346,False,True,True,True
9,combined_variation,initial,-1,27,29270957,0.03,0.03652667964878563,1.482442584627789,1.2175559882928544,True,True,True,True
9,combined_variation,initial,-1,28,29270958,0.03,0.07594733734806264,6.408886722511589,2.531577911602088,False,False,True,True
9,combined_variation,initial,-1,29,29270959,0.03,0.03450865243472774,1.3231634365120455,1.1502884144909247,True,True,True,True
9,combined_variation,initial,-1,30,29270960,0.03,0.04504149216891482,2.2541511297804613,1.5013830722971608,True,True,True,True
9,combined_variation,initial,-1,31,29270961,0.03,0.036395960254766435,1.4718510254072645,1.2131986751588812,True,True,True,True
9,combined_variation,initial,-1,32,29270962,0.03,0.040963872055089084,1.8644875708285649,1.3654624018363029,True,True,True,True
9,combined_variation,initial,-1,33,29270963,0.03,0.026746658345483103,0.7948708140555567,0.8915552781827701,True,True,True,True
9,combined_variation,initial,-1,34,29270964,0.03,0.032564963972007525,1.1783076427757202,1.0854987990669176,True,True,True,True
9,combined_variation,initial,-1,35,29270965,0.03,0.02819468456924163,0.8832669310655913,0.9398228189747211,True,True,True,True
9,combined_variation,initial,-1,36,29270966,0.03,0.07298221515466002,5.91822636542343,2.4327405051553344,False,True,True,True
9,combined_variation,initial,-1,37,29270967,0.03,0.07366230185882962,6.029038572379259,2.4554100619609875,False,True,True,True
9,combined_variation,initial,-1,38,29270968,0.03,0.032694323576537995,1.187687549030409,1.0898107858845998,True,True,True,True
9,combined_variation,initial,-1,39,29270969,0.03,0.05216622167845843,3.0236829824511844,1.7388740559486142,False,True,True,True
9,combined_variation,initial,-1,40,29270970,0.03,0.0375277730671425,1.56481527930994,1.2509257689047502,True,True,True,True
9,combined_variation,initial,-1,41,29270971,0.03,0.08537010070501949,8.097837882650188,2.84567002350065,False,False,False,True
9,combined_variation,initial,-1,42,29270972,0.03,0.04390970991678461,2.142291805529081,1.4636569972261537,True,True,True,True
9,combined_variation,initial,-1,43,29270973,0.03,0.047551407730767326,2.512373752419643,1.585046924358911,False,True,True,True
9,combined_variation,initial,-1,44,29270974,0.03,0.05682381147206676,3.5877172780144293,1.8941270490688922,False,True,True,True
9,combined_variation,initial,-1,45,29270975,0.03,0.05506886226635986,3.369532879234792,1.8356287422119955,False,True,True,True
9,combined_variation,initial,-1,46,29270976,0.03,0.04168222808716299,1.9304534870114212,1.389407602905433,True,True,True,True
9,combined_variation,initial,-1,47,29270977,0.03,0.03905533483766984,1.694799088091675,1.3018444945889946,True,True,True,True
9,combined_variation,initial,-1,48,29270978,0.03,0.10431992403671886,12.09182950114088,3.477330801223962,False,False,False,False
9,combined_variation,initial,-1,49,29270979,0.03,0.08071584928979755,7.238942585081459,2.6905283096599186,False,False,True,True
9,combined_variation,initial,-1,50,29270980,0.03,0.04591884036534376,2.342822111664359,1.5306280121781253,True,True,True,True
9,combined_variation,initial,-1,51,29270981,0.03,0.03985112373112339,1.7645689584814512,1.3283707910374465,True,True,True,True
9,combined_variation,initial,-1,52,29270982,0.03,0.04565722797860069,2.316202740766575,1.5219075992866897,True,True,True,True
9,combined_variation,initial,-1,53,29270983,0.03,0.05380249893590848,3.2163432130538148,1.7934166311969495,False,True,True,True
9,combined_variation,initial,-1,54,29270984,0.03,0.05437131227815086,3.2847106653868874,1.8123770759383622,False,True,True,True
9,combined_variation,initial,-1,55,29270985,0.03,0.061685901785476366,4.227944976763818,2.0561967261825456,False,True,True,True
9,combined_variation,initial,-1,56,29270986,0.03,0.04317159402663815,2.0708739231120656,1.4390531342212718,True,True,True,True
9,combined_variation,initial,-1,57,29270987,0.03,0.029050972955701786,0.9377322551921295,0.9683657651900596,True,True,True,True
9,combined_variation,initial,-1,58,29270988,0.03,0.09103086452570729,9.20735366255297,3.03436215085691,False,False,False,True
9,combined_variation,initial,-1,59,29270989,0.03,0.047502187716052795,2.5071753753456854,1.58340625720176,False,True,True,True
9,combined_variation,initial,-1,60,29270990,0.03,0.046461028771601985,2.3984746605729192,1.5487009590533996,False,True,True,True
9,combined_variation,initial,-1,61,29270991,0.03,0.03376517548963729,1.2667634176066698,1.1255058496545765,True,True,True,True
9,combined_variation,initial,-1,62,29270992,0.03,0.060262121133306035,4.0350258260947225,2.0087373711102012,False,True,True,True
9,combined_variation,initial,-1,63,29270993,0.03,0.047595364603325536,2.517020813026104,1.5865121534441846,False,True,True,True
9,combined_variation,initial,-1,64,29270994,0.03,0.06591740128117117,4.827893101847718,2.197246709372372,False,True,True,True
9,combined_variation,initial,-1,65,29270995,0.03,0.030620487175755665,1.0417935943117969,1.0206829058585223,True,True,True,True
9,combined_variation,initial,-1,66,29270996,0.03,0.016580069818800006,0.3054430168847588,0.5526689939600002,True,True,True,True
9,combined_variation,initial,-1,67,29270997,0.03,0.025423436597794787,0.7181679204912127,0.8474478865931596,True,True,True,True
9,combined_variation,initial,-1,68,29270998,0.03,0.040406343715259224,1.8140806804840761,1.3468781238419743,True,True,True,True
9,combined_variation,initial,-1,69,29270999,0.03,0.05803263619190039,3.7419854037571856,1.9344212063966797,False,True,True,True
9,combined_variation,initial,-1,70,29271000,0.03,0.02739163546243317,0.833668548118696,0.913054515414439,True,True,True,True
9,combined_variation,initial,-1,71,29271001,0.03,0.03682913563399422,1.5070947017190475,1.2276378544664739,True,True,True,True
9,combined_variation,initial,-1,72,29271002,0.03,0.08002456155330644,7.115478279776589,2.6674853851102145,False,False,True,True
9,combined_variation,initial,-1,73,29271003,0.03,0.027654858015254833,0.8497679687154495,0.9218286005084945,True,True,True,True
9,combined_variation,initial,-1,74,29271004,0.03,0.032795459658242106,1.195046860217095,1.0931819886080703,True,True,True,True
9,combined_variation,initial,-1,75,29271005,0.03,0.051259201052706455,2.919450769513092,1.7086400350902151,False,True,True,True
9,combined_variation,initial,-1,76,29271006,0.03,0.07637747402525097,6.48168726497543,2.545915800841699,False,False,True,True
9,combined_variation,initial,-1,77,29271007,0.03,0.045910108826670966,2.3419312138630795,1.5303369608890323,True,True,True,True
9,combined_variation,initial,-1,78,29271008,0.03,0.024331093787326185,0.6577801387640699,0.8110364595775396,True,True,True,True
9,combined_variation,initial,-1,79,29271009,0.03,0.049038466315627485,2.671967976209924,1.6346155438542496,False,True,True,True
9,combined_variation,initial,-1,80,29271010,0.03,0.042977696794464997,2.0523138019521854,1.4325898931488332,True,True,True,True
9,combined_variation,initial,-1,81,29271011,0.03,0.04610972915210132,2.362341247200158,1.5369909717367107,True,True,True,True
9,combined_variation,initial,-1,82,29271012,0.03,0.05442551373458594,3.291262828081781,1.8141837911528649,False,True,True,True
9,combined_variation,initial,-1,83,29271013,0.03,0.0625799385052537,4.351387448134817,2.0859979501751233,False,True,True,True
9,combined_variation,initial,-1,84,29271014,0.03,0.023595258385422674,0.6185957980831767,0.7865086128474225,True,True,True,True
9,combined_variation,initial,-1,85,29271015,0.03,0.07401341600078638,6.086650831228291,2.4671138666928796,False,True,True,True
9,combined_variation,initial,-1,86,29271016,0.03,0.02219289078686983,0.5472493349754798,0.7397630262289944,True,True,True,True
9,combined_variation,initial,-1,87,29271017,0.03,0.05361775399301765,3.194292825839734,1.7872584664339217,False,True,True,True
9,combined_variation,initial,-1,88,29271018,0.03,0.023000017966049134,0.58777869604287,0.7666672655349712,True,True,True,True
9,combined_variation,initial,-1,89,29271019,0.03,0.01965851271108119,0.42939680223526744,0.6552837570360397,True,True,True,True
9,combined_variation,initial,-1,90,29271020,0.03,0.04395222085456585,2.1464419089428146,1.4650740284855284,True,True,True,True
9,combined_variation,initial,-1,91,29271021,0.03,0.05630472245749478,3.522468634461686,1.8768240819164927,False,True,True,True
9,combined_variation,initial,-1,92,29271022,0.03,0.06201874571586973,4.2736942446330115,2.0672915238623246,False,True,True,True
9,combined_variation,initial,-1,93,29271023,0.03,0.008777120990726441,0.0855976143176119,0.2925706996908814,True,True,True,True
9,combined_variation,initial,-1,94,29271024,0.03,0.014422721848869481,0.23112767281095237,0.48075739496231606,True,True,True,True
9,combined_variation,initial,-1,95,29271025,0.03,0.04186990407928985,1.947876519565481,1.3956634693096617,True,True,True,True
9,combined_variation,initial,-1,96,29271026,0.03,0.024249112486246414,0.6533549515229242,0.8083037495415472,True,True,True,True
9,combined_variation,initial,-1,97,29271027,0.03,0.026154865672235496,0.7600855537029808,0.8718288557411832,True,True,True,True
9,combined_variation,initial,-1,98,29271028,0.03,0.03585631798930778,1.4285283775003965,1.1952105996435927,True,True,True,True
9,combined_variation,initial,-1,99,29271029,0.03,0.03916183913762861,1.7040551607127774,1.3053946379209536,True,True,True,True
9,combined_variation,candidate_0,0,0,29280930,0.002,0.0027646037425230908,1.9107584632931702,1.3823018712615454,True,True,True,True
9,combined_variation,candidate_0,0,1,29280931,0.002,0.002887108421331863,2.0838487591313406,1.4435542106659314,True,True,True,True
9,combined_variation,candidate_0,0,2,29280932,0.002,0.002193078423045301,1.202398242406716,1.0965392115226504,True,True,True,True
9,combined_variation,candidate_0,0,3,29280933,0.002,0.0021721760303227066,1.1795871766771282,1.0860880151613532,True,True,True,True
9,combined_variation,candidate_0,0,4,29280934,0.002,0.0031811109060287464,2.529866649113758,1.590555453014373,False,True,True,True
9,combined_variation,candidate_0,0,5,29280935,0.002,0.006021426564976691,9.064394469351749,3.0107132824883456,False,False,False,True
9,combined_variation,candidate_0,0,6,29280936,0.002,0.004624152280170971,5.3456960775525975,2.3120761400854852,False,True,True,True
9,combined_variation,candidate_0,0,7,29280937,0.002,0.0011293008141815284,0.3188300822277657,0.5646504070907642,True,True,True,True
9,combined_variation,candidate_0,0,8,29280938,0.002,0.0017020177468688533,0.724216102664132,0.8510088734344267,True,True,True,True
9,combined_variation,candidate_0,0,9,29280939,0.002,0.0037201323392210706,3.459846155329609,1.8600661696105352,False,True,True,True
9,combined_variation,candidate_0,0,10,29280940,0.002,0.0020705508308148206,1.071795185746986,1.0352754154074102,True,True,True,True
9,combined_variation,candidate_0,0,11,29280941,0.002,0.004112984677585175,4.229160739512606,2.0564923387925873,False,True,True,True
9,combined_variation,candidate_0,0,12,29280942,0.002,0.0006140814121079973,0.09427399517413801,0.30704070605399864,True,True,True,True
9,combined_variation,candidate_0,0,13,29280943,0.002,0.002704770673938596,1.8289460996495617,1.352385336969298,True,True,True,True
9,combined_variation,candidate_0,0,14,29280944,0.002,0.0029201694584755885,2.131847416553403,1.4600847292377943,True,True,True,True
9,combined_variation,candidate_0,0,15,29280945,0.002,0.003378993560445677,2.8543993703833386,1.6894967802228384,False,True,True,True
9,combined_variation,candidate_0,0,16,29280946,0.002,0.002335920926335582,1.364131643523121,1.167960463167791,True,True,True,True
9,combined_variation,candidate_0,0,17,29280947,0.002,0.0013748927509746195,0.47258251917063926,0.6874463754873097,True,True,True,True
9,combined_variation,candidate_0,0,18,29280948,0.002,0.0023267981317012785,1.3534973864221402,1.1633990658506392,True,True,True,True
9,combined_variation,candidate_0,0,19,29280949,0.002,0.0023610937828922505,1.3936909629031096,1.1805468914461252,True,True,True,True
9,combined_variation,candidate_0,0,20,29280950,0.002,0.0016480278684066869,0.6789989637612721,0.8240139342033435,True,True,True,True
9,combined_variation,candidate_0,0,21,29280951,0.002,0.00526044300295177,6.918065146826059,2.630221501475885,False,False,True,True
9,combined_variation,candidate_0,0,22,29280952,0.002,0.004509776427795936,5.084520857175968,2.254888213897968,False,True,True,True
9,combined_variation,candidate_0,0,23,29280953,0.002,0.003998093643901771,3.996188196351935,1.9990468219508852,False,True,True,True
9,combined_variation,candidate_0,0,24,29280954,0.002,0.002182120498550962,1.1904124675490746,1.0910602492754808,True,True,True,True
9,combined_variation,candidate_0,0,25,29280955,0.002,0.0002772409303337257,0.019215633363077435,0.13862046516686283,True,True,True,True
9,combined_variation,candidate_0,0,26,29280956,0.002,0.0037338174342602727,3.4853481580964916,1.8669087171301364,False,True,True,True
9,combined_variation,candidate_0,0,27,29280957,0.002,0.0015848929819031212,0.6279714410214419,0.7924464909515606,True,True,True,True
9,combined_variation,candidate_0,0,28,29280958,0.002,0.003752613618712096,3.5205272428358736,1.876306809356048,False,True,True,True
9,combined_variation,candidate_0,0,29,29280959,0.002,0.002059884958646425,1.060781510714446,1.0299424793232124,True,True,True,True
9,combined_variation,candidate_0,0,30,29280960,0.002,0.004313736267183309,4.652080145703147,2.1568681335916544,False,True,True,True
9,combined_variation,candidate_0,0,31,29280961,0.002,0.0014738434058463106,0.5430535962391633,0.7369217029231553,True,True,True,True
9,combined_variation,candidate_0,0,32,29280962,0.002,0.0029696117066870787,2.2046484221232365,1.4848058533435393,True,True,True,True
9,combined_variation,candidate_0,0,33,29280963,0.002,0.0021552098136578455,1.1612323352217713,1.0776049068289226,True,True,True,True
9,combined_variation,candidate_0,0,34,29280964,0.002,0.0025036903002550173,1.5671162798977647,1.2518451501275085,True,True,True,True
9,combined_variation,candidate_0,0,35,29280965,0.002,0.004304590249670149,4.632374304388829,2.1522951248350743,False,True,True,True
9,combined_variation,candidate_0,0,36,29280966,0.002,0.002471898697810854,1.5275707930597489,1.235949348905427,True,True,True,True
9,combined_variation,candidate_0,0,37,29280967,0.002,0.0034716737498893297,3.0131296564176604,1.7358368749446649,False,True,True,True
9,combined_variation,candidate_0,0,38,29280968,0.002,0.002185037511734732,1.1935972319219776,1.0925187558673661,True,True,True,True
9,combined_variation,candidate_0,0,39,29280969,0.002,0.00281472771218622,1.9806730234372683,1.40736385609311,True,True,True,True
9,combined_variation,candidate_0,0,40,29280970,0.002,0.0019536011402372863,0.9541393537841063,0.9768005701186432,True,True,True,True
9,combined_variation,candidate_0,0,41,29280971,0.002,0.0011525009443342166,0.3320646066728153,0.5762504721671083,True,True,True,True
9,combined_variation,candidate_0,0,42,29280972,0.002,0.004333509104247495,4.694825289148983,2.1667545521237477,False,True,True,True
9,combined_variation,candidate_0,0,43,29280973,0.002,0.002227592459937848,1.240542041892988,1.113796229968924,True,True,True,True
9,combined_variation,candidate_0,0,44,29280974,0.002,0.003311979542791413,2.7423021229672044,1.6559897713957064,False,True,True,True
9,combined_variation,candidate_0,0,45,29280975,0.002,0.0029228932545164957,2.135826244324508,1.4614466272582478,True,True,True,True
9,combined_variation,candidate_0,0,46,29280976,0.002,0.0032150105213718818,2.584073163132975,1.6075052606859408,False,True,True,True
9,combined_variation,candidate_0,0,47,29280977,0.002,0.004947418453659359,6.119237338902289,2.4737092268296794,False,True,True,True
9,combined_variation,candidate_0,0,48,29280978,0.002,0.002346958773224305,1.3770538708036337,1.1734793866121525,True,True,True,True
9,combined_variation,candidate_0,0,49,29280979,0.002,0.0013240614913415368,0.4382847082133936,0.6620307456707684,True,True,True,True
9,combined_variation,candidate_0,0,50,29280980,0.002,0.005860396805442411,8.586062679309904,2.9301984027212056,False,False,False,True
9,combined_variation,candidate_0,0,51,29280981,0.002,0.0025691148507404156,1.650087779073737,1.2845574253702077,True,True,True,True
9,combined_variation,candidate_0,0,52,29280982,0.002,0.005040665098240448,6.352076158154845,2.5203325491202238,False,False,True,True
9,combined_variation,candidate_0,0,53,29280983,0.002,0.006140427147910218,9.426211389698206,3.070213573955109,False,False,False,True
9,combined_variation,candidate_0,0,54,29280984,0.002,0.0034312902943932394,2.943438271099311,1.7156451471966196,False,True,True,True
9,combined_variation,candidate_0,0,55,29280985,0.002,0.0005541079014667467,0.07675889161697047,0.27705395073337336,True,True,True,True
9,combined_variation,candidate_0,0,56,29280986,0.002,0.004582180364390041,5.249094222950411,2.2910901821950205,False,True,True,True
9,combined_variation,candidate_0,0,57,29280987,0.002,0.0042873674041152224,4.595379814467425,2.1436837020576114,False,True,True,True
9,combined_variation,candidate_0,0,58,29280988,0.002,0.002676833511123973,1.7913594115690745,1.3384167555619864,True,True,True,True
9,combined_variation,candidate_0,0,59,29280989,0.002,0.006282679504556586,9.868015439243846,3.141339752278293,False,False,False,True
9,combined_variation,candidate_0,0,60,29280990,0.002,0.0009350331939284376,0.2185717684370038,0.46751659696421877,True,True,True,True
9,combined_variation,candidate_0,0,61,29280991,0.002,0.0033258825653346242,2.7653737095992055,1.662941282667312,False,True,True,True
9,combined_variation,candidate_0,0,62,29280992,0.002,0.0020195919414664736,1.0196879025090801,1.0097959707332367,True,True,True,True
9,combined_variation,candidate_0,0,63,29280993,0.002,0.0024188480894373706,1.4627065199437046,1.2094240447186853,True,True,True,True
9,combined_variation,candidate_0,0,64,29280994,0.002,0.0032678889996623963,2.6697746285286246,1.633944499831198,False,True,True,True
9,combined_variation,candidate_0,0,65,29280995,0.002,0.0012428092512143014,0.38614370872596315,0.6214046256071507,True,True,True,True
9,combined_variation,candidate_0,0,66,29280996,0.002,0.0021290286716555613,1.133190771182861,1.0645143358277807,True,True,True,True
9,combined_variation,candidate_0,0,67,29280997,0.002,0.0029368050225342416,2.156205935095587,1.4684025112671208,True,True,True,True
9,combined_variation,candidate_0,0,68,29280998,0.002,0.0018983434433774466,0.9009269572535352,0.9491717216887232,True,True,True,True
9,combined_variation,candidate_0,0,69,29280999,0.002,0.0028840435158116054,2.0794267502737416,1.4420217579058028,True,True,True,True
9,combined_variation,candidate_0,0,70,29281000,0.002,0.003084361199741663,2.378321002617958,1.5421805998708316,False,True,True,True
9,combined_variation,candidate_0,0,71,29281001,0.002,0.0013474201431523613,0.45388526054318246,0.6737100715761806,True,True,True,True
9,combined_variation,candidate_0,0,72,29281002,0.002,0.005169091984288346,6.679877985508507,2.584545992144173,False,False,True,True
9,combined_variation,candidate_0,0,73,29281003,0.002,0.0014097801022836685,0.4968699841987378,0.7048900511418342,True,True,True,True
9,combined_variation,candidate_0,0,74,29281004,0.002,0.004540089185068495,5.153102452093979,2.2700445925342474,False,True,True,True
9,combined_variation,candidate_0,0,75,29281005,0.002,0.0033149399311611784,2.7472066868017198,1.6574699655805891,False,True,True,True
9,combined_variation,candidate_0,0,76,29281006,0.002,0.003991091690925172,3.982203221342987,1.9955458454625858,False,True,True,True
9,combined_variation,candidate_0,0,77,29281007,0.002,0.0013290860782331742,0.44161745083830983,0.6645430391165871,True,True,True,True
9,combined_variation,candidate_0,0,78,29281008,0.002,0.001225505399640361,0.3754658711369202,0.6127526998201804,True,True,True,True
9,combined_variation,candidate_0,0,79,29281009,0.002,0.004600301008298322,5.290692341737641,2.300150504149161,False,True,True,True
9,combined_variation,candidate_0,0,80,29281010,0.002,0.0015937244659598544,0.6349894183497559,0.7968622329799272,True,True,True,True
9,combined_variation,candidate_0,0,81,29281011,0.002,0.003944748266316997,3.890259721152738,1.9723741331584983,False,True,True,True
9,combined_variation,candidate_0,0,82,29281012,0.002,0.0074485643899101115,13.870277867659249,3.7242821949550557,False,False,False,False
9,combined_variation,candidate_0,0,83,29281013,0.002,0.0017751054111542004,0.7877498051772308,0.8875527055771002,True,True,True,True
9,combined_variation,candidate_0,0,84,29281014,0.002,0.0056539245171044715,7.991715611278758,2.8269622585522356,False,False,False,True
9,combined_variation,candidate_0,0,85,29281015,0.002,0.0007489568103239615,0.14023407593266063,0.3744784051619808,True,True,True,True
9,combined_variation,candidate_0,0,86,29281016,0.002,0.0036919971129442727,3.4077106704972113,1.8459985564721364,False,True,True,True
9,combined_variation,candidate_0,0,87,29281017,0.002,0.0029418774525158883,2.1636607364053435,1.470938726257944,True,True,True,True
9,combined_variation,candidate_0,0,88,29281018,0.002,0.006897234598190467,11.892961275618903,3.4486172990952335,False,False,False,False
9,combined_variation,candidate_0,0,89,29281019,0.002,0.0020199670951673993,1.0200667663897554,1.0099835475836996,True,True,True,True
9,combined_variation,candidate_0,0,90,29281020,0.002,0.001682724261784132,0.707890235299238,0.8413621308920659,True,True,True,True
9,combined_variation,candidate_0,0,91,29281021,0.002,0.004124345978456447,4.252557437502467,2.0621729892282232,False,True,True,True
9,combined_variation,candidate_0,0,92,29281022,0.002,0.003889706344506004,3.7824538616225656,1.944853172253002,False,True,True,True
9,combined_variation,candidate_0,0,93,29281023,0.002,0.0037401549218029602,3.4971897097717273,1.87007746090148,False,True,True,True
9,combined_variation,candidate_0,0,94,29281024,0.002,0.0024063208358774606,1.4475949912945,1.2031604179387303,True,True,True,True
9,combined_variation,candidate_0,0,95,29281025,0.002,0.005002513534085612,6.256285414677429,2.501256767042806,False,False,True,True
9,combined_variation,candidate_0,0,96,29281026,0.002,0.0024816226147736003,1.5396127005389402,1.2408113073868001,True,True,True,True
9,combined_variation,candidate_0,0,97,29281027,0.002,0.0027104536427671015,1.8366397373973626,1.3552268213835508,True,True,True,True
9,combined_variation,candidate_0,0,98,29281028,0.002,0.004305000453526307,4.633257226215426,2.1525002267631534,False,True,True,True
9,combined_variation,candidate_0,0,99,29281029,0.002,0.0024814722379834383,1.5394261169706334,1.2407361189917192,True,True,True,True
9,combined_variation,candidate_26,26,0,29540930,0.002,0.00507608787686759,6.441667033420529,2.5380439384337947,False,False,True,True
9,combined_variation,candidate_26,26,1,29540931,0.002,0.005901842732685399,8.707936910337866,2.9509213663426994,False,False,False,True
9,combined_variation,candidate_26,26,2,29540932,0.002,0.002644595495907257,1.7484713342432379,1.3222977479536284,True,True,True,True
9,combined_variation,candidate_26,26,3,29540933,0.002,0.002919950098639196,2.1315271446357626,1.459975049319598,True,True,True,True
9,combined_variation,candidate_26,26,4,29540934,0.002,0.005046468750977845,6.366711713648973,2.5232343754889226,False,False,True,True
9,combined_variation,candidate_26,26,5,29540935,0.002,0.004082767991496117,4.16724861809631,2.0413839957480584,False,True,True,True
9,combined_variation,candidate_26,26,6,29540936,0.002,0.0026786369841849357,1.793774023260842,1.339318492092468,True,True,True,True
9,combined_variation,candidate_26,26,7,29540937,0.002,0.002101150621493888,1.103708483551038,1.050575310746944,True,True,True,True
9,combined_variation,candidate_26,26,8,29540938,0.002,0.0028495043979957324,2.0299188285492558,1.4247521989978662,True,True,True,True
9,combined_variation,candidate_26,26,9,29540939,0.002,0.0025541762486600275,1.6309540773047526,1.2770881243300136,True,True,True,True
9,combined_variation,candidate_26,26,10,29540940,0.002,0.00034706436769718163,0.030113418831261122,0.17353218384859082,True,True,True,True
9,combined_variation,candidate_26,26,11,29540941,0.002,0.004140238484841416,4.285393677840487,2.070119242420708,False,True,True,True
9,combined_variation,candidate_26,26,12,29540942,0.002,0.0026203528167844385,1.7165622211075355,1.3101764083922192,True,True,True,True
9,combined_variation,candidate_26,26,13,29540943,0.002,0.0031162855939495093,2.4278089757643118,1.5581427969747546,False,True,True,True
9,combined_variation,candidate_26,26,14,29540944,0.002,0.004221242990485209,4.4547230961801265,2.1106214952426043,False,True,True,True
9,combined_variation,candidate_26,26,15,29540945,0.002,0.0027403383953948307,1.877363630318779,1.3701691976974153,True,True,True,True
9,combined_variation,candidate_26,26,16,29540946,0.002,0.0022010116683249263,1.211113091025619,1.1005058341624632,True,True,True,True
9,combined_variation,candidate_26,26,17,29540947,0.002,0.001788871182806271,0.8000150271686769,0.8944355914031354,True,True,True,True
9,combined_variation,candidate_26,26,18,29540948,0.002,0.0009203745978243677,0.21177235008009163,0.4601872989121838,True,True,True,True
9,combined_variation,candidate_26,26,19,29540949,0.002,0.0034979758159071643,3.058958702167848,1.7489879079535822,False,True,True,True
9,combined_variation,candidate_26,26,20,29540950,0.002,0.004241445478018921,4.49746493575179,2.1207227390094605,False,True,True,True
9,combined_variation,candidate_26,26,21,29540951,0.002,0.00366307043795355,3.3545212583523036,1.831535218976775,False,True,True,True
9,combined_variation,candidate_26,26,22,29540952,0.002,0.002189353750858127,1.1983174615991377,1.0946768754290637,True,True,True,True
9,combined_variation,candidate_26,26,23,29540953,0.002,0.0042460554053663155,4.507246626360127,2.123027702683158,False,True,True,True
9,combined_variation,candidate_26,26,24,29540954,0.002,0.002041644310095596,1.0420778722364306,1.0208221550477978,True,True,True,True
9,combined_variation,candidate_26,26,25,29540955,0.002,0.0015231413551691402,0.5799898969566212,0.7615706775845701,True,True,True,True
9,combined_variation,candidate_26,26,26,29540956,0.002,0.0018467948581683755,0.8526628120392875,0.9233974290841878,True,True,True,True
9,combined_variation,candidate_26,26,27,29540957,0.002,0.0038615036836781823,3.727802674765043,1.9307518418390912,False,True,True,True
9,combined_variation,candidate_26,26,28,29540958,0.002,0.0042611179349396145,4.539281513866011,2.130558967469807,False,True,True,True
9,combined_variation,candidate_26,26,29,29540959,0.002,0.000957726827616686,0.22931016908418037,0.478863413808343,True,True,True,True
9,combined_variation,candidate_26,26,30,29540960,0.002,0.0031100374413738354,2.4180832216867785,1.5550187206869177,False,True,True,True
9,combined_variation,candidate_26,26,31,29540961,0.002,0.0039720994124156205,3.9443934355281294,1.9860497062078102,False,True,True,True
9,combined_variation,candidate_26,26,32,29540962,0.002,0.004369781969467814,4.773748615171502,2.184890984733907,False,True,True,True
9,combined_variation,candidate_26,26,33,29540963,0.002,0.005484346923029192,7.519515293034943,2.742173461514596,False,False,True,True
9,combined_variation,candidate_26,26,34,29540964,0.002,0.003431063980387871,2.9430500093787653,1.7155319901939354,False,True,True,True
9,combined_variation,candidate_26,26,35,29540965,0.002,0.0025815654250219864,1.6661200109172374,1.2907827125109932,True,True,True,True
9,combined_variation,candidate_26,26,36,29540966,0.002,0.006124367172042705,9.37696831449859,3.0621835860213524,False,False,False,True
9,combined_variation,candidate_26,26,37,29540967,0.002,0.0038272728755797927,3.6620044160372043,1.9136364377898962,False,True,True,True
9,combined_variation,candidate_26,26,38,29540968,0.002,0.0035821448105778394,3.2079403609874366,1.7910724052889198,False,True,True,True
9,combined_variation,candidate_26,26,39,29540969,0.002,0.005660769014229504,8.011076458115218,2.830384507114752,False,False,False,True
9,combined_variation,candidate_26,26,40,29540970,0.002,0.004776458861547904,5.703639814014876,2.388229430773952,False,True,True,True
9,combined_variation,candidate_26,26,41,29540971,0.002,0.004136902634356546,4.2784908515365325,2.068451317178273,False,True,True,True
9,combined_variation,candidate_26,26,42,29540972,0.002,0.0024188986837864624,1.4627677106059702,1.2094493418932313,True,True,True,True
9,combined_variation,candidate_26,26,43,29540973,0.002,0.004267804376537401,4.553538549097949,2.1339021882687006,False,True,True,True
9,combined_variation,candidate_26,26,44,29540974,0.002,0.005075409700699898,6.4399459074896575,2.537704850349949,False,False,True,True
9,combined_variation,candidate_26,26,45,29540975,0.002,0.0024841911231873325,1.5428013841306851,1.2420955615936662,True,True,True,True
9,combined_variation,candidate_26,26,46,29540976,0.002,0.0024634054211103975,1.5170915671890237,1.2317027105551988,True,True,True,True
9,combined_variation,candidate_26,26,47,29540977,0.002,0.002227799198737914,1.240772317474323,1.113899599368957,True,True,True,True
9,combined_variation,candidate_26,26,48,29540978,0.002,0.004449276130423329,4.949014521188698,2.224638065211664,False,True,True,True
9,combined_variation,candidate_26,26,49,29540979,0.002,0.0041588359118473845,4.323979035417866,2.079417955923692,False,True,True,True
9,combined_variation,candidate_26,26,50,29540980,0.002,0.002037077222952756,1.0374209030682282,1.018538611476378,True,True,True,True
9,combined_variation,candidate_26,26,51,29540981,0.002,0.00275442181260898,1.896709880444035,1.37721090630449,True,True,True,True
9,combined_variation,candidate_26,26,52,29540982,0.002,0.002974575637044736,2.2120250551250242,1.4872878185223681,True,True,True,True
9,combined_variation,candidate_26,26,53,29540983,0.002,0.003429543333485463,2.9404418690636454,1.7147716667427315,False,True,True,True
9,combined_variation,candidate_26,26,54,29540984,0.002,0.003956819560471882,3.914105258533224,1.9784097802359408,False,True,True,True
9,combined_variation,candidate_26,26,55,29540985,0.002,0.0037842065009999104,3.5800547105524965,1.892103250499955,False,True,True,True
9,combined_variation,candidate_26,26,56,29540986,0.002,0.005611349285246852,7.8718102002600885,2.805674642623426,False,False,False,True
9,combined_variation,candidate_26,26,57,29540987,0.002,0.00408600882422108,4.173867027903133,2.0430044121105397,False,True,True,True
9,combined_variation,candidate_26,26,58,29540988,0.002,0.002311237644592111,1.3354548624449223,1.1556188222960555,True,True,True,True
9,combined_variation,candidate_26,26,59,29540989,0.002,0.001658630932987301,0.6877641429655812,0.8293154664936505,True,True,True,True
9,combined_variation,candidate_26,26,60,29540990,0.002,0.0042061172435475715,4.422855566617056,2.1030586217737857,False,True,True,True
9,combined_variation,candidate_26,26,61,29540991,0.002,0.0013983523686873541,0.4888473367533835,0.699176184343677,True,True,True,True
9,combined_variation,candidate_26,26,62,29540992,0.002,0.0030303111877772377,2.295696473691973,1.5151555938886188,True,True,True,True
9,combined_variation,candidate_26,26,63,29540993,0.002,0.002937943620234349,2.157878178918928,1.4689718101171745,True,True,True,True
9,combined_variation,candidate_26,26,64,29540994,0.002,0.0022862055188574318,1.3066839186135448,1.1431027594287158,True,True,True,True
9,combined_variation,candidate_26,26,65,29540995,0.002,0.0034794992793623536,3.0267288087707844,1.7397496396811767,False,True,True,True
9,combined_variation,candidate_26,26,66,29540996,0.002,0.0011025299222591496,0.30389305736919164,0.5512649611295748,True,True,True,True
9,combined_variation,candidate_26,26,67,29540997,0.002,0.005026882630926204,6.31738724627689,2.513441315463102,False,False,True,True
9,combined_variation,candidate_26,26,68,29540998,0.002,0.0017941243731651657,0.8047205665963247,0.8970621865825829,True,True,True,True
9,combined_variation,candidate_26,26,69,29540999,0.002,0.006103837525801549,9.314208135345794,3.0519187629007742,False,False,False,True
9,combined_variation,candidate_26,26,70,29541000,0.002,0.004198963191241239,4.407822970349702,2.0994815956206194,False,True,True,True
9,combined_variation,candidate_26,26,71,29541001,0.002,0.005345713724255316,7.1441638054229095,2.6728568621276576,False,False,True,True
9,combined_variation,candidate_26,26,72,29541002,0.002,0.004327801069014491,4.682465523240743,2.1639005345072455,False,True,True,True
9,combined_variation,candidate_26,26,73,29541003,0.002,0.0025799397175929623,1.6640222366034136,1.2899698587964812,True,True,True,True
9,combined_variation,candidate_26,26,74,29541004,0.002,0.003349887729269724,2.805436949677967,1.674943864634862,False,True,True,True
9,combined_variation,candidate_26,26,75,29541005,0.002,0.005090518115124051,6.478343670101531,2.5452590575620255,False,False,True,True
9,combined_variation,candidate_26,26,76,29541006,0.002,0.0015962483486278835,0.6370021976243113,0.7981241743139418,True,True,True,True
9,combined_variation,candidate_26,26,77,29541007,0.002,0.004576900498707022,5.2370045437661465,2.288450249353511,False,True,True,True
9,combined_variation,candidate_26,26,78,29541008,0.002,0.002461256321046913,1.5144456694733461,1.2306281605234564,True,True,True,True
9,combined_variation,candidate_26,26,79,29541009,0.002,0.001507232183912755,0.5679372140556033,0.7536160919563776,True,True,True,True
9,combined_variation,candidate_26,26,80,29541010,0.002,0.0018572369411277109,0.8623322638723541,0.9286184705638554,True,True,True,True
9,combined_variation,candidate_26,26,81,29541011,0.002,0.0023384495379823616,1.3670865604224802,1.1692247689911808,True,True,True,True
9,combined_variation,candidate_26,26,82,29541012,0.002,0.004789838520313515,5.735638262669791,2.3949192601567573,False,True,True,True
9,combined_variation,candidate_26,26,83,29541013,0.002,0.003620040253712034,3.2761728596238724,1.810020126856017,False,True,True,True
9,combined_variation,candidate_26,26,84,29541014,0.002,0.003498693660189193,3.060214331962013,1.7493468300945965,False,True,True,True
9,combined_variation,candidate_26,26,85,29541015,0.002,0.004745715381508717,5.630453620572107,2.3728576907543584,False,True,True,True
9,combined_variation,candidate_26,26,86,29541016,0.002,0.0031696154035037406,2.5116154515320455,1.5848077017518702,False,True,True,True
9,combined_variation,candidate_26,26,87,29541017,0.002,0.0024295167506962955,1.4756379104784716,1.2147583753481477,True,True,True,True
9,combined_variation,candidate_26,26,88,29541018,0.002,0.0022739658206995866,1.292730138427486,1.1369829103497933,True,True,True,True
9,combined_variation,candidate_26,26,89,29541019,0.002,0.0032323728195202107,2.612058511093259,1.6161864097601053,False,True,True,True
9,combined_variation,candidate_26,26,90,29541020,0.002,0.0009794513306643066,0.23983122728502024,0.4897256653321533,True,True,True,True
9,combined_variation,candidate_26,26,91,29541021,0.002,0.0032362115043699092,2.618266225254038,1.6181057521849547,False,True,True,True
9,combined_variation,candidate_26,26,92,29541022,0.002,0.003860032874969323,3.724963448960984,1.9300164374846613,False,True,True,True
9,combined_variation,candidate_26,26,93,29541023,0.002,0.0037915401281653316,3.593944135871995,1.8957700640826658,False,True,True,True
9,combined_variation,candidate_26,26,94,29541024,0.002,0.0031252518694788213,2.441799811920217,1.5626259347394107,False,True,True,True
9,combined_variation,candidate_26,26,95,29541025,0.002,0.0038693865793788824,3.743038125169352,1.934693289689441,False,True,True,True
9,combined_variation,candidate_26,26,96,29541026,0.002,0.004686869839847313,5.4916872239175945,2.3434349199236566,False,True,True,True
9,combined_variation,candidate_26,26,97,29541027,0.002,0.0018137173293577913,0.8223926377031898,0.9068586646788956,True,True,True,True
9,combined_variation,candidate_26,26,98,29541028,0.002,0.003575222107781818,3.195553279992967,1.787611053890909,False,True,True,True
9,combined_variation,candidate_26,26,99,29541029,0.002,0.0026430922006018785,1.7464840952206204,1.3215461003009392,True,True,True,True
9,combined_variation,candidate_53,53,0,29810930,0.002666666666666667,0.0009800379325563744,0.13506670536319298,0.3675142247086403,True,True,True,True
9,combined_variation,candidate_53,53,1,29810931,0.002666666666666667,0.0027099782905771626,1.0327475159155572,1.016241858966436,True,True,True,True
9,combined_variation,candidate_53,53,2,29810932,0.002666666666666667,0.002699857788694446,1.0250482611338525,1.0124466707604172,True,True,True,True
9,combined_variation,candidate_53,53,3,29810933,0.002666666666666667,0.001281667466956318,0.23100067910450026,0.4806253001086192,True,True,True,True
9,combined_variation,candidate_53,53,4,29810934,0.002666666666666667,0.004950893033390104,3.446907444572436,1.8565848875212887,False,True,True,True
9,combined_variation,candidate_53,53,5,29810935,0.002666666666666667,0.006498155443878559,5.938034649301202,2.4368082914544593,False,True,True,True
9,combined_variation,candidate_53,53,6,29810936,0.002666666666666667,0.008121656098385183,9.275807500373986,3.045621036894443,False,False,False,True
9,combined_variation,candidate_53,53,7,29810937,0.002666666666666667,0.001484545071089806,0.3099197908261458,0.5567044016586772,True,True,True,True
9,combined_variation,candidate_53,53,8,29810938,0.002666666666666667,0.0027426687252836723,1.0578138379662885,1.028500771981377,True,True,True,True
9,combined_variation,candidate_53,53,9,29810939,0.002666666666666667,0.0027095244646960547,1.0324016472355932,1.0160716742610203,True,True,True,True
9,combined_variation,candidate_53,53,10,29810940,0.002666666666666667,0.0015357647161754237,0.33167436517256893,0.5759117685657837,True,True,True,True
9,combined_variation,candidate_53,53,11,29810941,0.002666666666666667,0.002799189932483141,1.1018621641099178,1.0496962246811778,True,True,True,True
9,combined_variation,candidate_53,53,12,29810942,0.002666666666666667,0.003722039392950012,1.9481592997507065,1.3957647723562543,True,True,True,True
9,combined_variation,candidate_53,53,13,29810943,0.002666666666666667,0.003362287472363412,1.5897623972079291,1.2608578021362793,True,True,True,True
9,combined_variation,candidate_53,53,14,29810944,0.002666666666666667,0.004025520767845591,2.278802454237584,1.5095702879420965,True,True,True,True
9,combined_variation,candidate_53,53,15,29810945,0.002666666666666667,0.004329942886661697,2.6364945096214067,1.6237285824981362,False,True,True,True
9,combined_variation,candidate_53,53,16,29810946,0.002666666666666667,0.005352250833834726,4.02842657647751,2.0070940626880223,False,True,True,True
9,combined_variation,candidate_53,53,17,29810947,0.002666666666666667,0.0027629002117895074,1.073477472230602,1.036087579421065,True,True,True,True
9,combined_variation,candidate_53,53,18,29810948,0.002666666666666667,0.0071319460161727325,7.152841965600295,2.674479756064774,False,False,True,True
9,combined_variation,candidate_53,53,19,29810949,0.002666666666666667,0.0032212077926021348,1.4591502623138506,1.2079529222258003,True,True,True,True
9,combined_variation,candidate_53,53,20,29810950,0.002666666666666667,0.0018831273564101623,0.49867996506473333,0.7061727586538108,True,True,True,True
9,combined_variation,candidate_53,53,21,29810951,0.002666666666666667,0.004542059516819432,2.9011365920151517,1.703272318807287,False,True,True,True
9,combined_variation,candidate_53,53,22,29810952,0.002666666666666667,0.0022064060977835588,0.6845945439848161,0.8274022866688344,True,True,True,True
9,combined_variation,candidate_53,53,23,29810953,0.002666666666666667,0.004312721166525181,2.6155636678398255,1.6172704374469427,False,True,True,True
9,combined_variation,candidate_53,53,24,29810954,0.002666666666666667,0.00567765164039593,4.533149271050238,2.1291193651484734,False,True,True,True
9,combined_variation,candidate_53,53,25,29810955,0.002666666666666667,0.006593135856138413,6.112890058710655,2.4724259460519042,False,True,True,True
9,combined_variation,candidate_53,53,26,29810956,0.002666666666666667,0.0037176264042015988,1.9435424176711273,1.3941099015755993,True,True,True,True
9,combined_variation,candidate_53,53,27,29810957,0.002666666666666667,0.00422138195748781,2.505946729359883,1.5830182340579286,False,True,True,True
9,combined_variation,candidate_53,53,28,29810958,0.002666666666666667,0.006509095484975734,5.958045567074739,2.4409108068659,False,True,True,True
9,combined_variation,candidate_53,53,29,29810959,0.002666666666666667,0.0035105498123440783,1.7330568728834588,1.3164561796290293,True,True,True,True
9,combined_variation,candidate_53,53,30,29810960,0.002666666666666667,0.0026387563286216133,0.9791767915088364,0.9895336232331049,True,True,True,True
9,combined_variation,candidate_53,53,31,29810961,0.002666666666666667,0.0054068114730855335,4.110976449209439,2.027554302407075,False,True,True,True
9,combined_variation,candidate_53,53,32,29810962,0.002666666666666667,0.00212209340484028,0.6332738089031172,0.7957850268151049,True,True,True,True
9,combined_variation,candidate_53,53,33,29810963,0.002666666666666667,0.006010122034231678,5.079595340581469,2.2537957628368788,False,True,True,True
9,combined_variation,candidate_53,53,34,29810964,0.002666666666666667,0.0016807008787904484,0.3972312343078573,0.6302628295464181,True,True,True,True
9,combined_variation,candidate_53,53,35,29810965,0.002666666666666667,0.0018591755620714896,0.4860750614911648,0.6971908357768085,True,True,True,True
9,combined_variation,candidate_53,53,36,29810966,0.002666666666666667,0.002311999616415698,0.7516887505743282,0.8669998561558866,True,True,True,True
9,combined_variation,candidate_53,53,37,29810967,0.002666666666666667,0.002594531888532132,0.9466306482107969,0.9729494581995495,True,True,True,True
9,combined_variation,candidate_53,53,38,29810968,0.002666666666666667,0.00129926560724709,0.23738781349338037,0.4872246027176587,True,True,True,True
9,combined_variation,candidate_53,53,39,29810969,0.002666666666666667,0.0018896410118200652,0.5021357559683005,0.7086153794325244,True,True,True,True
9,combined_variation,candidate_53,53,40,29810970,0.002666666666666667,0.0033820639372561323,1.6085188793936882,1.2682739764710496,True,True,True,True
9,combined_variation,candidate_53,53,41,29810971,0.002666666666666667,0.003352321696588231,1.5803522940116521,1.2571206362205865,True,True,True,True
9,combined_variation,candidate_53,53,42,29810972,0.002666666666666667,0.0029826721909310488,1.2510468841715747,1.1185020715991432,True,True,True,True
9,combined_variation,candidate_53,53,43,29810973,0.002666666666666667,0.0010515007636330363,0.15548257348887068,0.39431278636238853,True,True,True,True
9,combined_variation,candidate_53,53,44,29810974,0.002666666666666667,0.005182116891602409,3.776390926626235,1.943293834350903,False,True,True,True
9,combined_variation,candidate_53,53,45,29810975,0.002666666666666667,0.002689734257595575,1.0173755216929525,1.0086503465983405,True,True,True,True
9,combined_variation,candidate_53,53,46,29810976,0.002666666666666667,0.003780359921696506,2.00968890997067,1.4176349706361895,True,True,True,True
9,combined_variation,candidate_53,53,47,29810977,0.002666666666666667,0.0032019173280507926,1.4417261122038643,1.2007189980190471,True,True,True,True
9,combined_variation,candidate_53,53,48,29810978,0.002666666666666667,0.0005477401090755,0.04219020380953696,0.2054025409033125,True,True,True,True
9,combined_variation,candidate_53,53,49,29810979,0.002666666666666667,0.004865147216440879,3.328545577168467,1.8244302061653295,False,True,True,True
9,combined_variation,candidate_53,53,50,29810980,0.002666666666666667,0.004109301688912367,2.3746444271012854,1.5409881333421376,False,True,True,True
9,combined_variation,candidate_53,53,51,29810981,0.002666666666666667,0.004861276714752169,3.323251588695699,1.8229787680320633,False,True,True,True
9,combined_variation,candidate_53,53,52,29810982,0.002666666666666667,0.003635675837524143,1.8588007681251857,1.3633784390715535,True,True,True,True
9,combined_variation,candidate_53,53,53,29810983,0.002666666666666667,0.004572100791643083,2.9396398568826516,1.7145377968661557,False,True,True,True
9,combined_variation,candidate_53,53,54,29810984,0.002666666666666667,0.004372601057782479,2.688699376479438,1.6397253966684293,False,True,True,True
9,combined_variation,candidate_53,53,55,29810985,0.002666666666666667,0.0047758003495398495,3.207412825124758,1.7909251310774434,False,True,True,True
9,combined_variation,candidate_53,53,56,29810986,0.002666666666666667,0.002154190550766815,0.6525755056424576,0.8078214565375554,True,True,True,True
9,combined_variation,candidate_53,53,57,29810987,0.002666666666666667,0.003200477050594501,1.440429377538104,1.2001788939729376,True,True,True,True
9,combined_variation,candidate_53,53,58,29810988,0.002666666666666667,0.004612090850320628,2.9912880953828322,1.7295340688702354,False,True,True,True
9,combined_variation,candidate_53,53,59,29810989,0.002666666666666667,0.0036103227722980307,1.8329667918994315,1.3538710396117613,True,True,True,True
9,combined_variation,candidate_53,53,60,29810990,0.002666666666666667,0.0035923665575027662,1.8147793336121631,1.3471374590635372,True,True,True,True
9,combined_variation,candidate_53,53,61,29810991,0.002666666666666667,0.005769735801700297,4.6813853280124915,2.163650925637611,False,True,True,True
9,combined_variation,candidate_53,53,62,29810992,0.002666666666666667,0.0022772676282810595,0.7292739165211182,0.8539753606053971,True,True,True,True
9,combined_variation,candidate_53,53,63,29810993,0.002666666666666667,0.0033207242079301065,1.5507013029093324,1.2452715779737897,True,True,True,True
9,combined_variation,candidate_53,53,64,29810994,0.002666666666666667,0.010100325011485087,14.34607950060439,3.7876218793069074,False,False,False,False
9,combined_variation,candidate_53,53,65,29810995,0.002666666666666667,0.0042422762670221645,2.5308151770571183,1.5908536001333116,False,True,True,True
9,combined_variation,candidate_53,53,66,29810996,0.002666666666666667,0.008931397076168215,11.217635681088671,3.34927390356308,False,False,False,True
9,combined_variation,candidate_53,53,67,29810997,0.002666666666666667,0.00435330526449245,2.6650218833237354,1.6324894741846685,False,True,True,True
9,combined_variation,candidate_53,53,68,29810998,0.002666666666666667,0.002484914767040087,0.868331446798203,0.9318430376400324,True,True,True,True
9,combined_variation,candidate_53,53,69,29810999,0.002666666666666667,0.00863927525968615,10.495838954900414,3.2397282223823054,False,False,False,True
9,combined_variation,candidate_53,53,70,29811000,0.002666666666666667,0.0037438746060679913,1.971083962400731,1.4039529772754966,True,True,True,True
9,combined_variation,candidate_53,53,71,29811001,0.002666666666666667,0.0031088718156201183,1.3591524327127211,1.1658269308575442,True,True,True,True
9,combined_variation,candidate_53,53,72,29811002,0.002666666666666667,0.005275520769460892,3.9137511640799865,1.9783202885478344,False,True,True,True
9,combined_variation,candidate_53,53,73,29811003,0.002666666666666667,0.0027292716268908883,1.0475048831275737,1.023476860084083,True,True,True,True
9,combined_variation,candidate_53,53,74,29811004,0.002666666666666667,0.0011901176244797486,0.19917843188868556,0.44629410917990564,True,True,True,True
9,combined_variation,candidate_53,53,75,29811005,0.002666666666666667,0.005117143315745704,3.682287522264506,1.9189287434046387,False,True,True,True
9,combined_variation,candidate_53,53,76,29811006,0.002666666666666667,0.0027861248981506694,1.0916004302008702,1.0447968368065008,True,True,True,True
9,combined_variation,candidate_53,53,77,29811007,0.002666666666666667,0.0016435824856442648,0.379879226313269,0.6163434321165993,True,True,True,True
9,combined_variation,candidate_53,53,78,29811008,0.002666666666666667,0.0014178177970407778,0.2826854023507824,0.5316816738902916,True,True,True,True
9,combined_variation,candidate_53,53,79,29811009,0.002666666666666667,0.00166870914737667,0.3915829994819868,0.6257659302662512,True,True,True,True
9,combined_variation,candidate_53,53,80,29811010,0.002666666666666667,0.005169286780781586,3.757714568713581,1.9384825427930943,False,True,True,True
9,combined_variation,candidate_53,53,81,29811011,0.002666666666666667,0.007409658434658377,7.720739735386504,2.778621912996891,False,False,True,True
9,combined_variation,candidate_53,53,82,29811012,0.002666666666666667,0.004808392646024142,3.251339977266428,1.803147242259053,False,True,True,True
9,combined_variation,candidate_53,53,83,29811013,0.002666666666666667,0.0012273769978145752,0.2118451352012324,0.4602663741804656,True,True,True,True
9,combined_variation,candidate_53,53,84,29811014,0.002666666666666667,0.004179026406984365,2.455911803007091,1.5671349026191368,False,True,True,True
9,combined_variation,candidate_53,53,85,29811015,0.002666666666666667,0.005382022353295694,4.073366898474541,2.018258382485885,False,True,True,True
9,combined_variation,candidate_53,53,86,29811016,0.002666666666666667,0.0033813925018358164,1.6078802697381767,1.268022188188431,True,True,True,True
9,combined_variation,candidate_53,53,87,29811017,0.002666666666666667,0.0023264088647062184,0.7610875601883292,0.8724033242648318,True,True,True,True
9,combined_variation,candidate_53,53,88,29811018,0.002666666666666667,0.006608838086545896,6.142041682619007,2.478314282454711,False,True,True,True
9,combined_variation,candidate_53,53,89,29811019,0.002666666666666667,0.0035742859604196136,1.796557517838669,1.340357235157355,True,True,True,True
9,combined_variation,candidate_53,53,90,29811020,0.002666666666666667,0.0027860923485564897,1.0915749245650803,1.0447846307086834,True,True,True,True
9,combined_variation,candidate_53,53,91,29811021,0.002666666666666667,0.003976879055238285,2.2240641121865092,1.4913296457143568,True,True,True,True
9,combined_variation,candidate_53,53,92,29811022,0.002666666666666667,0.00689715978192588,6.689645586199102,2.5864349182222046,False,False,True,True
9,combined_variation,candidate_53,53,93,29811023,0.002666666666666667,0.0031202747662165266,1.3691411179716932,1.1701030373311974,True,True,True,True
9,combined_variation,candidate_53,53,94,29811024,0.002666666666666667,0.004828923947263977,3.2791649749396177,1.8108464802239912,False,True,True,True
9,combined_variation,candidate_53,53,95,29811025,0.002666666666666667,0.004058607588380621,2.316416562627294,1.5219778456427326,True,True,True,True
9,combined_variation,candidate_53,53,96,29811026,0.002666666666666667,0.004435936760221786,2.7671533510341026,1.6634762850831697,False,True,True,True
9,combined_variation,candidate_53,53,97,29811027,0.002666666666666667,0.0042043547192423735,2.485771678858446,1.57663301971589,False,True,True,True
9,combined_variation,candidate_53,53,98,29811028,0.002666666666666667,0.007016117357272299,6.922392577174353,2.6310440089771117,False,False,True,True
9,combined_variation,candidate_53,53,99,29811029,0.002666666666666667,0.00392910840758288,2.170953686044473,1.47341565284358,True,True,True,True
9,combined_variation,candidate_80,80,0,30080930,0.0033333333333333335,0.0014729628137911779,0.19526575057304613,0.44188884413735335,True,True,True,True
9,combined_variation,candidate_80,80,1,30080931,0.0033333333333333335,0.007253091917459718,4.734660812680753,2.1759275752379152,False,True,True,True
9,combined_variation,candidate_80,80,2,30080932,0.0033333333333333335,0.007626418269894245,5.234603006463905,2.2879254809682736,False,True,True,True
9,combined_variation,candidate_80,80,3,30080933,0.0033333333333333335,0.0029948264688945763,0.8072087020912398,0.8984479406683729,True,True,True,True
9,combined_variation,candidate_80,80,4,30080934,0.0033333333333333335,0.006690360096931712,4.028482640395449,2.0071080290795136,False,True,True,True
9,combined_variation,candidate_80,80,5,30080935,0.0033333333333333335,0.005774596192450022,3.0011365067272453,1.7323788577350065,False,True,True,True
9,combined_variation,candidate_80,80,6,30080936,0.0033333333333333335,0.003775438113743193,1.2828539655634281,1.132631434122958,True,True,True,True
9,combined_variation,candidate_80,80,7,30080937,0.0033333333333333335,0.0028300853222325436,0.7208444638004471,0.8490255966697631,True,True,True,True
9,combined_variation,candidate_80,80,8,30080938,0.0033333333333333335,0.006404319064217864,3.6913772408673933,1.921295719265359,False,True,True,True
9,combined_variation,candidate_80,80,9,30080939,0.0033333333333333335,0.004038059903616719,1.4675335006677355,1.2114179710850155,True,True,True,True
9,combined_variation,candidate_80,80,10,30080940,0.0033333333333333335,0.007770478093048641,5.434229681509395,2.331143427914592,False,True,True,True
9,combined_variation,candidate_80,80,11,30080941,0.0033333333333333335,0.004248018748360944,1.6241096957783467,1.274405624508283,True,True,True,True
9,combined_variation,candidate_80,80,12,30080942,0.0033333333333333335,0.003786597324023565,1.2904487364872177,1.1359791972070694,True,True,True,True
9,combined_variation,candidate_80,80,13,30080943,0.0033333333333333335,0.004762353630626596,2.0412010892828083,1.4287060891879786,True,True,True,True
9,combined_variation,candidate_80,80,14,30080944,0.0033333333333333335,0.005358377488956703,2.5840988382742145,1.607513246687011,False,True,True,True
9,combined_variation,candidate_80,80,15,30080945,0.0033333333333333335,0.003982038182592816,1.4270965278864385,1.1946114547778448,True,True,True,True
9,combined_variation,candidate_80,80,16,30080946,0.0033333333333333335,0.002209233086770597,0.43926397485137453,0.662769926031179,True,True,True,True
9,combined_variation,candidate_80,80,17,30080947,0.0033333333333333335,0.008232173222862064,6.099180837408645,2.469651966858619,False,True,True,True
9,combined_variation,candidate_80,80,18,30080948,0.0033333333333333335,0.006401619392648261,3.6882657763497253,1.9204858177944781,False,True,True,True
9,combined_variation,candidate_80,80,19,30080949,0.0033333333333333335,0.0071829459780066275,4.643524163066542,2.154883793401988,False,True,True,True
9,combined_variation,candidate_80,80,20,30080950,0.0033333333333333335,0.0031430506973643847,0.8890890917582469,0.9429152092093154,True,True,True,True
9,combined_variation,candidate_80,80,21,30080951,0.0033333333333333335,0.005431787956736385,2.6553888366251783,1.6295363870209154,False,True,True,True
9,combined_variation,candidate_80,80,22,30080952,0.0033333333333333335,0.004384212687331751,1.7299188798984617,1.3152638061995252,True,True,True,True
9,combined_variation,candidate_80,80,23,30080953,0.0033333333333333335,0.003743507039926295,1.2612460462179955,1.1230521119778885,True,True,True,True
9,combined_variation,candidate_80,80,24,30080954,0.0033333333333333335,0.005088990107752101,2.3308038285118866,1.5266970323256304,True,True,True,True
9,combined_variation,candidate_80,80,25,30080955,0.0033333333333333335,0.004696541883517122,1.9851755097267492,1.4089625650551365,True,True,True,True
9,combined_variation,candidate_80,80,26,30080956,0.0033333333333333335,0.0025546008826010788,0.5873387102447588,0.7663802647803236,True,True,True,True
9,combined_variation,candidate_80,80,27,30080957,0.0033333333333333335,0.009148417948524857,7.532419586480256,2.744525384557457,False,False,True,True
9,combined_variation,candidate_80,80,28,30080958,0.0033333333333333335,0.006067045387200538,3.3128135757316186,1.8201136161601614,False,True,True,True
9,combined_variation,candidate_80,80,29,30080959,0.0033333333333333335,0.003250531828950536,0.9509361453918463,0.9751595486851607,True,True,True,True
9,combined_variation,candidate_80,80,30,30080960,0.0033333333333333335,0.01032697380647662,9.598174919968876,3.0980921419429857,False,False,False,True
9,combined_variation,candidate_80,80,31,30080961,0.0033333333333333335,0.0035627739617667066,1.1424022472378548,1.0688321885300118,True,True,True,True
9,combined_variation,candidate_80,80,32,30080962,0.0033333333333333335,0.003529184971036676,1.1209631903812025,1.0587554913110027,True,True,True,True
9,combined_variation,candidate_80,80,33,30080963,0.0033333333333333335,0.002059519039662951,0.3817456807260783,0.6178557118988852,True,True,True,True
9,combined_variation,candidate_80,80,34,30080964,0.0033333333333333335,0.001856749860295941,0.31027680393380963,0.5570249580887823,True,True,True,True
9,combined_variation,candidate_80,80,35,30080965,0.0033333333333333335,0.010301791075756047,9.551420943167422,3.0905373227268136,False,False,False,True
9,combined_variation,candidate_80,80,36,30080966,0.0033333333333333335,0.0031478985986781406,0.8918339028803819,0.9443695796034421,True,True,True,True
9,combined_variation,candidate_80,80,37,30080967,0.0033333333333333335,0.009989785510900158,8.981623309841165,2.996935653270047,False,False,False,True
9,combined_variation,candidate_80,80,38,30080968,0.0033333333333333335,0.006558880439371272,3.8717021356170367,1.9676641318113814,False,True,True,True
9,combined_variation,candidate_80,80,39,30080969,0.0033333333333333335,0.0034356569042060274,1.0623364527076686,1.0306970712618082,True,True,True,True
9,combined_variation,candidate_80,80,40,30080970,0.0033333333333333335,0.0049517242465661054,2.2067615712627595,1.4855172739698315,True,True,True,True
9,combined_variation,candidate_80,80,41,30080971,0.0033333333333333335,0.004464240905837092,1.793650217881426,1.3392722717511276,True,True,True,True
9,combined_variation,candidate_80,80,42,30080972,0.0033333333333333335,0.006570571687393972,3.8855171069264935,1.9711715062181916,False,True,True,True
9,combined_variation,candidate_80,80,43,30080973,0.0033333333333333335,0.002744603939185483,0.6779565704693221,0.8233811817556448,True,True,True,True
9,combined_variation,candidate_80,80,44,30080974,0.0033333333333333335,0.0036229357450492565,1.1813097071480048,1.0868807235147768,True,True,True,True
9,combined_variation,candidate_80,80,45,30080975,0.0033333333333333335,0.0036500832247974777,1.1990796793153156,1.0950249674392432,True,True,True,True
9,combined_variation,candidate_80,80,46,30080976,0.0033333333333333335,0.011754681407984954,12.435528150290441,3.526404422395486,False,False,False,False
9,combined_variation,candidate_80,80,47,30080977,0.0033333333333333335,0.006966106519800714,4.367397604068901,2.0898319559402143,False,True,True,True
9,combined_variation,candidate_80,80,48,30080978,0.0033333333333333335,0.003906814024183215,1.3736876237599178,1.1720442072549644,True,True,True,True
9,combined_variation,candidate_80,80,49,30080979,0.0033333333333333335,0.0036131597797101683,1.1749431234343708,1.0839479339130504,True,True,True,True
9,combined_variation,candidate_80,80,50,30080980,0.0033333333333333335,0.006331032083473197,3.6073770517770267,1.8993096250419592,False,True,True,True
9,combined_variation,candidate_80,80,51,30080981,0.0033333333333333335,0.005005945724906979,2.255354334064301,1.5017837174720938,True,True,True,True
9,combined_variation,candidate_80,80,52,30080982,0.0033333333333333335,0.0031192499874397894,0.8756748435728813,0.9357749962319367,True,True,True,True
9,combined_variation,candidate_80,80,53,30080983,0.0033333333333333335,0.0038431244717919144,1.3292645135117291,1.1529373415375743,True,True,True,True
9,combined_variation,candidate_80,80,54,30080984,0.0033333333333333335,0.0040163838455910365,1.4518205275612177,1.2049151536773108,True,True,True,True
9,combined_variation,candidate_80,80,55,30080985,0.0033333333333333335,0.00523792375707972,2.4692260756482116,1.571377127123916,False,True,True,True
9,combined_variation,candidate_80,80,56,30080986,0.0033333333333333335,0.008112366397588578,5.922943971185184,2.433709919276573,False,True,True,True
9,combined_variation,candidate_80,80,57,30080987,0.0033333333333333335,0.011165460607531083,11.220075952049552,3.3496381822593246,False,False,False,True
9,combined_variation,candidate_80,80,58,30080988,0.0033333333333333335,0.007690537107417269,5.322992490050577,2.307161132225181,False,True,True,True
9,combined_variation,candidate_80,80,59,30080989,0.0033333333333333335,0.004474041382157455,1.8015341660331645,1.3422124146472363,True,True,True,True
9,combined_variation,candidate_80,80,60,30080990,0.0033333333333333335,0.006242811608438084,3.5075427100604357,1.872843482531425,False,True,True,True
9,combined_variation,candidate_80,80,61,30080991,0.0033333333333333335,0.002991933512628163,0.8056499529588746,0.8975800537884489,True,True,True,True
9,combined_variation,candidate_80,80,62,30080992,0.0033333333333333335,0.0026056627678385665,0.6110530613730124,0.78169883035157,True,True,True,True
9,combined_variation,candidate_80,80,63,30080993,0.0033333333333333335,0.0031455969081194404,0.8905301917533524,0.943679072435832,True,True,True,True
9,combined_variation,candidate_80,80,64,30080994,0.0033333333333333335,0.005244128003404783,2.475079066448481,1.5732384010214349,False,True,True,True
9,combined_variation,candidate_80,80,65,30080995,0.0033333333333333335,0.004237955115353727,1.6164237203777538,1.2713865346061182,True,True,True,True
9,combined_variation,candidate_80,80,66,30080996,0.0033333333333333335,0.011020463293553641,10.930555008410684,3.306138988066092,False,False,False,True
9,combined_variation,candidate_80,80,67,30080997,0.0033333333333333335,0.010271885479072394,9.496046816566047,3.081565643721718,False,False,False,True
9,combined_variation,candidate_80,80,68,30080998,0.0033333333333333335,0.005988979087036729,3.228108345446695,1.7966937261110185,False,True,True,True
9,combined_variation,candidate_80,80,69,30080999,0.0033333333333333335,0.004786975524501641,2.062362120495998,1.4360926573504922,True,True,True,True
9,combined_variation,candidate_80,80,70,30081000,0.0033333333333333335,0.010750488530309165,10.4015703276278,3.2251465590927495,False,False,False,True
9,combined_variation,candidate_80,80,71,30081001,0.0033333333333333335,0.005866061339552909,3.096960807545754,1.7598184018658725,False,True,True,True
9,combined_variation,candidate_80,80,72,30081002,0.0033333333333333335,0.003821429211183399,1.3142989094477195,1.1464287633550196,True,True,True,True
9,combined_variation,candidate_80,80,73,30081003,0.0033333333333333335,0.004377158394118536,1.7243564046482125,1.3131475182355608,True,True,True,True
9,combined_variation,candidate_80,80,74,30081004,0.0033333333333333335,0.005767784739747856,2.994060672366141,1.7303354219243565,False,True,True,True
9,combined_variation,candidate_80,80,75,30081005,0.0033333333333333335,0.0044661834452681855,1.7952115110108835,1.3398550335804555,True,True,True,True
9,combined_variation,candidate_80,80,76,30081006,0.0033333333333333335,0.0059721414880170515,3.2099826557605065,1.7916424464051153,False,True,True,True
9,combined_variation,candidate_80,80,77,30081007,0.0033333333333333335,0.006978718415568342,4.383225965141342,2.0936155246705024,False,True,True,True
9,combined_variation,candidate_80,80,78,30081008,0.0033333333333333335,0.0032181596102359394,0.9320896149258538,0.9654478830707818,True,True,True,True
9,combined_variation,candidate_80,80,79,30081009,0.0033333333333333335,0.008564607791475262,6.601725595961888,2.5693823374425784,False,False,True,True
9,combined_variation,candidate_80,80,80,30081010,0.0033333333333333335,0.00694213377787089,4.3373899250870345,2.082640133361267,False,True,True,True
9,combined_variation,candidate_80,80,81,30081011,0.0033333333333333335,0.003008384109162004,0.8145337453432616,0.9025152327486011,True,True,True,True
9,combined_variation,candidate_80,80,82,30081012,0.0033333333333333335,0.0033932097675332044,1.0362485273834465,1.0179629302599613,True,True,True,True
9,combined_variation,candidate_80,80,83,30081013,0.0033333333333333335,0.006033741896138249,3.276543714229259,1.8101225688414746,False,True,True,True
9,combined_variation,candidate_80,80,84,30081014,0.0033333333333333335,0.00783847402863409,5.5297507587814,2.3515422085902267,False,True,True,True
9,combined_variation,candidate_80,80,85,30081015,0.0033333333333333335,0.004986492830654663,2.2378599675153312,1.4959478491963987,True,True,True,True
9,combined_variation,candidate_80,80,86,30081016,0.0033333333333333335,0.009055812197490931,7.380696110060296,2.716743659247279,False,False,True,True
9,combined_variation,candidate_80,80,87,30081017,0.0033333333333333335,0.0019000319654163351,0.3249109322643475,0.5700095896249006,True,True,True,True
9,combined_variation,candidate_80,80,88,30081018,0.0033333333333333335,0.003991827867144528,1.4341220748820465,1.1975483601433583,True,True,True,True
9,combined_variation,candidate_80,80,89,30081019,0.0033333333333333335,0.006393394115416927,3.6787939483543006,1.918018234625078,False,True,True,True
9,combined_variation,candidate_80,80,90,30081020,0.0033333333333333335,0.0054934962882208765,2.7160651321826887,1.6480488864662628,False,True,True,True
9,combined_variation,candidate_80,80,91,30081021,0.0033333333333333335,0.004783173654488414,2.059087518809284,1.434952096346524,True,True,True,True
9,combined_variation,candidate_80,80,92,30081022,0.0033333333333333335,0.004626070538592834,1.926047576523293,1.3878211615778502,True,True,True,True
9,combined_variation,candidate_80,80,93,30081023,0.0033333333333333335,0.00488274575400668,2.1457085488443233,1.4648237262020039,True,True,True,True
9,combined_variation,candidate_80,80,94,30081024,0.0033333333333333335,0.005006953337283985,2.256262354956531,1.5020860011851955,True,True,True,True
9,combined_variation,candidate_80,80,95,30081025,0.0033333333333333335,0.003452109951557225,1.0725356805876383,1.0356329854671675,True,True,True,True
9,combined_variation,candidate_80,80,96,30081026,0.0033333333333333335,0.004266169303658262,1.6380180474728416,1.2798507910974786,True,True,True,True
9,combined_variation,candidate_80,80,97,30081027,0.0033333333333333335,0.006474685080677703,3.7729392204555383,1.942405524203311,False,True,True,True
9,combined_variation,candidate_80,80,98,30081028,0.0033333333333333335,0.008508122143861556,6.514932817338061,2.5524366431584666,False,False,True,True
9,combined_variation,candidate_80,80,99,30081029,0.0033333333333333335,0.003303193746204339,0.9819980032467107,0.9909581238613017,True,True,True,True
9,combined_variation,candidate_107,107,0,30350930,0.0033333333333333335,0.004178007695718612,1.571017347493555,1.2534023087155837,True,True,True,True
9,combined_variation,candidate_107,107,1,30350931,0.0033333333333333335,0.004119202043929499,1.5271042930841663,1.2357606131788494,True,True,True,True
9,combined_variation,candidate_107,107,2,30350932,0.0033333333333333335,0.0037421197387391557,1.2603114125155084,1.1226359216217467,True,True,True,True
9,combined_variation,candidate_107,107,3,30350933,0.0033333333333333335,0.005711524242913326,2.935935825964797,1.7134572728739976,False,True,True,True
9,combined_variation,candidate_107,107,4,30350934,0.0033333333333333335,0.009824142000551775,8.686238944230487,2.947242600165532,False,False,False,True
9,combined_variation,candidate_107,107,5,30350935,0.0033333333333333335,0.006402336915242124,3.6890926178644827,1.9207010745726372,False,True,True,True
9,combined_variation,candidate_107,107,6,30350936,0.0033333333333333335,0.0068460466432452285,4.2181519177340325,2.0538139929735686,False,True,True,True
9,combined_variation,candidate_107,107,7,30350937,0.0033333333333333335,0.006974902787411852,4.3784342004461045,2.0924708362235553,False,True,True,True
9,combined_variation,candidate_107,107,8,30350938,0.0033333333333333335,0.006128376147972201,3.3801294789931124,1.83851284439166,False,True,True,True
9,combined_variation,candidate_107,107,9,30350939,0.0033333333333333335,0.00682448052861487,4.191618103689914,2.047344158584461,False,True,True,True
9,combined_variation,candidate_107,107,10,30350940,0.0033333333333333335,0.002742486737564056,0.6769110155143264,0.8227460212692167,True,True,True,True
9,combined_variation,candidate_107,107,11,30350941,0.0033333333333333335,0.00676823636782148,4.122812117763116,2.030470910346444,False,True,True,True
9,combined_variation,candidate_107,107,12,30350942,0.0033333333333333335,0.004512846448427915,1.8329204760379594,1.3538539345283742,True,True,True,True
9,combined_variation,candidate_107,107,13,30350943,0.0033333333333333335,0.002180306903597799,0.42783643744885985,0.6540920710793396,True,True,True,True
9,combined_variation,candidate_107,107,14,30350944,0.0033333333333333335,0.006882056997820427,4.262643766912419,2.064617099346128,False,True,True,True
9,combined_variation,candidate_107,107,15,30350945,0.0033333333333333335,0.0023592428189443365,0.5009424010866377,0.7077728456833009,True,True,True,True
9,combined_variation,candidate_107,107,16,30350946,0.0033333333333333335,0.009077391016179779,7.415912489455921,2.723217304853933,False,False,True,True
9,combined_variation,candidate_107,107,17,30350947,0.0033333333333333335,0.00625621137241297,3.5226162662678426,1.8768634117238907,False,True,True,True
9,combined_variation,candidate_107,107,18,30350948,0.0033333333333333335,0.008083895536997556,5.88144303477801,2.4251686610992667,False,True,True,True
9,combined_variation,candidate_107,107,19,30350949,0.0033333333333333335,0.0029601355614435982,0.7886162287910705,0.8880406684330794,True,True,True,True
9,combined_variation,candidate_107,107,20,30350950,0.0033333333333333335,0.00652776047782094,3.835049117022095,1.9583281433462818,False,True,True,True
9,combined_variation,candidate_107,107,21,30350951,0.0033333333333333335,0.004147041888767953,1.5478160784476462,1.2441125666303858,True,True,True,True
9,combined_variation,candidate_107,107,22,30350952,0.0033333333333333335,0.0027357980847482755,0.6736132044461098,0.8207394254244826,True,True,True,True
9,combined_variation,candidate_107,107,23,30350953,0.0033333333333333335,0.008595555195612085,6.64952122087325,2.5786665586836253,False,False,True,True
9,combined_variation,candidate_107,107,24,30350954,0.0033333333333333335,0.006826280595884633,4.193829609637595,2.04788417876539,False,True,True,True
9,combined_variation,candidate_107,107,25,30350955,0.0033333333333333335,0.0020900133600189603,0.39313402605519693,0.627004008005688,True,True,True,True
9,combined_variation,candidate_107,107,26,30350956,0.0033333333333333335,0.00349022336397713,1.0963493217406648,1.0470670091931389,True,True,True,True
9,combined_variation,candidate_107,107,27,30350957,0.0033333333333333335,0.005004426234047974,2.2539853738824824,1.5013278702143922,True,True,True,True
9,combined_variation,candidate_107,107,28,30350958,0.0033333333333333335,0.004371972676718357,1.720273057737468,1.311591803015507,True,True,True,True
9,combined_variation,candidate_107,107,29,30350959,0.0033333333333333335,0.0023712234809326292,0.5060430716873628,0.7113670442797887,True,True,True,True
9,combined_variation,candidate_107,107,30,30350960,0.0033333333333333335,0.002542873532239743,0.5819585220868883,0.7628620596719228,True,True,True,True
9,combined_variation,candidate_107,107,31,30350961,0.0033333333333333335,0.005123636226585711,2.362648336414331,1.5370908679757131,True,True,True,True
9,combined_variation,candidate_107,107,32,30350962,0.0033333333333333335,0.0013359081578361684,0.1606185545555902,0.4007724473508505,True,True,True,True
9,combined_variation,candidate_107,107,33,30350963,0.0033333333333333335,0.003607261640490497,1.171110288865877,1.0821784921471491,True,True,True,True
9,combined_variation,candidate_107,107,34,30350964,0.0033333333333333335,0.006754709542271344,4.106349090040639,2.0264128626814033,False,True,True,True
9,combined_variation,candidate_107,107,35,30350965,0.0033333333333333335,0.005747857692238376,2.973408124520148,1.7243573076715129,False,True,True,True
9,combined_variation,candidate_107,107,36,30350966,0.0033333333333333335,0.008968363289265951,7.238838607942787,2.6905089867797853,False,False,True,True
9,combined_variation,candidate_107,107,37,30350967,0.0033333333333333335,0.007846591031812747,5.541209173847179,2.353977309543824,False,True,True,True
9,combined_variation,candidate_107,107,38,30350968,0.0033333333333333335,0.0023842464022930153,0.5116167816162467,0.7152739206879045,True,True,True,True
9,combined_variation,candidate_107,107,39,30350969,0.0033333333333333335,0.011759425342888768,12.445567595547713,3.52782760286663,False,False,False,False
9,combined_variation,candidate_107,107,40,30350970,0.0033333333333333335,0.002784561936424482,0.6978406660005653,0.8353685809273445,True,True,True,True
9,combined_variation,candidate_107,107,41,30350971,0.0033333333333333335,0.0069804079177528955,4.385348522840458,2.0941223753258686,False,True,True,True
9,combined_variation,candidate_107,107,42,30350972,0.0033333333333333335,0.010030624898004506,9.055209226002109,3.0091874694013514,False,False,False,True
9,combined_variation,candidate_107,107,43,30350973,0.0033333333333333335,0.003679729470019236,1.218636807527524,1.1039188410057708,True,True,True,True
9,combined_variation,candidate_107,107,44,30350974,0.0033333333333333335,0.0026718377816882504,0.642484541849111,0.8015513345064751,True,True,True,True
9,combined_variation,candidate_107,107,45,30350975,0.0033333333333333335,0.007899693587392797,5.616464289722537,2.369908076217839,False,True,True,True
9,combined_variation,candidate_107,107,46,30350976,0.0033333333333333335,0.0042486446634520236,1.6245883328651418,1.274593399035607,True,True,True,True
9,combined_variation,candidate_107,107,47,30350977,0.0033333333333333335,0.007056012517211779,4.480858137874437,2.1168037551635335,False,True,True,True
9,combined_variation,candidate_107,107,48,30350978,0.0033333333333333335,0.010554382696384344,10.025549469156351,3.166314808915303,False,False,False,True
9,combined_variation,candidate_107,107,49,30350979,0.0033333333333333335,0.005224528232020512,2.4566125722461436,1.5673584696061535,False,True,True,True
9,combined_variation,candidate_107,107,50,30350980,0.0033333333333333335,0.0052458046339384275,2.4766619631704887,1.5737413901815283,False,True,True,True
9,combined_variation,candidate_107,107,51,30350981,0.0033333333333333335,0.004316659544563562,1.677019466130453,1.2949978633690686,True,True,True,True
9,combined_variation,candidate_107,107,52,30350982,0.0033333333333333335,0.007987642533223692,5.742218991470777,2.3962927599671073,False,True,True,True
9,combined_variation,candidate_107,107,53,30350983,0.0033333333333333335,0.00515133823231017,2.388265702529442,1.545401469693051,False,True,True,True
9,combined_variation,candidate_107,107,54,30350984,0.0033333333333333335,0.00461096643489648,1.9134910317367755,1.3832899304689439,True,True,True,True
9,combined_variation,candidate_107,107,55,30350985,0.0033333333333333335,0.006406486400461054,3.6938761199363186,1.9219459201383162,False,True,True,True
9,combined_variation,candidate_107,107,56,30350986,0.0033333333333333335,0.0047388621346539875,2.0211132898131607,1.4216586403961962,True,True,True,True
9,combined_variation,candidate_107,107,57,30350987,0.0033333333333333335,0.004614667649611461,1.9165641764733508,1.3844002948834382,True,True,True,True
9,combined_variation,candidate_107,107,58,30350988,0.0033333333333333335,0.0036580721486056196,1.2043342659963718,1.0974216445816858,True,True,True,True
9,combined_variation,candidate_107,107,59,30350989,0.0033333333333333335,0.00913057657703403,7.503068576617419,2.739172973110209,False,False,True,True
9,combined_variation,candidate_107,107,60,30350990,0.0033333333333333335,0.003023051988747635,0.8224958994003927,0.9069155966242904,True,True,True,True
9,combined_variation,candidate_107,107,61,30350991,0.0033333333333333335,0.008984619642713217,7.265105111180534,2.695385892813965,False,False,True,True
9,combined_variation,candidate_107,107,62,30350992,0.0033333333333333335,0.004174246948593643,1.5681903829059005,1.2522740845780929,True,True,True,True
9,combined_variation,candidate_107,107,63,30350993,0.0033333333333333335,0.009631430373688235,8.348800593888384,2.88942911210647,False,False,False,True
9,combined_variation,candidate_107,107,64,30350994,0.0033333333333333335,0.005315264047119833,2.5426828701544233,1.5945792141359498,False,True,True,True
9,combined_variation,candidate_107,107,65,30350995,0.0033333333333333335,0.0028490077483429794,0.7305160635106498,0.8547023245028937,True,True,True,True
9,combined_variation,candidate_107,107,66,30350996,0.0033333333333333335,0.0027920825685467023,0.7016152562624115,0.8376247705640106,True,True,True,True
9,combined_variation,candidate_107,107,67,30350997,0.0033333333333333335,0.006559817802643505,3.8728088643490794,1.9679453407930514,False,True,True,True
9,combined_variation,candidate_107,107,68,30350998,0.0033333333333333335,0.002981349928691981,0.799960265758051,0.8944049786075942,True,True,True,True
9,combined_variation,candidate_107,107,69,30350999,0.0033333333333333335,0.0028075025441905124,0.7093863482072579,0.8422507632571536,True,True,True,True
9,combined_variation,candidate_107,107,70,30351000,0.0033333333333333335,0.0016325567633924448,0.2398717427128573,0.4897670290177334,True,True,True,True
9,combined_variation,candidate_107,107,71,30351001,0.0033333333333333335,0.0065152953042312625,3.820416561120414,1.9545885912693786,False,True,True,True
9,combined_variation,candidate_107,107,72,30351002,0.0033333333333333335,0.011442734036428042,11.78425460055859,3.4328202109284125,False,False,False,False
9,combined_variation,candidate_107,107,73,30351003,0.0033333333333333335,0.006548565770636806,3.8595342287120418,1.9645697311910417,False,True,True,True
9,combined_variation,candidate_107,107,74,30351004,0.0033333333333333335,0.007613033559749973,5.2162451983691405,2.2839100679249915,False,True,True,True
9,combined_variation,candidate_107,107,75,30351005,0.0033333333333333335,0.0033521523983492587,1.0113233131582815,1.0056457195047774,True,True,True,True
9,combined_variation,candidate_107,107,76,30351006,0.0033333333333333335,0.009100683813734443,7.454020128981125,2.7302051441203328,False,False,True,True
9,combined_variation,candidate_107,107,77,30351007,0.0033333333333333335,0.00865630822841627,6.743850493081249,2.5968924685248806,False,False,True,True
9,combined_variation,candidate_107,107,78,30351008,0.0033333333333333335,0.002720939516764936,0.6663160668503701,0.8162818550294807,True,True,True,True
9,combined_variation,candidate_107,107,79,30351009,0.0033333333333333335,0.007630000213143763,5.239521292731647,2.2890000639431287,False,True,True,True
9,combined_variation,candidate_107,107,80,30351010,0.0033333333333333335,0.005870061079271348,3.101185536693867,1.7610183237814043,False,True,True,True
9,combined_variation,candidate_107,107,81,30351011,0.0033333333333333335,0.0016689508789153986,0.25068573326092325,0.5006852636746195,True,True,True,True
9,combined_variation,candidate_107,107,82,30351012,0.0033333333333333335,0.008149437690891805,5.977200120995514,2.4448313072675414,False,True,True,True
9,combined_variation,candidate_107,107,83,30351013,0.0033333333333333335,0.004625476040708359,1.9255525742850368,1.3876428122125077,True,True,True,True
9,combined_variation,candidate_107,107,84,30351014,0.0033333333333333335,0.0029879310683674875,0.8034958862384106,0.8963793205102462,True,True,True,True
9,combined_variation,candidate_107,107,85,30351015,0.0033333333333333335,0.0017712021800125035,0.282344144623294,0.531360654003751,True,True,True,True
9,combined_variation,candidate_107,107,86,30351016,0.0033333333333333335,0.006821036490830457,4.18738849283166,2.046310947249137,False,True,True,True
9,combined_variation,candidate_107,107,87,30351017,0.0033333333333333335,0.0031484582783658636,0.8921510577549483,0.944537483509759,True,True,True,True
9,combined_variation,candidate_107,107,88,30351018,0.0033333333333333335,0.0038045978574517414,1.3027468371233741,1.1413793572355224,True,True,True,True
9,combined_variation,candidate_107,107,89,30351019,0.0033333333333333335,0.006777762527703693,4.134425839374991,2.0333287583111077,False,True,True,True
9,combined_variation,candidate_107,107,90,30351020,0.0033333333333333335,0.006595880081264363,3.9155070641777967,1.9787640243793085,False,True,True,True
9,combined_variation,candidate_107,107,91,30351021,0.0033333333333333335,0.004777726132727527,2.0544000299412777,1.433317839818258,True,True,True,True
9,combined_variation,candidate_107,107,92,30351022,0.0033333333333333335,0.0064412321692977025,3.7340524672916016,1.9323696507893107,False,True,True,True
9,combined_variation,candidate_107,107,93,30351023,0.0033333333333333335,0.004348567175137101,1.7019032829011878,1.3045701525411302,True,True,True,True
9,combined_variation,candidate_107,107,94,30351024,0.0033333333333333335,0.0054880591415116505,2.710691382665663,1.6464177424534951,False,True,True,True
9,combined_variation,candidate_107,107,95,30351025,0.0033333333333333335,0.01226873318022043,13.546963246269751,3.6806199540661284,False,False,False,False
9,combined_variation,candidate_107,107,96,30351026,0.0033333333333333335,0.0024994535400940858,0.5622541199179971,0.7498360620282257,True,True,True,True
9,combined_variation,candidate_107,107,97,30351027,0.0033333333333333335,0.004031709650624831,1.462921443624726,1.2095128951874494,True,True,True,True
9,combined_variation,candidate_107,107,98,30351028,0.0033333333333333335,0.010825358536048713,10.546954869060244,3.2476075608146138,False,False,False,True
9,combined_variation,candidate_107,107,99,30351029,0.0033333333333333335,0.008157436553253242,5.988939400831692,2.4472309659759723,False,True,True,True
